device,l_um,metric,supply_class,rds_target_ohm,target_meaning,w_required_mm_worst_case,worst_corner,worst_temp_c,worst_vin_v,w_required_mm_best_case,best_corner,best_temp_c,best_vin_v,n_cases_solved,n_cases_below_swept_widths,n_cases_above_swept_widths,worst_case_bounded
pfet_03v3,0.28u,drop_at_100mA,dropout_testpoint,3.0,300 mV @ 100 mA,3.57882,ss,125,2.10,1.82726,ff,-40,2.10,15,0,0,yes
pfet_03v3,0.28u,drop_at_100mA,dropout_testpoint,4.0,200 mV @ 50 mA,2.87464,ss,125,2.10,1.47454,ff,-40,2.10,13,2,0,yes
pfet_03v3,0.28u,drop_at_100mA,dropout_testpoint,6.0,300 mV @ 50 mA,2.1109,ss,125,2.10,1.08987,ff,-40,2.10,8,7,0,yes
pfet_03v3,0.28u,drop_at_100mA,lv,3.0,300 mV @ 100 mA,2.39643,ss,125,2.97,1.15643,ff,-40,3.63,45,0,0,yes
pfet_03v3,0.28u,drop_at_100mA,lv,4.0,200 mV @ 50 mA,1.8634,ss,125,2.97,1.0203,ff,-40,2.97,40,5,0,yes
pfet_03v3,0.28u,drop_at_100mA,lv,6.0,300 mV @ 50 mA,1.35328,ss,125,2.97,1.00374,ss,27,3.30,13,32,0,yes
pfet_03v3,0.28u,drop_at_50mA,dropout_testpoint,3.0,300 mV @ 100 mA,3.28389,ss,125,2.10,1.67389,ff,-40,2.10,15,0,0,yes
pfet_03v3,0.28u,drop_at_50mA,dropout_testpoint,4.0,200 mV @ 50 mA,2.53011,ss,125,2.10,1.29182,ff,-40,2.10,15,0,0,yes
pfet_03v3,0.28u,drop_at_50mA,dropout_testpoint,6.0,300 mV @ 50 mA,1.78941,ss,125,2.10,1.05789,ff,27,2.10,13,2,0,yes
pfet_03v3,0.28u,drop_at_50mA,lv,3.0,300 mV @ 100 mA,2.27044,ss,125,2.97,1.10604,ff,-40,3.63,45,0,0,yes
pfet_03v3,0.28u,drop_at_50mA,lv,4.0,200 mV @ 50 mA,1.73519,ss,125,2.97,1.00259,fs,-40,3.63,36,9,0,yes
pfet_03v3,0.28u,drop_at_50mA,lv,6.0,300 mV @ 50 mA,1.19821,ss,125,2.97,1.00172,ss,125,3.63,6,39,0,yes
pfet_03v3,0.28u,rlin_at_50mV,dropout_testpoint,3.0,300 mV @ 100 mA,3.10588,ss,125,2.10,1.57993,ff,-40,2.10,15,0,0,yes
pfet_03v3,0.28u,rlin_at_50mV,dropout_testpoint,4.0,200 mV @ 50 mA,2.32941,ss,125,2.10,1.18495,ff,-40,2.10,15,0,0,yes
pfet_03v3,0.28u,rlin_at_50mV,dropout_testpoint,6.0,300 mV @ 50 mA,1.55294,ss,125,2.10,1.05206,fs,-40,2.10,10,5,0,yes
pfet_03v3,0.28u,rlin_at_50mV,lv,3.0,300 mV @ 100 mA,2.19299,ss,125,2.97,1.07443,ff,-40,3.63,45,0,0,yes
pfet_03v3,0.28u,rlin_at_50mV,lv,4.0,200 mV @ 50 mA,1.64475,ss,125,2.97,1.01553,typical,-40,2.97,32,13,0,yes
pfet_03v3,0.28u,rlin_at_50mV,lv,6.0,300 mV @ 50 mA,1.0965,ss,125,2.97,1.00624,ss,125,3.30,3,42,0,yes
pfet_03v3,0.50u,drop_at_100mA,dropout_testpoint,3.0,300 mV @ 100 mA,6.52407,ss,125,2.10,3.1926,ff,-40,2.10,15,0,0,yes
pfet_03v3,0.50u,drop_at_100mA,dropout_testpoint,4.0,200 mV @ 50 mA,5.20975,ss,125,2.10,2.5427,ff,-40,2.10,13,2,0,yes
pfet_03v3,0.50u,drop_at_100mA,dropout_testpoint,6.0,300 mV @ 50 mA,3.18024,typical,27,2.10,2.26446,ff,27,2.10,6,9,0,yes
pfet_03v3,0.50u,drop_at_100mA,lv,3.0,300 mV @ 100 mA,4.09508,ss,125,2.97,1.86445,ff,-40,3.63,45,0,0,yes
pfet_03v3,0.50u,drop_at_100mA,lv,4.0,200 mV @ 50 mA,3.21513,ss,125,2.97,1.44445,ff,-40,3.63,45,0,0,yes
pfet_03v3,0.50u,drop_at_100mA,lv,6.0,300 mV @ 50 mA,2.29411,ss,125,2.97,1.00802,ff,-40,3.63,43,2,0,yes
pfet_03v3,0.50u,drop_at_50mA,dropout_testpoint,3.0,300 mV @ 100 mA,5.9387,ss,125,2.10,2.90676,ff,-40,2.10,15,0,0,yes
pfet_03v3,0.50u,drop_at_50mA,dropout_testpoint,4.0,200 mV @ 50 mA,4.56551,ss,125,2.10,2.2334,ff,-40,2.10,15,0,0,yes
pfet_03v3,0.50u,drop_at_50mA,dropout_testpoint,6.0,300 mV @ 50 mA,3.26203,ss,125,2.10,1.5963,ff,-40,2.10,15,0,0,yes
pfet_03v3,0.50u,drop_at_50mA,lv,3.0,300 mV @ 100 mA,3.89878,ss,125,2.97,1.79087,ff,-40,3.63,45,0,0,yes
pfet_03v3,0.50u,drop_at_50mA,lv,4.0,200 mV @ 50 mA,2.98431,ss,125,2.97,1.36302,ff,-40,3.63,45,0,0,yes
pfet_03v3,0.50u,drop_at_50mA,lv,6.0,300 mV @ 50 mA,2.04754,ss,125,2.97,1.02174,typical,-40,3.63,42,3,0,yes
pfet_03v3,0.50u,rlin_at_50mV,dropout_testpoint,3.0,300 mV @ 100 mA,5.60504,ss,125,2.10,2.74291,ff,-40,2.10,15,0,0,yes
pfet_03v3,0.50u,rlin_at_50mV,dropout_testpoint,4.0,200 mV @ 50 mA,4.20378,ss,125,2.10,2.05718,ff,-40,2.10,15,0,0,yes
pfet_03v3,0.50u,rlin_at_50mV,dropout_testpoint,6.0,300 mV @ 50 mA,2.80252,ss,125,2.10,1.37145,ff,-40,2.10,15,0,0,yes
pfet_03v3,0.50u,rlin_at_50mV,lv,3.0,300 mV @ 100 mA,3.77429,ss,125,2.97,1.74267,ff,-40,3.63,45,0,0,yes
pfet_03v3,0.50u,rlin_at_50mV,lv,4.0,200 mV @ 50 mA,2.83072,ss,125,2.97,1.307,ff,-40,3.63,45,0,0,yes
pfet_03v3,0.50u,rlin_at_50mV,lv,6.0,300 mV @ 50 mA,1.88715,ss,125,2.97,1.0179,fs,-40,3.63,39,6,0,yes
pfet_03v3,1.00u,drop_at_100mA,dropout_testpoint,3.0,300 mV @ 100 mA,13.2929,ss,125,2.10,6.31841,ff,-40,2.10,15,0,0,yes
pfet_03v3,1.00u,drop_at_100mA,dropout_testpoint,4.0,200 mV @ 50 mA,10.6901,ss,125,2.10,5.03544,ff,-40,2.10,11,4,0,yes
pfet_03v3,1.00u,drop_at_100mA,dropout_testpoint,6.0,300 mV @ 50 mA,6.05441,ff,125,2.10,4.61741,ff,27,2.10,4,11,0,yes
pfet_03v3,1.00u,drop_at_100mA,lv,3.0,300 mV @ 100 mA,8.03704,ss,125,2.97,3.51629,ff,-40,3.63,45,0,0,yes
pfet_03v3,1.00u,drop_at_100mA,lv,4.0,200 mV @ 50 mA,6.31748,ss,125,2.97,2.71283,ff,-40,3.63,45,0,0,yes
pfet_03v3,1.00u,drop_at_100mA,lv,6.0,300 mV @ 50 mA,4.50275,ss,125,2.97,1.9033,ff,-40,3.63,43,2,0,yes
pfet_03v3,1.00u,drop_at_50mA,dropout_testpoint,3.0,300 mV @ 100 mA,12.0251,ss,125,2.10,5.74051,ff,-40,2.10,15,0,0,yes
pfet_03v3,1.00u,drop_at_50mA,dropout_testpoint,4.0,200 mV @ 50 mA,9.2585,ss,125,2.10,4.40971,ff,-40,2.10,15,0,0,yes
pfet_03v3,1.00u,drop_at_50mA,dropout_testpoint,6.0,300 mV @ 50 mA,6.64646,ss,125,2.10,3.1592,ff,-40,2.10,15,0,0,yes
pfet_03v3,1.00u,drop_at_50mA,lv,3.0,300 mV @ 100 mA,7.66188,ss,125,2.97,3.38318,ff,-40,3.63,45,0,0,yes
pfet_03v3,1.00u,drop_at_50mA,lv,4.0,200 mV @ 50 mA,5.86156,ss,125,2.97,2.57016,ff,-40,3.63,45,0,0,yes
pfet_03v3,1.00u,drop_at_50mA,lv,6.0,300 mV @ 50 mA,4.01852,ss,125,2.97,1.75815,ff,-40,3.63,45,0,0,yes
pfet_03v3,1.00u,rlin_at_50mV,dropout_testpoint,3.0,300 mV @ 100 mA,11.322,ss,125,2.10,5.41664,ff,-40,2.10,15,0,0,yes
pfet_03v3,1.00u,rlin_at_50mV,dropout_testpoint,4.0,200 mV @ 50 mA,8.4915,ss,125,2.10,4.06248,ff,-40,2.10,15,0,0,yes
pfet_03v3,1.00u,rlin_at_50mV,dropout_testpoint,6.0,300 mV @ 50 mA,5.661,ss,125,2.10,2.70832,ff,-40,2.10,15,0,0,yes
pfet_03v3,1.00u,rlin_at_50mV,lv,3.0,300 mV @ 100 mA,7.41733,ss,125,2.97,3.29704,ff,-40,3.63,45,0,0,yes
pfet_03v3,1.00u,rlin_at_50mV,lv,4.0,200 mV @ 50 mA,5.563,ss,125,2.97,2.47278,ff,-40,3.63,45,0,0,yes
pfet_03v3,1.00u,rlin_at_50mV,lv,6.0,300 mV @ 50 mA,3.70867,ss,125,2.97,1.64852,ff,-40,3.63,45,0,0,yes
pfet_05v0,0.50u,drop_at_100mA,dropout_testpoint,3.0,300 mV @ 100 mA,10.1675,ss,125,2.10,3.61833,ff,-40,2.10,15,0,0,yes
pfet_05v0,0.50u,drop_at_100mA,dropout_testpoint,4.0,200 mV @ 50 mA,7.49959,fs,125,2.10,2.99137,ff,-40,2.10,11,4,0,yes
pfet_05v0,0.50u,drop_at_100mA,dropout_testpoint,6.0,300 mV @ 50 mA,6.28637,fs,125,2.10,2.28769,ff,-40,2.10,7,8,0,yes
pfet_05v0,0.50u,drop_at_100mA,lv,3.0,300 mV @ 100 mA,6.19798,ss,125,2.97,1.93425,ff,-40,3.63,45,0,0,yes
pfet_05v0,0.50u,drop_at_100mA,lv,4.0,200 mV @ 50 mA,4.81353,ss,125,2.97,1.51997,ff,-40,3.63,45,0,0,yes
pfet_05v0,0.50u,drop_at_100mA,lv,6.0,300 mV @ 50 mA,3.57013,ss,125,2.97,1.08218,ff,-40,3.63,43,2,0,yes
pfet_05v0,0.50u,drop_at_100mA,mv,3.0,300 mV @ 100 mA,3.95267,ss,125,4.50,1.45069,ff,-40,5.50,45,0,0,yes
pfet_05v0,0.50u,drop_at_100mA,mv,4.0,200 mV @ 50 mA,3.04866,ss,125,4.50,1.11176,ff,-40,5.50,45,0,0,yes
pfet_05v0,0.50u,drop_at_100mA,mv,6.0,300 mV @ 50 mA,2.11422,ss,125,4.50,1.00842,fs,-40,5.50,36,9,0,yes
pfet_05v0,0.50u,drop_at_50mA,dropout_testpoint,3.0,300 mV @ 100 mA,9.24479,ss,125,2.10,3.22384,ff,-40,2.10,15,0,0,yes
pfet_05v0,0.50u,drop_at_50mA,dropout_testpoint,4.0,200 mV @ 50 mA,7.15363,ss,125,2.10,2.50165,ff,-40,2.10,15,0,0,yes
pfet_05v0,0.50u,drop_at_50mA,dropout_testpoint,6.0,300 mV @ 50 mA,5.08377,ss,125,2.10,1.80917,ff,-40,2.10,15,0,0,yes
pfet_05v0,0.50u,drop_at_50mA,lv,3.0,300 mV @ 100 mA,5.85536,ss,125,2.97,1.83392,ff,-40,3.63,45,0,0,yes
pfet_05v0,0.50u,drop_at_50mA,lv,4.0,200 mV @ 50 mA,4.45994,ss,125,2.97,1.40408,ff,-40,3.63,45,0,0,yes
pfet_05v0,0.50u,drop_at_50mA,lv,6.0,300 mV @ 50 mA,3.09899,ss,125,2.97,1.02407,sf,-40,3.63,44,1,0,yes
pfet_05v0,0.50u,drop_at_50mA,mv,3.0,300 mV @ 100 mA,3.82995,ss,125,4.50,1.39599,ff,-40,5.50,45,0,0,yes
pfet_05v0,0.50u,drop_at_50mA,mv,4.0,200 mV @ 50 mA,2.90947,ss,125,4.50,1.05783,ff,-40,5.50,45,0,0,yes
pfet_05v0,0.50u,drop_at_50mA,mv,6.0,300 mV @ 50 mA,1.97633,ss,125,4.50,1.00369,ss,-40,5.50,32,13,0,yes
pfet_05v0,0.50u,rlin_at_50mV,dropout_testpoint,3.0,300 mV @ 100 mA,8.73565,ss,125,2.10,2.99901,ff,-40,2.10,15,0,0,yes
pfet_05v0,0.50u,rlin_at_50mV,dropout_testpoint,4.0,200 mV @ 50 mA,6.55174,ss,125,2.10,2.24926,ff,-40,2.10,15,0,0,yes
pfet_05v0,0.50u,rlin_at_50mV,dropout_testpoint,6.0,300 mV @ 50 mA,4.36782,ss,125,2.10,1.49951,ff,-40,2.10,15,0,0,yes
pfet_05v0,0.50u,rlin_at_50mV,lv,3.0,300 mV @ 100 mA,5.64341,ss,125,2.97,1.76739,ff,-40,3.63,45,0,0,yes
pfet_05v0,0.50u,rlin_at_50mV,lv,4.0,200 mV @ 50 mA,4.23256,ss,125,2.97,1.32554,ff,-40,3.63,45,0,0,yes
pfet_05v0,0.50u,rlin_at_50mV,lv,6.0,300 mV @ 50 mA,2.82171,ss,125,2.97,1.01186,sf,-40,3.30,42,3,0,yes
pfet_05v0,0.50u,rlin_at_50mV,mv,3.0,300 mV @ 100 mA,3.74871,ss,125,4.50,1.36023,ff,-40,5.50,45,0,0,yes
pfet_05v0,0.50u,rlin_at_50mV,mv,4.0,200 mV @ 50 mA,2.81153,ss,125,4.50,1.02017,ff,-40,5.50,45,0,0,yes
pfet_05v0,0.50u,rlin_at_50mV,mv,6.0,300 mV @ 50 mA,1.87436,ss,125,4.50,1.00997,ss,-40,5.00,28,17,0,yes
pfet_05v0,0.60u,drop_at_100mA,dropout_testpoint,3.0,300 mV @ 100 mA,12.3889,ss,125,2.10,4.48546,ff,-40,2.10,14,1,0,yes
pfet_05v0,0.60u,drop_at_100mA,dropout_testpoint,4.0,200 mV @ 50 mA,9.88597,ss,125,2.10,4.50771,ff,27,2.10,10,5,0,yes
pfet_05v0,0.60u,drop_at_100mA,dropout_testpoint,6.0,300 mV @ 50 mA,6.24951,typical,125,2.10,4.19178,ff,125,2.10,5,10,0,yes
pfet_05v0,0.60u,drop_at_100mA,lv,3.0,300 mV @ 100 mA,7.38463,ss,125,2.97,2.36996,ff,-40,3.63,45,0,0,yes
pfet_05v0,0.60u,drop_at_100mA,lv,4.0,200 mV @ 50 mA,5.79112,ss,125,2.97,1.84403,ff,-40,3.63,45,0,0,yes
pfet_05v0,0.60u,drop_at_100mA,lv,6.0,300 mV @ 50 mA,4.11126,ss,125,2.97,1.33557,ff,-40,3.63,40,5,0,yes
pfet_05v0,0.60u,drop_at_100mA,mv,3.0,300 mV @ 100 mA,4.6969,ss,125,4.50,1.74709,ff,-40,5.50,45,0,0,yes
pfet_05v0,0.60u,drop_at_100mA,mv,4.0,200 mV @ 50 mA,3.60474,ss,125,4.50,1.34353,ff,-40,5.50,45,0,0,yes
pfet_05v0,0.60u,drop_at_100mA,mv,6.0,300 mV @ 50 mA,2.52185,ss,125,4.50,1.04485,sf,-40,5.00,42,3,0,yes
pfet_05v0,0.60u,drop_at_50mA,dropout_testpoint,3.0,300 mV @ 100 mA,11.1957,ss,125,2.10,4.02692,ff,-40,2.10,15,0,0,yes
pfet_05v0,0.60u,drop_at_50mA,dropout_testpoint,4.0,200 mV @ 50 mA,8.60332,ss,125,2.10,3.15726,ff,-40,2.10,15,0,0,yes
pfet_05v0,0.60u,drop_at_50mA,dropout_testpoint,6.0,300 mV @ 50 mA,6.19447,ss,125,2.10,2.24273,ff,-40,2.10,14,1,0,yes
pfet_05v0,0.60u,drop_at_50mA,lv,3.0,300 mV @ 100 mA,6.9954,ss,125,2.97,2.24563,ff,-40,3.63,45,0,0,yes
pfet_05v0,0.60u,drop_at_50mA,lv,4.0,200 mV @ 50 mA,5.34703,ss,125,2.97,1.71679,ff,-40,3.63,45,0,0,yes
pfet_05v0,0.60u,drop_at_50mA,lv,6.0,300 mV @ 50 mA,3.69232,ss,125,2.97,1.18498,ff,-40,3.63,45,0,0,yes
pfet_05v0,0.60u,drop_at_50mA,mv,3.0,300 mV @ 100 mA,4.54393,ss,125,4.50,1.68665,ff,-40,5.50,45,0,0,yes
pfet_05v0,0.60u,drop_at_50mA,mv,4.0,200 mV @ 50 mA,3.44777,ss,125,4.50,1.27998,ff,-40,5.50,45,0,0,yes
pfet_05v0,0.60u,drop_at_50mA,mv,6.0,300 mV @ 50 mA,2.34845,ss,125,4.50,1.04418,sf,-40,4.50,39,6,0,yes
pfet_05v0,0.60u,rlin_at_50mV,dropout_testpoint,3.0,300 mV @ 100 mA,10.5381,ss,125,2.10,3.77955,ff,-40,2.10,15,0,0,yes
pfet_05v0,0.60u,rlin_at_50mV,dropout_testpoint,4.0,200 mV @ 50 mA,7.9036,ss,125,2.10,2.83466,ff,-40,2.10,15,0,0,yes
pfet_05v0,0.60u,rlin_at_50mV,dropout_testpoint,6.0,300 mV @ 50 mA,5.26907,ss,125,2.10,1.88978,ff,-40,2.10,15,0,0,yes
pfet_05v0,0.60u,rlin_at_50mV,lv,3.0,300 mV @ 100 mA,6.74776,ss,125,2.97,2.16887,ff,-40,3.63,45,0,0,yes
pfet_05v0,0.60u,rlin_at_50mV,lv,4.0,200 mV @ 50 mA,5.06081,ss,125,2.97,1.62665,ff,-40,3.63,45,0,0,yes
pfet_05v0,0.60u,rlin_at_50mV,lv,6.0,300 mV @ 50 mA,3.37387,ss,125,2.97,1.08444,ff,-40,3.63,45,0,0,yes
pfet_05v0,0.60u,rlin_at_50mV,mv,3.0,300 mV @ 100 mA,4.44684,ss,125,4.50,1.64665,ff,-40,5.50,45,0,0,yes
pfet_05v0,0.60u,rlin_at_50mV,mv,4.0,200 mV @ 50 mA,3.33513,ss,125,4.50,1.23498,ff,-40,5.50,45,0,0,yes
pfet_05v0,0.60u,rlin_at_50mV,mv,6.0,300 mV @ 50 mA,2.22342,ss,125,4.50,1.00168,typical,-40,5.00,38,7,0,yes
pfet_05v0,1.00u,drop_at_100mA,dropout_testpoint,3.0,300 mV @ 100 mA,14.8178,ss,-40,2.10,8.1998,ff,-40,2.10,10,1,4,NO - lower bound only
pfet_05v0,1.00u,drop_at_100mA,dropout_testpoint,4.0,200 mV @ 50 mA,13.5383,typical,125,2.10,8.23608,ff,27,2.10,9,5,1,NO - lower bound only
pfet_05v0,1.00u,drop_at_100mA,dropout_testpoint,6.0,300 mV @ 50 mA,11.666,ss,-40,2.10,8.1277,fs,-40,2.10,4,11,0,yes
pfet_05v0,1.00u,drop_at_100mA,lv,3.0,300 mV @ 100 mA,12.3439,ss,125,2.97,4.11312,ff,-40,3.63,45,0,0,yes
pfet_05v0,1.00u,drop_at_100mA,lv,4.0,200 mV @ 50 mA,9.59286,ss,125,2.97,3.21668,ff,-40,3.63,45,0,0,yes
pfet_05v0,1.00u,drop_at_100mA,lv,6.0,300 mV @ 50 mA,7.3378,ss,125,2.97,2.28317,ff,-40,3.63,40,5,0,yes
pfet_05v0,1.00u,drop_at_100mA,mv,3.0,300 mV @ 100 mA,7.66108,ss,125,4.50,2.96659,ff,-40,5.50,45,0,0,yes
pfet_05v0,1.00u,drop_at_100mA,mv,4.0,200 mV @ 50 mA,5.89824,ss,125,4.50,2.26574,ff,-40,5.50,45,0,0,yes
pfet_05v0,1.00u,drop_at_100mA,mv,6.0,300 mV @ 50 mA,4.07998,ss,125,4.50,1.58387,ff,-40,5.50,45,0,0,yes
pfet_05v0,1.00u,drop_at_50mA,dropout_testpoint,3.0,300 mV @ 100 mA,15.018,typical,125,2.10,7.45299,ff,-40,2.10,13,0,2,NO - lower bound only
pfet_05v0,1.00u,drop_at_50mA,dropout_testpoint,4.0,200 mV @ 50 mA,14.6795,ss,125,2.10,5.81573,ff,-40,2.10,15,0,0,yes
pfet_05v0,1.00u,drop_at_50mA,dropout_testpoint,6.0,300 mV @ 50 mA,10.5146,ss,125,2.10,4.0999,ff,-40,2.10,14,1,0,yes
pfet_05v0,1.00u,drop_at_50mA,lv,3.0,300 mV @ 100 mA,11.6477,ss,125,2.97,3.92721,ff,-40,3.63,45,0,0,yes
pfet_05v0,1.00u,drop_at_50mA,lv,4.0,200 mV @ 50 mA,8.87286,ss,125,2.97,3.0025,ff,-40,3.63,45,0,0,yes
pfet_05v0,1.00u,drop_at_50mA,lv,6.0,300 mV @ 50 mA,6.17197,ss,125,2.97,2.05656,ff,-40,3.63,45,0,0,yes
pfet_05v0,1.00u,drop_at_50mA,mv,3.0,300 mV @ 100 mA,7.42622,ss,125,4.50,2.87498,ff,-40,5.50,45,0,0,yes
pfet_05v0,1.00u,drop_at_50mA,mv,4.0,200 mV @ 50 mA,5.63659,ss,125,4.50,2.17492,ff,-40,5.50,45,0,0,yes
pfet_05v0,1.00u,drop_at_50mA,mv,6.0,300 mV @ 50 mA,3.83053,ss,125,4.50,1.4833,ff,-40,5.50,45,0,0,yes
pfet_05v0,1.00u,rlin_at_50mV,dropout_testpoint,3.0,300 mV @ 100 mA,14.2324,typical,125,2.10,6.9832,ff,-40,2.10,13,0,2,NO - lower bound only
pfet_05v0,1.00u,rlin_at_50mV,dropout_testpoint,4.0,200 mV @ 50 mA,13.3869,ss,125,2.10,5.2374,ff,-40,2.10,15,0,0,yes
pfet_05v0,1.00u,rlin_at_50mV,dropout_testpoint,6.0,300 mV @ 50 mA,8.9246,ss,125,2.10,3.4916,ff,-40,2.10,15,0,0,yes
pfet_05v0,1.00u,rlin_at_50mV,lv,3.0,300 mV @ 100 mA,11.2216,ss,125,2.97,3.80989,ff,-40,3.63,45,0,0,yes
pfet_05v0,1.00u,rlin_at_50mV,lv,4.0,200 mV @ 50 mA,8.4162,ss,125,2.97,2.85742,ff,-40,3.63,45,0,0,yes
pfet_05v0,1.00u,rlin_at_50mV,lv,6.0,300 mV @ 50 mA,5.6108,ss,125,2.97,1.90495,ff,-40,3.63,45,0,0,yes
pfet_05v0,1.00u,rlin_at_50mV,mv,3.0,300 mV @ 100 mA,7.272,ss,125,4.50,2.81511,ff,-40,5.50,45,0,0,yes
pfet_05v0,1.00u,rlin_at_50mV,mv,4.0,200 mV @ 50 mA,5.454,ss,125,4.50,2.11133,ff,-40,5.50,45,0,0,yes
pfet_05v0,1.00u,rlin_at_50mV,mv,6.0,300 mV @ 50 mA,3.636,ss,125,4.50,1.40755,ff,-40,5.50,45,0,0,yes
pfet_06v0,0.55u,drop_at_100mA,dropout_testpoint,3.0,300 mV @ 100 mA,11.2827,ss,125,2.10,3.99353,ff,-40,2.10,15,0,0,yes
pfet_06v0,0.55u,drop_at_100mA,dropout_testpoint,4.0,200 mV @ 50 mA,8.92307,ss,125,2.10,3.4814,ff,-40,2.10,11,4,0,yes
pfet_06v0,0.55u,drop_at_100mA,dropout_testpoint,6.0,300 mV @ 50 mA,6.05845,fs,27,2.10,2.86912,ff,-40,2.10,7,8,0,yes
pfet_06v0,0.55u,drop_at_100mA,lv,3.0,300 mV @ 100 mA,6.79692,ss,125,2.97,2.14798,ff,-40,3.63,45,0,0,yes
pfet_06v0,0.55u,drop_at_100mA,lv,4.0,200 mV @ 50 mA,5.30333,ss,125,2.97,1.68406,ff,-40,3.63,45,0,0,yes
pfet_06v0,0.55u,drop_at_100mA,lv,6.0,300 mV @ 50 mA,3.57552,fs,125,2.97,1.20875,ff,-40,3.63,39,6,0,yes
pfet_06v0,0.55u,drop_at_100mA,mv,3.0,300 mV @ 100 mA,4.3229,ss,125,4.50,1.59903,ff,-40,5.50,45,0,0,yes
pfet_06v0,0.55u,drop_at_100mA,mv,4.0,200 mV @ 50 mA,3.32823,ss,125,4.50,1.22752,ff,-40,5.50,45,0,0,yes
pfet_06v0,0.55u,drop_at_100mA,mv,6.0,300 mV @ 50 mA,2.31797,ss,125,4.50,1.03996,sf,-40,4.50,39,6,0,yes
pfet_06v0,0.55u,drop_at_50mA,dropout_testpoint,3.0,300 mV @ 100 mA,10.2199,ss,125,2.10,3.62832,ff,-40,2.10,15,0,0,yes
pfet_06v0,0.55u,drop_at_50mA,dropout_testpoint,4.0,200 mV @ 50 mA,7.85239,ss,125,2.10,2.8302,ff,-40,2.10,15,0,0,yes
pfet_06v0,0.55u,drop_at_50mA,dropout_testpoint,6.0,300 mV @ 50 mA,5.64135,ss,125,2.10,1.99676,ff,-40,2.10,15,0,0,yes
pfet_06v0,0.55u,drop_at_50mA,lv,3.0,300 mV @ 100 mA,6.42612,ss,125,2.97,2.03576,ff,-40,3.63,45,0,0,yes
pfet_06v0,0.55u,drop_at_50mA,lv,4.0,200 mV @ 50 mA,4.90315,ss,125,2.97,1.56051,ff,-40,3.63,45,0,0,yes
pfet_06v0,0.55u,drop_at_50mA,lv,6.0,300 mV @ 50 mA,3.39846,ss,125,2.97,1.07399,ff,-40,3.63,45,0,0,yes
pfet_06v0,0.55u,drop_at_50mA,mv,3.0,300 mV @ 100 mA,4.1843,ss,125,4.50,1.54103,ff,-40,5.50,45,0,0,yes
pfet_06v0,0.55u,drop_at_50mA,mv,4.0,200 mV @ 50 mA,3.17878,ss,125,4.50,1.1686,ff,-40,5.50,45,0,0,yes
pfet_06v0,0.55u,drop_at_50mA,mv,6.0,300 mV @ 50 mA,2.16145,ss,125,4.50,1.00809,ff,27,5.50,37,8,0,yes
pfet_06v0,0.55u,rlin_at_50mV,dropout_testpoint,3.0,300 mV @ 100 mA,9.63451,ss,125,2.10,3.38699,ff,-40,2.10,15,0,0,yes
pfet_06v0,0.55u,rlin_at_50mV,dropout_testpoint,4.0,200 mV @ 50 mA,7.22588,ss,125,2.10,2.54024,ff,-40,2.10,15,0,0,yes
pfet_06v0,0.55u,rlin_at_50mV,dropout_testpoint,6.0,300 mV @ 50 mA,4.81725,ss,125,2.10,1.6935,ff,-40,2.10,15,0,0,yes
pfet_06v0,0.55u,rlin_at_50mV,lv,3.0,300 mV @ 100 mA,6.19429,ss,125,2.97,1.96721,ff,-40,3.63,45,0,0,yes
pfet_06v0,0.55u,rlin_at_50mV,lv,4.0,200 mV @ 50 mA,4.64572,ss,125,2.97,1.47541,ff,-40,3.63,45,0,0,yes
pfet_06v0,0.55u,rlin_at_50mV,lv,6.0,300 mV @ 50 mA,3.09715,ss,125,2.97,1.03998,sf,-40,3.63,44,1,0,yes
pfet_06v0,0.55u,rlin_at_50mV,mv,3.0,300 mV @ 100 mA,4.09705,ss,125,4.50,1.50286,ff,-40,5.50,45,0,0,yes
pfet_06v0,0.55u,rlin_at_50mV,mv,4.0,200 mV @ 50 mA,3.07279,ss,125,4.50,1.12714,ff,-40,5.50,45,0,0,yes
pfet_06v0,0.55u,rlin_at_50mV,mv,6.0,300 mV @ 50 mA,2.04852,ss,125,4.50,1.00669,sf,27,5.50,34,11,0,yes
pfet_06v0,0.70u,drop_at_100mA,dropout_testpoint,3.0,300 mV @ 100 mA,14.5111,ss,125,2.10,5.48875,ff,-40,2.10,15,0,0,yes
pfet_06v0,0.70u,drop_at_100mA,dropout_testpoint,4.0,200 mV @ 50 mA,11.8677,ss,125,2.10,4.3654,ff,-40,2.10,12,3,0,yes
pfet_06v0,0.70u,drop_at_100mA,dropout_testpoint,6.0,300 mV @ 50 mA,8.93876,ss,125,2.10,4.10353,ff,27,2.10,6,9,0,yes
pfet_06v0,0.70u,drop_at_100mA,lv,3.0,300 mV @ 100 mA,8.58018,ss,125,2.97,2.81409,ff,-40,3.63,45,0,0,yes
pfet_06v0,0.70u,drop_at_100mA,lv,4.0,200 mV @ 50 mA,6.74743,ss,125,2.97,2.17272,ff,-40,3.63,45,0,0,yes
pfet_06v0,0.70u,drop_at_100mA,lv,6.0,300 mV @ 50 mA,4.86944,ss,125,2.97,1.58542,ff,-40,3.63,41,4,0,yes
pfet_06v0,0.70u,drop_at_100mA,mv,3.0,300 mV @ 100 mA,5.44536,ss,125,4.50,2.04252,ff,-40,5.50,45,0,0,yes
pfet_06v0,0.70u,drop_at_100mA,mv,4.0,200 mV @ 50 mA,4.15739,ss,125,4.50,1.57463,ff,-40,5.50,45,0,0,yes
pfet_06v0,0.70u,drop_at_100mA,mv,6.0,300 mV @ 50 mA,2.92717,ss,125,4.50,1.09308,ff,-40,5.50,45,0,0,yes
pfet_06v0,0.70u,drop_at_50mA,dropout_testpoint,3.0,300 mV @ 100 mA,13.1348,ss,125,2.10,4.89345,ff,-40,2.10,15,0,0,yes
pfet_06v0,0.70u,drop_at_50mA,dropout_testpoint,4.0,200 mV @ 50 mA,10.1505,ss,125,2.10,3.78975,ff,-40,2.10,15,0,0,yes
pfet_06v0,0.70u,drop_at_50mA,dropout_testpoint,6.0,300 mV @ 50 mA,7.25553,ss,125,2.10,2.74438,ff,-40,2.10,15,0,0,yes
pfet_06v0,0.70u,drop_at_50mA,lv,3.0,300 mV @ 100 mA,8.1291,ss,125,2.97,2.66756,ff,-40,3.63,45,0,0,yes
pfet_06v0,0.70u,drop_at_50mA,lv,4.0,200 mV @ 50 mA,6.23245,ss,125,2.97,2.02757,ff,-40,3.63,45,0,0,yes
pfet_06v0,0.70u,drop_at_50mA,lv,6.0,300 mV @ 50 mA,4.29009,ss,125,2.97,1.40705,ff,-40,3.63,45,0,0,yes
pfet_06v0,0.70u,drop_at_50mA,mv,3.0,300 mV @ 100 mA,5.26521,ss,125,4.50,1.97805,ff,-40,5.50,45,0,0,yes
pfet_06v0,0.70u,drop_at_50mA,mv,4.0,200 mV @ 50 mA,3.9828,ss,125,4.50,1.50342,ff,-40,5.50,45,0,0,yes
pfet_06v0,0.70u,drop_at_50mA,mv,6.0,300 mV @ 50 mA,2.72268,ss,125,4.50,1.02126,ff,-40,5.50,45,0,0,yes
pfet_06v0,0.70u,rlin_at_50mV,dropout_testpoint,3.0,300 mV @ 100 mA,12.3552,ss,125,2.10,4.5729,ff,-40,2.10,15,0,0,yes
pfet_06v0,0.70u,rlin_at_50mV,dropout_testpoint,4.0,200 mV @ 50 mA,9.2664,ss,125,2.10,3.42967,ff,-40,2.10,15,0,0,yes
pfet_06v0,0.70u,rlin_at_50mV,dropout_testpoint,6.0,300 mV @ 50 mA,6.1776,ss,125,2.10,2.28645,ff,-40,2.10,15,0,0,yes
pfet_06v0,0.70u,rlin_at_50mV,lv,3.0,300 mV @ 100 mA,7.86011,ss,125,2.97,2.5757,ff,-40,3.63,45,0,0,yes
pfet_06v0,0.70u,rlin_at_50mV,lv,4.0,200 mV @ 50 mA,5.89508,ss,125,2.97,1.93178,ff,-40,3.63,45,0,0,yes
pfet_06v0,0.70u,rlin_at_50mV,lv,6.0,300 mV @ 50 mA,3.93005,ss,125,2.97,1.28785,ff,-40,3.63,45,0,0,yes
pfet_06v0,0.70u,rlin_at_50mV,mv,3.0,300 mV @ 100 mA,5.14955,ss,125,4.50,1.93649,ff,-40,5.50,45,0,0,yes
pfet_06v0,0.70u,rlin_at_50mV,mv,4.0,200 mV @ 50 mA,3.86216,ss,125,4.50,1.45236,ff,-40,5.50,45,0,0,yes
pfet_06v0,0.70u,rlin_at_50mV,mv,6.0,300 mV @ 50 mA,2.57477,ss,125,4.50,1.00822,sf,-40,5.50,44,1,0,yes
pfet_06v0,1.20u,drop_at_100mA,dropout_testpoint,3.0,300 mV @ 100 mA,13.9026,sf,27,2.10,10.2598,ff,-40,2.10,5,2,8,NO - lower bound only
pfet_06v0,1.20u,drop_at_100mA,dropout_testpoint,4.0,200 mV @ 50 mA,14.3488,sf,125,2.10,8.11385,ff,-40,2.10,7,5,3,NO - lower bound only
pfet_06v0,1.20u,drop_at_100mA,dropout_testpoint,6.0,300 mV @ 50 mA,11.436,sf,125,2.10,8.17555,typical,-40,2.10,4,11,0,yes
pfet_06v0,1.20u,drop_at_100mA,lv,3.0,300 mV @ 100 mA,14.7659,ss,125,2.97,5.02186,ff,-40,3.63,45,0,0,yes
pfet_06v0,1.20u,drop_at_100mA,lv,4.0,200 mV @ 50 mA,11.594,ss,125,2.97,3.87404,ff,-40,3.63,45,0,0,yes
pfet_06v0,1.20u,drop_at_100mA,lv,6.0,300 mV @ 50 mA,8.24537,ss,125,2.97,2.80083,ff,-40,3.63,40,5,0,yes
pfet_06v0,1.20u,drop_at_100mA,mv,3.0,300 mV @ 100 mA,9.16377,ss,125,4.50,3.57568,ff,-40,5.50,45,0,0,yes
pfet_06v0,1.20u,drop_at_100mA,mv,4.0,200 mV @ 50 mA,7.03623,ss,125,4.50,2.74042,ff,-40,5.50,45,0,0,yes
pfet_06v0,1.20u,drop_at_100mA,mv,6.0,300 mV @ 50 mA,4.9104,ss,125,4.50,1.89615,ff,-40,5.50,45,0,0,yes
pfet_06v0,1.20u,drop_at_50mA,dropout_testpoint,3.0,300 mV @ 100 mA,15.0503,ff,125,2.10,9.17637,ff,-40,2.10,9,0,6,NO - lower bound only
pfet_06v0,1.20u,drop_at_50mA,dropout_testpoint,4.0,200 mV @ 50 mA,14.1833,typical,125,2.10,7.14081,ff,-40,2.10,13,0,2,NO - lower bound only
pfet_06v0,1.20u,drop_at_50mA,dropout_testpoint,6.0,300 mV @ 50 mA,12.7995,ss,125,2.10,5.12991,ff,-40,2.10,13,2,0,yes
pfet_06v0,1.20u,drop_at_50mA,lv,3.0,300 mV @ 100 mA,13.9735,ss,125,2.97,4.78488,ff,-40,3.63,45,0,0,yes
pfet_06v0,1.20u,drop_at_50mA,lv,4.0,200 mV @ 50 mA,10.6835,ss,125,2.97,3.644,ff,-40,3.63,45,0,0,yes
pfet_06v0,1.20u,drop_at_50mA,lv,6.0,300 mV @ 50 mA,7.38292,ss,125,2.97,2.51093,ff,-40,3.63,45,0,0,yes
pfet_06v0,1.20u,drop_at_50mA,mv,3.0,300 mV @ 100 mA,8.87545,ss,125,4.50,3.47253,ff,-40,5.50,45,0,0,yes
pfet_06v0,1.20u,drop_at_50mA,mv,4.0,200 mV @ 50 mA,6.73446,ss,125,4.50,2.63093,ff,-40,5.50,45,0,0,yes
pfet_06v0,1.20u,drop_at_50mA,mv,6.0,300 mV @ 50 mA,4.58188,ss,125,4.50,1.78784,ff,-40,5.50,45,0,0,yes
pfet_06v0,1.20u,rlin_at_50mV,dropout_testpoint,3.0,300 mV @ 100 mA,15.5861,fs,27,2.10,8.60155,ff,-40,2.10,11,0,4,NO - lower bound only
pfet_06v0,1.20u,rlin_at_50mV,dropout_testpoint,4.0,200 mV @ 50 mA,14.9762,fs,125,2.10,6.45116,ff,-40,2.10,14,0,1,NO - lower bound only
pfet_06v0,1.20u,rlin_at_50mV,dropout_testpoint,6.0,300 mV @ 50 mA,10.7652,ss,125,2.10,4.30078,ff,-40,2.10,15,0,0,yes
pfet_06v0,1.20u,rlin_at_50mV,lv,3.0,300 mV @ 100 mA,13.4733,ss,125,2.97,4.63808,ff,-40,3.63,45,0,0,yes
pfet_06v0,1.20u,rlin_at_50mV,lv,4.0,200 mV @ 50 mA,10.105,ss,125,2.97,3.47856,ff,-40,3.63,45,0,0,yes
pfet_06v0,1.20u,rlin_at_50mV,lv,6.0,300 mV @ 50 mA,6.73666,ss,125,2.97,2.31904,ff,-40,3.63,45,0,0,yes
pfet_06v0,1.20u,rlin_at_50mV,mv,3.0,300 mV @ 100 mA,8.69331,ss,125,4.50,3.40448,ff,-40,5.50,45,0,0,yes
pfet_06v0,1.20u,rlin_at_50mV,mv,4.0,200 mV @ 50 mA,6.51998,ss,125,4.50,2.55336,ff,-40,5.50,45,0,0,yes
pfet_06v0,1.20u,rlin_at_50mV,mv,6.0,300 mV @ 50 mA,4.34665,ss,125,4.50,1.70224,ff,-40,5.50,45,0,0,yes
