device,l_um,w_mm,metric,supply_class,n_cases,n_infeasible,worst_rds_ohm,worst_vsd_v,worst_corner,worst_temp_c,worst_vin_v,best_rds_ohm,best_corner,best_temp_c,best_vin_v
pfet_03v3,0.28u,1,drop_at_100mA,dropout_testpoint,15,8,15.4372,1.54372,sf,125,2.10,6.73418,ff,-40,2.10
pfet_03v3,0.28u,1,drop_at_100mA,lv,45,0,8.80425,0.880425,ss,125,2.97,3.50734,ff,-40,3.63
pfet_03v3,0.28u,1,drop_at_50mA,dropout_testpoint,15,0,12.8812,0.644058,ss,125,2.10,5.31533,ff,-40,2.10
pfet_03v3,0.28u,1,drop_at_50mA,lv,45,0,7.31385,0.365693,ss,125,2.97,3.32961,ff,-40,3.63
pfet_03v3,0.28u,1,rlin_at_50mV,dropout_testpoint,15,0,9.31764,0.05,ss,125,2.10,4.73978,ff,-40,2.10
pfet_03v3,0.28u,1,rlin_at_50mV,lv,45,0,6.57899,0.05,ss,125,2.97,3.2233,ff,-40,3.63
pfet_03v3,0.28u,2,drop_at_100mA,dropout_testpoint,15,0,6.44058,0.644058,ss,125,2.10,2.65767,ff,-40,2.10
pfet_03v3,0.28u,2,drop_at_100mA,lv,45,0,3.65693,0.365693,ss,125,2.97,1.6648,ff,-40,3.63
pfet_03v3,0.28u,2,drop_at_50mA,dropout_testpoint,15,0,5.18452,0.259226,ss,125,2.10,2.46202,ff,-40,2.10
pfet_03v3,0.28u,2,drop_at_50mA,lv,45,0,3.42388,0.171194,ss,125,2.97,1.62571,ff,-40,3.63
pfet_03v3,0.28u,2,rlin_at_50mV,dropout_testpoint,15,0,4.65882,0.05,ss,125,2.10,2.36989,ff,-40,2.10
pfet_03v3,0.28u,2,rlin_at_50mV,lv,45,0,3.28949,0.05,ss,125,2.97,1.61165,ff,-40,3.63
pfet_03v3,0.28u,4,drop_at_100mA,dropout_testpoint,15,0,2.59226,0.259226,ss,125,2.10,1.23101,ff,-40,2.10
pfet_03v3,0.28u,4,drop_at_100mA,lv,45,0,1.71194,0.171194,ss,125,2.97,0.812855,ff,-40,3.63
pfet_03v3,0.28u,4,drop_at_50mA,dropout_testpoint,15,0,2.41328,0.120664,ss,125,2.10,1.19081,ff,-40,2.10
pfet_03v3,0.28u,4,drop_at_50mA,lv,45,0,1.66273,0.0831367,ss,125,2.97,0.803637,ff,-40,3.63
pfet_03v3,0.28u,4,rlin_at_50mV,dropout_testpoint,15,0,2.32941,0.05,ss,125,2.10,1.18495,ff,-40,2.10
pfet_03v3,0.28u,4,rlin_at_50mV,lv,45,0,1.64475,0.05,ss,125,2.97,0.805826,ff,-40,3.63
pfet_03v3,0.28u,8,drop_at_100mA,dropout_testpoint,15,0,1.20664,0.120664,ss,125,2.10,0.595407,ff,-40,2.10
pfet_03v3,0.28u,8,drop_at_100mA,lv,45,0,0.831367,0.0831367,ss,125,2.97,0.401818,ff,-40,3.63
pfet_03v3,0.28u,8,drop_at_50mA,dropout_testpoint,15,0,1.16962,0.0584808,ss,125,2.10,0.586181,ff,-40,2.10
pfet_03v3,0.28u,8,drop_at_50mA,lv,45,0,0.819955,0.0409977,ss,125,2.97,0.399578,ff,-40,3.63
pfet_03v3,0.28u,8,rlin_at_50mV,dropout_testpoint,15,0,1.1647,0.05,ss,125,2.10,0.592473,ff,-40,2.10
pfet_03v3,0.28u,8,rlin_at_50mV,lv,45,0,0.822374,0.05,ss,125,2.97,0.402913,ff,-40,3.63
pfet_03v3,0.28u,16,drop_at_100mA,dropout_testpoint,15,0,0.584808,0.0584808,ss,125,2.10,0.293091,ff,-40,2.10
pfet_03v3,0.28u,16,drop_at_100mA,lv,45,0,0.409977,0.0409977,ss,125,2.97,0.199789,ff,-40,3.63
pfet_03v3,0.28u,16,drop_at_50mA,dropout_testpoint,15,0,0.576289,0.0288144,ss,125,2.10,0.290875,ff,-40,2.10
pfet_03v3,0.28u,16,drop_at_50mA,lv,45,0,0.407224,0.0203612,ss,125,2.97,0.199236,ff,-40,3.63
pfet_03v3,0.28u,16,rlin_at_50mV,dropout_testpoint,15,0,0.582352,0.05,ss,125,2.10,0.296236,ff,-40,2.10
pfet_03v3,0.28u,16,rlin_at_50mV,lv,45,0,0.411187,0.05,ss,125,2.97,0.201457,ff,-40,3.63
pfet_03v3,0.50u,1,drop_at_100mA,dropout_testpoint,15,15,,,,,,,,,
pfet_03v3,0.50u,1,drop_at_100mA,lv,45,4,20.6514,2.06514,fs,27,2.97,6.05428,ff,-40,3.63
pfet_03v3,0.50u,1,drop_at_50mA,dropout_testpoint,15,7,37.5538,1.87769,typical,27,2.10,10.8361,ff,-40,2.10
pfet_03v3,0.50u,1,drop_at_50mA,lv,45,0,14.1501,0.707505,ss,125,2.97,5.54365,ff,-40,3.63
pfet_03v3,0.50u,1,rlin_at_50mV,dropout_testpoint,15,0,16.8151,0.05,ss,125,2.10,8.22873,ff,-40,2.10
pfet_03v3,0.50u,1,rlin_at_50mV,lv,45,0,11.3229,0.05,ss,125,2.97,5.228,ff,-40,3.63
pfet_03v3,0.50u,2,drop_at_100mA,dropout_testpoint,15,7,18.7769,1.87769,typical,27,2.10,5.41804,ff,-40,2.10
pfet_03v3,0.50u,2,drop_at_100mA,lv,45,0,7.07505,0.707505,ss,125,2.97,2.77183,ff,-40,3.63
pfet_03v3,0.50u,2,drop_at_50mA,dropout_testpoint,15,0,11.216,0.5608,ss,125,2.10,4.51225,ff,-40,2.10
pfet_03v3,0.50u,2,drop_at_50mA,lv,45,0,6.15365,0.307682,ss,125,2.97,2.67039,ff,-40,3.63
pfet_03v3,0.50u,2,rlin_at_50mV,dropout_testpoint,15,0,8.40756,0.05,ss,125,2.10,4.11436,ff,-40,2.10
pfet_03v3,0.50u,2,rlin_at_50mV,lv,45,0,5.66145,0.05,ss,125,2.97,2.614,ff,-40,3.63
pfet_03v3,0.50u,4,drop_at_100mA,dropout_testpoint,15,0,5.608,0.5608,ss,125,2.10,2.25613,ff,-40,2.10
pfet_03v3,0.50u,4,drop_at_100mA,lv,45,0,3.07682,0.307682,ss,125,2.97,1.3352,ff,-40,3.63
pfet_03v3,0.50u,4,drop_at_50mA,dropout_testpoint,15,0,4.62262,0.231131,ss,125,2.10,2.11716,ff,-40,2.10
pfet_03v3,0.50u,4,drop_at_50mA,lv,45,0,2.91837,0.145919,ss,125,2.97,1.3122,ff,-40,3.63
pfet_03v3,0.50u,4,rlin_at_50mV,dropout_testpoint,15,0,4.20378,0.05,ss,125,2.10,2.05718,ff,-40,2.10
pfet_03v3,0.50u,4,rlin_at_50mV,lv,45,0,2.83072,0.05,ss,125,2.97,1.307,ff,-40,3.63
pfet_03v3,0.50u,8,drop_at_100mA,dropout_testpoint,15,0,2.31131,0.231131,ss,125,2.10,1.05858,ff,-40,2.10
pfet_03v3,0.50u,8,drop_at_100mA,lv,45,0,1.45919,0.145919,ss,125,2.97,0.6561,ff,-40,3.63
pfet_03v3,0.50u,8,drop_at_50mA,dropout_testpoint,15,0,2.1655,0.108275,ss,125,2.10,1.02936,ff,-40,2.10
pfet_03v3,0.50u,8,drop_at_50mA,lv,45,0,1.42488,0.0712439,ss,125,2.97,0.650608,ff,-40,3.63
pfet_03v3,0.50u,8,rlin_at_50mV,dropout_testpoint,15,0,2.10189,0.05,ss,125,2.10,1.02859,ff,-40,2.10
pfet_03v3,0.50u,8,rlin_at_50mV,lv,45,0,1.41536,0.05,ss,125,2.97,0.6535,ff,-40,3.63
pfet_03v3,0.50u,16,drop_at_100mA,dropout_testpoint,15,0,1.08275,0.108275,ss,125,2.10,0.514681,ff,-40,2.10
pfet_03v3,0.50u,16,drop_at_100mA,lv,45,0,0.712439,0.0712439,ss,125,2.97,0.325304,ff,-40,3.63
pfet_03v3,0.50u,16,drop_at_50mA,dropout_testpoint,15,0,1.05234,0.0526169,ss,125,2.10,0.507915,ff,-40,2.10
pfet_03v3,0.50u,16,drop_at_50mA,lv,45,0,0.704401,0.0352201,ss,125,2.97,0.323961,ff,-40,3.63
pfet_03v3,0.50u,16,rlin_at_50mV,dropout_testpoint,15,0,1.05095,0.05,ss,125,2.10,0.514296,ff,-40,2.10
pfet_03v3,0.50u,16,rlin_at_50mV,lv,45,0,0.707681,0.05,ss,125,2.97,0.32675,ff,-40,3.63
pfet_03v3,1.00u,1,drop_at_100mA,dropout_testpoint,15,15,,,,,,,,,
pfet_03v3,1.00u,1,drop_at_100mA,lv,45,40,29.9202,2.99202,ff,-40,3.30,14.398,ff,-40,3.63
pfet_03v3,1.00u,1,drop_at_50mA,dropout_testpoint,15,15,,,,,,,,,
pfet_03v3,1.00u,1,drop_at_50mA,lv,45,4,38.4482,1.92241,fs,27,2.97,11.2178,ff,-40,3.63
pfet_03v3,1.00u,1,rlin_at_50mV,dropout_testpoint,15,0,33.966,0.05,ss,125,2.10,16.2499,ff,-40,2.10
pfet_03v3,1.00u,1,rlin_at_50mV,lv,45,0,22.252,0.05,ss,125,2.97,9.89113,ff,-40,3.63
pfet_03v3,1.00u,2,drop_at_100mA,dropout_testpoint,15,15,,,,,,,,,
pfet_03v3,1.00u,2,drop_at_100mA,lv,45,4,19.2241,1.92241,fs,27,2.97,5.60891,ff,-40,3.63
pfet_03v3,1.00u,2,drop_at_50mA,dropout_testpoint,15,9,25.0634,1.25317,ff,125,2.10,10.7105,ff,-40,2.10
pfet_03v3,1.00u,2,drop_at_50mA,lv,45,0,13.8276,0.69138,ss,125,2.97,5.20088,ff,-40,3.63
pfet_03v3,1.00u,2,rlin_at_50mV,dropout_testpoint,15,0,16.983,0.05,ss,125,2.10,8.12497,ff,-40,2.10
pfet_03v3,1.00u,2,rlin_at_50mV,lv,45,0,11.126,0.05,ss,125,2.97,4.94557,ff,-40,3.63
pfet_03v3,1.00u,4,drop_at_100mA,dropout_testpoint,15,9,12.5317,1.25317,ff,125,2.10,5.35527,ff,-40,2.10
pfet_03v3,1.00u,4,drop_at_100mA,lv,45,0,6.9138,0.69138,ss,125,2.97,2.60044,ff,-40,3.63
pfet_03v3,1.00u,4,drop_at_50mA,dropout_testpoint,15,0,11.7299,0.586494,ss,125,2.10,4.44892,ff,-40,2.10
pfet_03v3,1.00u,4,drop_at_50mA,lv,45,0,6.02984,0.301492,ss,125,2.97,2.51762,ff,-40,3.63
pfet_03v3,1.00u,4,rlin_at_50mV,dropout_testpoint,15,0,8.49151,0.05,ss,125,2.10,4.06248,ff,-40,2.10
pfet_03v3,1.00u,4,rlin_at_50mV,lv,45,0,5.563,0.05,ss,125,2.97,2.47278,ff,-40,3.63
pfet_03v3,1.00u,8,drop_at_100mA,dropout_testpoint,15,0,5.86494,0.586494,ss,125,2.10,2.22446,ff,-40,2.10
pfet_03v3,1.00u,8,drop_at_100mA,lv,45,0,3.01492,0.301492,ss,125,2.97,1.25881,ff,-40,3.63
pfet_03v3,1.00u,8,drop_at_50mA,dropout_testpoint,15,0,4.6976,0.23488,ss,125,2.10,2.0888,ff,-40,2.10
pfet_03v3,1.00u,8,drop_at_50mA,lv,45,0,2.86403,0.143201,ss,125,2.97,1.23989,ff,-40,3.63
pfet_03v3,1.00u,8,rlin_at_50mV,dropout_testpoint,15,0,4.24575,0.05,ss,125,2.10,2.03124,ff,-40,2.10
pfet_03v3,1.00u,8,rlin_at_50mV,lv,45,0,2.7815,0.05,ss,125,2.97,1.23639,ff,-40,3.63
pfet_03v3,1.00u,16,drop_at_100mA,dropout_testpoint,15,0,2.3488,0.23488,ss,125,2.10,1.0444,ff,-40,2.10
pfet_03v3,1.00u,16,drop_at_100mA,lv,45,0,1.43201,0.143201,ss,125,2.97,0.619945,ff,-40,3.63
pfet_03v3,1.00u,16,drop_at_50mA,dropout_testpoint,15,0,2.19102,0.109551,ss,125,2.10,1.01603,ff,-40,2.10
pfet_03v3,1.00u,16,drop_at_50mA,lv,45,0,1.39941,0.0699703,ss,125,2.97,0.61541,ff,-40,3.63
pfet_03v3,1.00u,16,rlin_at_50mV,dropout_testpoint,15,0,2.12288,0.05,ss,125,2.10,1.01562,ff,-40,2.10
pfet_03v3,1.00u,16,rlin_at_50mV,lv,45,0,1.39075,0.05,ss,125,2.97,0.618196,ff,-40,3.63
pfet_05v0,0.50u,1,drop_at_100mA,dropout_testpoint,15,15,,,,,,,,,
pfet_05v0,0.50u,1,drop_at_100mA,lv,45,18,33.8583,3.38583,ss,27,3.63,6.59306,ff,-40,3.63
pfet_05v0,0.50u,1,drop_at_100mA,mv,45,0,16.1644,1.61644,ss,125,4.50,4.48545,ff,-40,5.50
pfet_05v0,0.50u,1,drop_at_50mA,dropout_testpoint,15,12,27.6823,1.38412,ff,27,2.10,14.7037,ff,-40,2.10
pfet_05v0,0.50u,1,drop_at_50mA,lv,45,0,32.3832,1.61916,ss,125,2.97,5.76534,ff,-40,3.63
pfet_05v0,0.50u,1,drop_at_50mA,mv,45,0,12.7615,0.638076,ss,125,4.50,4.24017,ff,-40,5.50
pfet_05v0,0.50u,1,rlin_at_50mV,dropout_testpoint,15,0,26.2069,0.05,ss,125,2.10,8.99704,ff,-40,2.10
pfet_05v0,0.50u,1,rlin_at_50mV,lv,45,0,16.9302,0.05,ss,125,2.97,5.30217,ff,-40,3.63
pfet_05v0,0.50u,1,rlin_at_50mV,mv,45,0,11.2461,0.05,ss,125,4.50,4.08069,ff,-40,5.50
pfet_05v0,0.50u,2,drop_at_100mA,dropout_testpoint,15,12,13.8412,1.38412,ff,27,2.10,7.35185,ff,-40,2.10
pfet_05v0,0.50u,2,drop_at_100mA,lv,45,0,16.1916,1.61916,ss,125,2.97,2.88267,ff,-40,3.63
pfet_05v0,0.50u,2,drop_at_100mA,mv,45,0,6.38076,0.638076,ss,125,4.50,2.12008,ff,-40,5.50
pfet_05v0,0.50u,2,drop_at_50mA,dropout_testpoint,15,2,33.9091,1.69545,fs,125,2.10,5.15593,ff,-40,2.10
pfet_05v0,0.50u,2,drop_at_50mA,lv,45,0,9.87619,0.49381,ss,125,2.97,2.73254,ff,-40,3.63
pfet_05v0,0.50u,2,drop_at_50mA,mv,45,0,5.9214,0.29607,ss,125,4.50,2.06622,ff,-40,5.50
pfet_05v0,0.50u,2,rlin_at_50mV,dropout_testpoint,15,0,13.1035,0.05,ss,125,2.10,4.49852,ff,-40,2.10
pfet_05v0,0.50u,2,rlin_at_50mV,lv,45,0,8.46512,0.05,ss,125,2.97,2.65108,ff,-40,3.63
pfet_05v0,0.50u,2,rlin_at_50mV,mv,45,0,5.62307,0.05,ss,125,4.50,2.04035,ff,-40,5.50
pfet_05v0,0.50u,4,drop_at_100mA,dropout_testpoint,15,2,16.9545,1.69545,fs,125,2.10,2.57796,ff,-40,2.10
pfet_05v0,0.50u,4,drop_at_100mA,lv,45,0,4.9381,0.49381,ss,125,2.97,1.36627,ff,-40,3.63
pfet_05v0,0.50u,4,drop_at_100mA,mv,45,0,2.9607,0.29607,ss,125,4.50,1.03311,ff,-40,5.50
pfet_05v0,0.50u,4,drop_at_50mA,dropout_testpoint,15,0,7.97547,0.398774,ss,125,2.10,2.34885,ff,-40,2.10
pfet_05v0,0.50u,4,drop_at_50mA,lv,45,0,4.4876,0.22438,ss,125,2.97,1.33326,ff,-40,3.63
pfet_05v0,0.50u,4,drop_at_50mA,mv,45,0,2.86666,0.143333,ss,125,4.50,1.02042,ff,-40,5.50
pfet_05v0,0.50u,4,rlin_at_50mV,dropout_testpoint,15,0,6.55173,0.05,ss,125,2.10,2.24926,ff,-40,2.10
pfet_05v0,0.50u,4,rlin_at_50mV,lv,45,0,4.23256,0.05,ss,125,2.97,1.32554,ff,-40,3.63
pfet_05v0,0.50u,4,rlin_at_50mV,mv,45,0,2.81153,0.05,ss,125,4.50,1.02017,ff,-40,5.50
pfet_05v0,0.50u,8,drop_at_100mA,dropout_testpoint,15,0,3.98774,0.398774,ss,125,2.10,1.17443,ff,-40,2.10
pfet_05v0,0.50u,8,drop_at_100mA,lv,45,0,2.2438,0.22438,ss,125,2.97,0.66663,ff,-40,3.63
pfet_05v0,0.50u,8,drop_at_100mA,mv,45,0,1.43333,0.143333,ss,125,4.50,0.510209,ff,-40,5.50
pfet_05v0,0.50u,8,drop_at_50mA,dropout_testpoint,15,0,3.50277,0.175138,ss,125,2.10,1.12927,ff,-40,2.10
pfet_05v0,0.50u,8,drop_at_50mA,lv,45,0,2.15718,0.107859,ss,125,2.97,0.658849,ff,-40,3.63
pfet_05v0,0.50u,8,drop_at_50mA,mv,45,0,1.41177,0.0705887,ss,125,4.50,0.507126,ff,-40,5.50
pfet_05v0,0.50u,8,rlin_at_50mV,dropout_testpoint,15,0,3.27587,0.05,ss,125,2.10,1.12463,ff,-40,2.10
pfet_05v0,0.50u,8,rlin_at_50mV,lv,45,0,2.11628,0.05,ss,125,2.97,0.662771,ff,-40,3.63
pfet_05v0,0.50u,8,rlin_at_50mV,mv,45,0,1.40577,0.05,ss,125,4.50,0.510086,ff,-40,5.50
pfet_05v0,0.50u,16,drop_at_100mA,dropout_testpoint,15,0,1.75138,0.175138,ss,125,2.10,0.564634,ff,-40,2.10
pfet_05v0,0.50u,16,drop_at_100mA,lv,45,0,1.07859,0.107859,ss,125,2.97,0.329424,ff,-40,3.63
pfet_05v0,0.50u,16,drop_at_100mA,mv,45,0,0.705887,0.0705887,ss,125,4.50,0.253563,ff,-40,5.50
pfet_05v0,0.50u,16,drop_at_50mA,dropout_testpoint,15,0,1.66684,0.0833418,ss,125,2.10,0.554426,ff,-40,2.10
pfet_05v0,0.50u,16,drop_at_50mA,lv,45,0,1.05917,0.0529584,ss,125,2.97,0.327533,ff,-40,3.63
pfet_05v0,0.50u,16,drop_at_50mA,mv,45,0,0.700713,0.0350357,ss,125,4.50,0.252803,ff,-40,5.50
pfet_05v0,0.50u,16,rlin_at_50mV,dropout_testpoint,15,0,1.63793,0.05,ss,125,2.10,0.562315,ff,-40,2.10
pfet_05v0,0.50u,16,rlin_at_50mV,lv,45,0,1.05814,0.05,ss,125,2.97,0.331385,ff,-40,3.63
pfet_05v0,0.50u,16,rlin_at_50mV,mv,45,0,0.702883,0.05,ss,125,4.50,0.255043,ff,-40,5.50
pfet_05v0,0.60u,1,drop_at_100mA,dropout_testpoint,15,15,,,,,,,,,
pfet_05v0,0.60u,1,drop_at_100mA,lv,45,30,25.6887,2.56887,sf,125,3.63,8.63174,ff,-40,3.63
pfet_05v0,0.60u,1,drop_at_100mA,mv,45,0,23.8228,2.38228,ss,125,4.50,5.52749,ff,-40,5.50
pfet_05v0,0.60u,1,drop_at_50mA,dropout_testpoint,15,15,,,,,,,,,
pfet_05v0,0.60u,1,drop_at_50mA,lv,45,2,33.6641,1.68321,ss,27,2.97,7.22389,ff,-40,3.63
pfet_05v0,0.60u,1,drop_at_50mA,mv,45,0,15.6119,0.780596,ss,125,4.50,5.17416,ff,-40,5.50
pfet_05v0,0.60u,1,rlin_at_50mV,dropout_testpoint,15,0,31.6144,0.05,ss,125,2.10,11.3387,ff,-40,2.10
pfet_05v0,0.60u,1,rlin_at_50mV,lv,45,0,20.2432,0.05,ss,125,2.97,6.50661,ff,-40,3.63
pfet_05v0,0.60u,1,rlin_at_50mV,mv,45,0,13.3405,0.05,ss,125,4.50,4.93994,ff,-40,5.50
pfet_05v0,0.60u,2,drop_at_100mA,dropout_testpoint,15,15,,,,,,,,,
pfet_05v0,0.60u,2,drop_at_100mA,lv,45,2,16.8321,1.68321,ss,27,2.97,3.61194,ff,-40,3.63
pfet_05v0,0.60u,2,drop_at_100mA,mv,45,0,7.80596,0.780596,ss,125,4.50,2.58708,ff,-40,5.50
pfet_05v0,0.60u,2,drop_at_50mA,dropout_testpoint,15,5,31.5976,1.57988,typical,125,2.10,6.87272,ff,-40,2.10
pfet_05v0,0.60u,2,drop_at_50mA,lv,45,0,12.396,0.619802,ss,125,2.97,3.38479,ff,-40,3.63
pfet_05v0,0.60u,2,drop_at_50mA,mv,45,0,7.10897,0.355449,ss,125,4.50,2.51163,ff,-40,5.50
pfet_05v0,0.60u,2,rlin_at_50mV,dropout_testpoint,15,0,15.8072,0.05,ss,125,2.10,5.66933,ff,-40,2.10
pfet_05v0,0.60u,2,rlin_at_50mV,lv,45,0,10.1216,0.05,ss,125,2.97,3.25331,ff,-40,3.63
pfet_05v0,0.60u,2,rlin_at_50mV,mv,45,0,6.67025,0.05,ss,125,4.50,2.46997,ff,-40,5.50
pfet_05v0,0.60u,4,drop_at_100mA,dropout_testpoint,15,5,15.7988,1.57988,typical,125,2.10,3.43636,ff,-40,2.10
pfet_05v0,0.60u,4,drop_at_100mA,lv,45,0,6.19802,0.619802,ss,125,2.97,1.69239,ff,-40,3.63
pfet_05v0,0.60u,4,drop_at_100mA,mv,45,0,3.55449,0.355449,ss,125,4.50,1.25582,ff,-40,5.50
pfet_05v0,0.60u,4,drop_at_50mA,dropout_testpoint,15,0,10.4779,0.523893,ss,125,2.10,3.02166,ff,-40,2.10
pfet_05v0,0.60u,4,drop_at_50mA,lv,45,0,5.45772,0.272886,ss,125,2.97,1.64407,ff,-40,3.63
pfet_05v0,0.60u,4,drop_at_50mA,mv,45,0,3.41922,0.170961,ss,125,4.50,1.23824,ff,-40,5.50
pfet_05v0,0.60u,4,rlin_at_50mV,dropout_testpoint,15,0,7.90361,0.05,ss,125,2.10,2.83466,ff,-40,2.10
pfet_05v0,0.60u,4,rlin_at_50mV,lv,45,0,5.06081,0.05,ss,125,2.97,1.62665,ff,-40,3.63
pfet_05v0,0.60u,4,rlin_at_50mV,mv,45,0,3.33513,0.05,ss,125,4.50,1.23499,ff,-40,5.50
pfet_05v0,0.60u,8,drop_at_100mA,dropout_testpoint,15,0,5.23893,0.523893,ss,125,2.10,1.51083,ff,-40,2.10
pfet_05v0,0.60u,8,drop_at_100mA,lv,45,0,2.72886,0.272886,ss,125,2.97,0.822034,ff,-40,3.63
pfet_05v0,0.60u,8,drop_at_100mA,mv,45,0,1.70961,0.170961,ss,125,4.50,0.619121,ff,-40,5.50
pfet_05v0,0.60u,8,drop_at_50mA,dropout_testpoint,15,0,4.33061,0.21653,ss,125,2.10,1.43675,ff,-40,2.10
pfet_05v0,0.60u,8,drop_at_50mA,lv,45,0,2.59854,0.129927,ss,125,2.97,0.810792,ff,-40,3.63
pfet_05v0,0.60u,8,drop_at_50mA,mv,45,0,1.67919,0.0839596,ss,125,4.50,0.614872,ff,-40,5.50
pfet_05v0,0.60u,8,rlin_at_50mV,dropout_testpoint,15,0,3.9518,0.05,ss,125,2.10,1.41733,ff,-40,2.10
pfet_05v0,0.60u,8,rlin_at_50mV,lv,45,0,2.53041,0.05,ss,125,2.97,0.813327,ff,-40,3.63
pfet_05v0,0.60u,8,rlin_at_50mV,mv,45,0,1.66756,0.05,ss,125,4.50,0.617493,ff,-40,5.50
pfet_05v0,0.60u,16,drop_at_100mA,dropout_testpoint,15,0,2.1653,0.21653,ss,125,2.10,0.718376,ff,-40,2.10
pfet_05v0,0.60u,16,drop_at_100mA,lv,45,0,1.29927,0.129927,ss,125,2.97,0.405396,ff,-40,3.63
pfet_05v0,0.60u,16,drop_at_100mA,mv,45,0,0.839596,0.0839596,ss,125,4.50,0.307436,ff,-40,5.50
pfet_05v0,0.60u,16,drop_at_50mA,dropout_testpoint,15,0,2.03118,0.101559,ss,125,2.10,0.70216,ff,-40,2.10
pfet_05v0,0.60u,16,drop_at_50mA,lv,45,0,1.27086,0.0635432,ss,125,2.97,0.40268,ff,-40,3.63
pfet_05v0,0.60u,16,drop_at_50mA,mv,45,0,0.832357,0.0416178,ss,125,4.50,0.306392,ff,-40,5.50
pfet_05v0,0.60u,16,rlin_at_50mV,dropout_testpoint,15,0,1.9759,0.05,ss,125,2.10,0.708666,ff,-40,2.10
pfet_05v0,0.60u,16,rlin_at_50mV,lv,45,0,1.2652,0.05,ss,125,2.97,0.406663,ff,-40,3.63
pfet_05v0,0.60u,16,rlin_at_50mV,mv,45,0,0.833782,0.05,ss,125,4.50,0.308746,ff,-40,5.50
pfet_05v0,1.00u,1,drop_at_100mA,dropout_testpoint,15,15,,,,,,,,,
pfet_05v0,1.00u,1,drop_at_100mA,lv,45,45,,,,,,,,,
pfet_05v0,1.00u,1,drop_at_100mA,mv,45,14,34.8806,3.48806,fs,125,5.50,10.2632,ff,-40,5.50
pfet_05v0,1.00u,1,drop_at_50mA,dropout_testpoint,15,15,,,,,,,,,
pfet_05v0,1.00u,1,drop_at_50mA,lv,45,23,68.2251,3.41126,typical,125,3.63,14.0348,ff,-40,3.63
pfet_05v0,1.00u,1,drop_at_50mA,mv,45,0,30.4659,1.5233,ss,125,4.50,9.1395,ff,-40,5.50
pfet_05v0,1.00u,1,rlin_at_50mV,dropout_testpoint,15,0,53.5476,0.05,ss,125,2.10,20.9496,ff,-40,2.10
pfet_05v0,1.00u,1,rlin_at_50mV,lv,45,0,33.6648,0.05,ss,125,2.97,11.4297,ff,-40,3.63
pfet_05v0,1.00u,1,rlin_at_50mV,mv,45,0,21.816,0.05,ss,125,4.50,8.44532,ff,-40,5.50
pfet_05v0,1.00u,2,drop_at_100mA,dropout_testpoint,15,15,,,,,,,,,
pfet_05v0,1.00u,2,drop_at_100mA,lv,45,23,34.1126,3.41126,typical,125,3.63,7.01741,ff,-40,3.63
pfet_05v0,1.00u,2,drop_at_100mA,mv,45,0,15.233,1.5233,ss,125,4.50,4.56975,ff,-40,5.50
pfet_05v0,1.00u,2,drop_at_50mA,dropout_testpoint,15,15,,,,,,,,,
pfet_05v0,1.00u,2,drop_at_50mA,lv,45,0,48.2992,2.41496,ss,125,2.97,6.182,ff,-40,3.63
pfet_05v0,1.00u,2,drop_at_50mA,mv,45,0,12.2642,0.613212,ss,125,4.50,4.36112,ff,-40,5.50
pfet_05v0,1.00u,2,rlin_at_50mV,dropout_testpoint,15,0,26.7738,0.05,ss,125,2.10,10.4748,ff,-40,2.10
pfet_05v0,1.00u,2,rlin_at_50mV,lv,45,0,16.8324,0.05,ss,125,2.97,5.71485,ff,-40,3.63
pfet_05v0,1.00u,2,rlin_at_50mV,mv,45,0,10.908,0.05,ss,125,4.50,4.22266,ff,-40,5.50
pfet_05v0,1.00u,4,drop_at_100mA,dropout_testpoint,15,15,,,,,,,,,
pfet_05v0,1.00u,4,drop_at_100mA,lv,45,0,24.1496,2.41496,ss,125,2.97,3.091,ff,-40,3.63
pfet_05v0,1.00u,4,drop_at_100mA,mv,45,0,6.13212,0.613212,ss,125,4.50,2.18056,ff,-40,5.50
pfet_05v0,1.00u,4,drop_at_50mA,dropout_testpoint,15,4,35.8118,1.79059,ss,-40,2.10,6.17414,ff,-40,2.10
pfet_05v0,1.00u,4,drop_at_50mA,lv,45,0,9.8415,0.492075,ss,125,2.97,2.94154,ff,-40,3.63
pfet_05v0,1.00u,4,drop_at_50mA,mv,45,0,5.72095,0.286048,ss,125,4.50,2.13433,ff,-40,5.50
pfet_05v0,1.00u,4,rlin_at_50mV,dropout_testpoint,15,0,13.3869,0.05,ss,125,2.10,5.2374,ff,-40,2.10
pfet_05v0,1.00u,4,rlin_at_50mV,lv,45,0,8.41621,0.05,ss,125,2.97,2.85742,ff,-40,3.63
pfet_05v0,1.00u,4,rlin_at_50mV,mv,45,0,5.454,0.05,ss,125,4.50,2.11133,ff,-40,5.50
pfet_05v0,1.00u,8,drop_at_100mA,dropout_testpoint,15,4,17.9059,1.79059,ss,-40,2.10,3.08707,ff,-40,2.10
pfet_05v0,1.00u,8,drop_at_100mA,lv,45,0,4.92075,0.492075,ss,125,2.97,1.47077,ff,-40,3.63
pfet_05v0,1.00u,8,drop_at_100mA,mv,45,0,2.86048,0.286048,ss,125,4.50,1.06717,ff,-40,5.50
pfet_05v0,1.00u,8,drop_at_50mA,dropout_testpoint,15,0,8.36344,0.418172,ss,125,2.10,2.76342,ff,-40,2.10
pfet_05v0,1.00u,8,drop_at_50mA,lv,45,0,4.4628,0.22314,ss,125,2.97,1.43803,ff,-40,3.63
pfet_05v0,1.00u,8,drop_at_50mA,mv,45,0,2.77587,0.138794,ss,125,4.50,1.05623,ff,-40,5.50
pfet_05v0,1.00u,8,rlin_at_50mV,dropout_testpoint,15,0,6.69345,0.05,ss,125,2.10,2.6187,ff,-40,2.10
pfet_05v0,1.00u,8,rlin_at_50mV,lv,45,0,4.2081,0.05,ss,125,2.97,1.42871,ff,-40,3.63
pfet_05v0,1.00u,8,rlin_at_50mV,mv,45,0,2.727,0.05,ss,125,4.50,1.05566,ff,-40,5.50
pfet_05v0,1.00u,16,drop_at_100mA,dropout_testpoint,15,0,4.18172,0.418172,ss,125,2.10,1.38171,ff,-40,2.10
pfet_05v0,1.00u,16,drop_at_100mA,lv,45,0,2.2314,0.22314,ss,125,2.97,0.719016,ff,-40,3.63
pfet_05v0,1.00u,16,drop_at_100mA,mv,45,0,1.38794,0.138794,ss,125,4.50,0.528115,ff,-40,5.50
pfet_05v0,1.00u,16,drop_at_50mA,dropout_testpoint,15,0,3.60252,0.180126,ss,125,2.10,1.32206,ff,-40,2.10
pfet_05v0,1.00u,16,drop_at_50mA,lv,45,0,2.14462,0.107231,ss,125,2.97,0.71131,ff,-40,3.63
pfet_05v0,1.00u,16,drop_at_50mA,mv,45,0,1.36851,0.0684253,ss,125,4.50,0.525454,ff,-40,5.50
pfet_05v0,1.00u,16,rlin_at_50mV,dropout_testpoint,15,0,3.34672,0.05,ss,125,2.10,1.30935,ff,-40,2.10
pfet_05v0,1.00u,16,rlin_at_50mV,lv,45,0,2.10405,0.05,ss,125,2.97,0.714356,ff,-40,3.63
pfet_05v0,1.00u,16,rlin_at_50mV,mv,45,0,1.3635,0.05,ss,125,4.50,0.527832,ff,-40,5.50
pfet_06v0,0.55u,1,drop_at_100mA,dropout_testpoint,15,15,,,,,,,,,
pfet_06v0,0.55u,1,drop_at_100mA,lv,45,26,34.471,3.4471,fs,27,3.63,7.56519,ff,-40,3.63
pfet_06v0,0.55u,1,drop_at_100mA,mv,45,0,19.1281,1.91281,ss,125,4.50,4.99951,ff,-40,5.50
pfet_06v0,0.55u,1,drop_at_50mA,dropout_testpoint,15,14,25.5678,1.27839,ff,-40,2.10,25.5678,ff,-40,2.10
pfet_06v0,0.55u,1,drop_at_50mA,lv,45,1,31.864,1.5932,fs,125,2.97,6.48323,ff,-40,3.63
pfet_06v0,0.55u,1,drop_at_50mA,mv,45,0,14.158,0.707902,ss,125,4.50,4.70352,ff,-40,5.50
pfet_06v0,0.55u,1,rlin_at_50mV,dropout_testpoint,15,0,28.9035,0.05,ss,125,2.10,10.161,ff,-40,2.10
pfet_06v0,0.55u,1,rlin_at_50mV,lv,45,0,18.5829,0.05,ss,125,2.97,5.90162,ff,-40,3.63
pfet_06v0,0.55u,1,rlin_at_50mV,mv,45,0,12.2911,0.05,ss,125,4.50,4.50857,ff,-40,5.50
pfet_06v0,0.55u,2,drop_at_100mA,dropout_testpoint,15,14,12.7839,1.27839,ff,-40,2.10,12.7839,ff,-40,2.10
pfet_06v0,0.55u,2,drop_at_100mA,lv,45,1,15.932,1.5932,fs,125,2.97,3.24162,ff,-40,3.63
pfet_06v0,0.55u,2,drop_at_100mA,mv,45,0,7.07902,0.707902,ss,125,4.50,2.35176,ff,-40,5.50
pfet_06v0,0.55u,2,drop_at_50mA,dropout_testpoint,15,3,40.1125,2.00563,ss,-40,2.10,5.97966,ff,-40,2.10
pfet_06v0,0.55u,2,drop_at_50mA,lv,45,0,11.0943,0.554717,ss,125,2.97,3.05572,ff,-40,3.63
pfet_06v0,0.55u,2,drop_at_50mA,mv,45,0,6.51019,0.325509,ss,125,4.50,2.28764,ff,-40,5.50
pfet_06v0,0.55u,2,rlin_at_50mV,dropout_testpoint,15,0,14.4518,0.05,ss,125,2.10,5.08049,ff,-40,2.10
pfet_06v0,0.55u,2,rlin_at_50mV,lv,45,0,9.29144,0.05,ss,125,2.97,2.95081,ff,-40,3.63
pfet_06v0,0.55u,2,rlin_at_50mV,mv,45,0,6.14557,0.05,ss,125,4.50,2.25429,ff,-40,5.50
pfet_06v0,0.55u,4,drop_at_100mA,dropout_testpoint,15,3,20.0563,2.00563,ss,-40,2.10,2.98983,ff,-40,2.10
pfet_06v0,0.55u,4,drop_at_100mA,lv,45,0,5.54717,0.554717,ss,125,2.97,1.52786,ff,-40,3.63
pfet_06v0,0.55u,4,drop_at_100mA,mv,45,0,3.25509,0.325509,ss,125,4.50,1.14382,ff,-40,5.50
pfet_06v0,0.55u,4,drop_at_50mA,dropout_testpoint,15,0,9.14612,0.457306,ss,125,2.10,2.67962,ff,-40,2.10
pfet_06v0,0.55u,4,drop_at_50mA,lv,45,0,4.96699,0.248349,ss,125,2.97,1.48764,ff,-40,3.63
pfet_06v0,0.55u,4,drop_at_50mA,mv,45,0,3.1416,0.15708,ss,125,4.50,1.1288,ff,-40,5.50
pfet_06v0,0.55u,4,rlin_at_50mV,dropout_testpoint,15,0,7.22588,0.05,ss,125,2.10,2.54024,ff,-40,2.10
pfet_06v0,0.55u,4,rlin_at_50mV,lv,45,0,4.64572,0.05,ss,125,2.97,1.4754,ff,-40,3.63
pfet_06v0,0.55u,4,rlin_at_50mV,mv,45,0,3.07279,0.05,ss,125,4.50,1.12714,ff,-40,5.50
pfet_06v0,0.55u,8,drop_at_100mA,dropout_testpoint,15,0,4.57306,0.457306,ss,125,2.10,1.33981,ff,-40,2.10
pfet_06v0,0.55u,8,drop_at_100mA,lv,45,0,2.48349,0.248349,ss,125,2.97,0.743818,ff,-40,3.63
pfet_06v0,0.55u,8,drop_at_100mA,mv,45,0,1.5708,0.15708,ss,125,4.50,0.564399,ff,-40,5.50
pfet_06v0,0.55u,8,drop_at_50mA,dropout_testpoint,15,0,3.9097,0.195485,ss,125,2.10,1.28141,ff,-40,2.10
pfet_06v0,0.55u,8,drop_at_50mA,lv,45,0,2.37648,0.118824,ss,125,2.97,0.734398,ff,-40,3.63
pfet_06v0,0.55u,8,drop_at_50mA,mv,45,0,1.54503,0.0772516,ss,125,4.50,0.560759,ff,-40,5.50
pfet_06v0,0.55u,8,rlin_at_50mV,dropout_testpoint,15,0,3.61294,0.05,ss,125,2.10,1.27012,ff,-40,2.10
pfet_06v0,0.55u,8,rlin_at_50mV,lv,45,0,2.32286,0.05,ss,125,2.97,0.737702,ff,-40,3.63
pfet_06v0,0.55u,8,rlin_at_50mV,mv,45,0,1.53639,0.05,ss,125,4.50,0.563572,ff,-40,5.50
pfet_06v0,0.55u,16,drop_at_100mA,dropout_testpoint,15,0,1.95485,0.195485,ss,125,2.10,0.640705,ff,-40,2.10
pfet_06v0,0.55u,16,drop_at_100mA,lv,45,0,1.18824,0.118824,ss,125,2.97,0.367199,ff,-40,3.63
pfet_06v0,0.55u,16,drop_at_100mA,mv,45,0,0.772516,0.0772516,ss,125,4.50,0.280379,ff,-40,5.50
pfet_06v0,0.55u,16,drop_at_50mA,dropout_testpoint,15,0,1.84751,0.0923755,ss,125,2.10,0.627707,ff,-40,2.10
pfet_06v0,0.55u,16,drop_at_50mA,lv,45,0,1.16458,0.058229,ss,125,2.97,0.364916,ff,-40,3.63
pfet_06v0,0.55u,16,drop_at_50mA,mv,45,0,0.766357,0.0383178,ss,125,4.50,0.279483,ff,-40,5.50
pfet_06v0,0.55u,16,rlin_at_50mV,dropout_testpoint,15,0,1.80647,0.05,ss,125,2.10,0.635061,ff,-40,2.10
pfet_06v0,0.55u,16,rlin_at_50mV,lv,45,0,1.16143,0.05,ss,125,2.97,0.368851,ff,-40,3.63
pfet_06v0,0.55u,16,rlin_at_50mV,mv,45,0,0.768197,0.05,ss,125,4.50,0.281786,ff,-40,5.50
pfet_06v0,0.70u,1,drop_at_100mA,dropout_testpoint,15,15,,,,,,,,,
pfet_06v0,0.70u,1,drop_at_100mA,lv,45,38,26.4047,2.64047,sf,-40,3.30,11.1718,ff,-40,3.63
pfet_06v0,0.70u,1,drop_at_100mA,mv,45,1,40.273,4.0273,fs,125,4.50,6.62348,ff,-40,5.50
pfet_06v0,0.70u,1,drop_at_50mA,dropout_testpoint,15,15,,,,,,,,,
pfet_06v0,0.70u,1,drop_at_50mA,lv,45,6,41.272,2.0636,fs,125,3.30,8.77203,ff,-40,3.63
pfet_06v0,0.70u,1,drop_at_50mA,mv,45,0,18.7147,0.935736,ss,125,4.50,6.13383,ff,-40,5.50
pfet_06v0,0.70u,1,rlin_at_50mV,dropout_testpoint,15,0,37.0656,0.05,ss,125,2.10,13.7187,ff,-40,2.10
pfet_06v0,0.70u,1,rlin_at_50mV,lv,45,0,23.5803,0.05,ss,125,2.97,7.7271,ff,-40,3.63
pfet_06v0,0.70u,1,rlin_at_50mV,mv,45,0,15.4486,0.05,ss,125,4.50,5.80946,ff,-40,5.50
pfet_06v0,0.70u,2,drop_at_100mA,dropout_testpoint,15,15,,,,,,,,,
pfet_06v0,0.70u,2,drop_at_100mA,lv,45,6,20.636,2.0636,fs,125,3.30,4.38601,ff,-40,3.63
pfet_06v0,0.70u,2,drop_at_100mA,mv,45,0,9.35736,0.935736,ss,125,4.50,3.06691,ff,-40,5.50
pfet_06v0,0.70u,2,drop_at_50mA,dropout_testpoint,15,8,29.7489,1.48745,sf,125,2.10,8.92862,ff,-40,2.10
pfet_06v0,0.70u,2,drop_at_50mA,lv,45,0,15.3237,0.766183,ss,125,2.97,4.05784,ff,-40,3.63
pfet_06v0,0.70u,2,drop_at_50mA,mv,45,0,8.33598,0.416799,ss,125,4.50,2.96548,ff,-40,5.50
pfet_06v0,0.70u,2,rlin_at_50mV,dropout_testpoint,15,0,18.5328,0.05,ss,125,2.10,6.85935,ff,-40,2.10
pfet_06v0,0.70u,2,rlin_at_50mV,lv,45,0,11.7902,0.05,ss,125,2.97,3.86355,ff,-40,3.63
pfet_06v0,0.70u,2,rlin_at_50mV,mv,45,0,7.72431,0.05,ss,125,4.50,2.90473,ff,-40,5.50
pfet_06v0,0.70u,4,drop_at_100mA,dropout_testpoint,15,8,14.8745,1.48745,sf,125,2.10,4.46431,ff,-40,2.10
pfet_06v0,0.70u,4,drop_at_100mA,lv,45,0,7.66183,0.766183,ss,125,2.97,2.02892,ff,-40,3.63
pfet_06v0,0.70u,4,drop_at_100mA,mv,45,0,4.16799,0.416799,ss,125,4.50,1.48274,ff,-40,5.50
pfet_06v0,0.70u,4,drop_at_50mA,dropout_testpoint,15,0,14.0643,0.703215,ss,125,2.10,3.73767,ff,-40,2.10
pfet_06v0,0.70u,4,drop_at_50mA,lv,45,0,6.47386,0.323693,ss,125,2.97,1.9616,ff,-40,3.63
pfet_06v0,0.70u,4,drop_at_50mA,mv,45,0,3.98167,0.199084,ss,125,4.50,1.45939,ff,-40,5.50
pfet_06v0,0.70u,4,rlin_at_50mV,dropout_testpoint,15,0,9.2664,0.05,ss,125,2.10,3.42967,ff,-40,2.10
pfet_06v0,0.70u,4,rlin_at_50mV,lv,45,0,5.89508,0.05,ss,125,2.97,1.93178,ff,-40,3.63
pfet_06v0,0.70u,4,rlin_at_50mV,mv,45,0,3.86216,0.05,ss,125,4.50,1.45237,ff,-40,5.50
pfet_06v0,0.70u,8,drop_at_100mA,dropout_testpoint,15,0,7.03215,0.703215,ss,125,2.10,1.86883,ff,-40,2.10
pfet_06v0,0.70u,8,drop_at_100mA,lv,45,0,3.23693,0.323693,ss,125,2.97,0.980799,ff,-40,3.63
pfet_06v0,0.70u,8,drop_at_100mA,mv,45,0,1.99084,0.199084,ss,125,4.50,0.729697,ff,-40,5.50
pfet_06v0,0.70u,8,drop_at_50mA,dropout_testpoint,15,0,5.21752,0.260876,ss,125,2.10,1.75519,ff,-40,2.10
pfet_06v0,0.70u,8,drop_at_50mA,lv,45,0,3.05026,0.152513,ss,125,2.97,0.965357,ff,-40,3.63
pfet_06v0,0.70u,8,drop_at_50mA,mv,45,0,1.94978,0.0974888,ss,125,4.50,0.724083,ff,-40,5.50
pfet_06v0,0.70u,8,rlin_at_50mV,dropout_testpoint,15,0,4.6332,0.05,ss,125,2.10,1.71484,ff,-40,2.10
pfet_06v0,0.70u,8,rlin_at_50mV,lv,45,0,2.94754,0.05,ss,125,2.97,0.965888,ff,-40,3.63
pfet_06v0,0.70u,8,rlin_at_50mV,mv,45,0,1.93108,0.05,ss,125,4.50,0.726183,ff,-40,5.50
pfet_06v0,0.70u,16,drop_at_100mA,dropout_testpoint,15,0,2.60876,0.260876,ss,125,2.10,0.877594,ff,-40,2.10
pfet_06v0,0.70u,16,drop_at_100mA,lv,45,0,1.52513,0.152513,ss,125,2.97,0.482678,ff,-40,3.63
pfet_06v0,0.70u,16,drop_at_100mA,mv,45,0,0.974888,0.0974888,ss,125,4.50,0.362041,ff,-40,5.50
pfet_06v0,0.70u,16,drop_at_50mA,dropout_testpoint,15,0,2.40698,0.120349,ss,125,2.10,0.853594,ff,-40,2.10
pfet_06v0,0.70u,16,drop_at_50mA,lv,45,0,1.48565,0.0742826,ss,125,2.97,0.478971,ff,-40,3.63
pfet_06v0,0.70u,16,drop_at_50mA,mv,45,0,0.965199,0.04826,ss,125,4.50,0.360664,ff,-40,5.50
pfet_06v0,0.70u,16,rlin_at_50mV,dropout_testpoint,15,0,2.3166,0.05,ss,125,2.10,0.857418,ff,-40,2.10
pfet_06v0,0.70u,16,rlin_at_50mV,lv,45,0,1.47377,0.05,ss,125,2.97,0.482944,ff,-40,3.63
pfet_06v0,0.70u,16,rlin_at_50mV,mv,45,0,0.965539,0.05,ss,125,4.50,0.363091,ff,-40,5.50
pfet_06v0,1.20u,1,drop_at_100mA,dropout_testpoint,15,15,,,,,,,,,
pfet_06v0,1.20u,1,drop_at_100mA,lv,45,45,,,,,,,,,
pfet_06v0,1.20u,1,drop_at_100mA,mv,45,24,44.2382,4.42382,ss,27,5.50,13.0695,ff,-40,5.50
pfet_06v0,1.20u,1,drop_at_50mA,dropout_testpoint,15,15,,,,,,,,,
pfet_06v0,1.20u,1,drop_at_50mA,lv,45,34,63.9988,3.19994,typical,-40,3.30,18.2809,ff,-40,3.63
pfet_06v0,1.20u,1,drop_at_50mA,mv,45,0,44.3106,2.21553,ss,125,4.50,11.2461,ff,-40,5.50
pfet_06v0,1.20u,1,rlin_at_50mV,dropout_testpoint,15,0,64.5911,0.05,ss,125,2.10,25.8047,ff,-40,2.10
pfet_06v0,1.20u,1,rlin_at_50mV,lv,45,0,40.4199,0.05,ss,125,2.97,13.9143,ff,-40,3.63
pfet_06v0,1.20u,1,rlin_at_50mV,mv,45,0,26.0799,0.05,ss,125,4.50,10.2135,ff,-40,5.50
pfet_06v0,1.20u,2,drop_at_100mA,dropout_testpoint,15,15,,,,,,,,,
pfet_06v0,1.20u,2,drop_at_100mA,lv,45,34,31.9994,3.19994,typical,-40,3.30,9.14043,ff,-40,3.63
pfet_06v0,1.20u,2,drop_at_100mA,mv,45,0,22.1553,2.21553,ss,125,4.50,5.62307,ff,-40,5.50
pfet_06v0,1.20u,2,drop_at_50mA,dropout_testpoint,15,15,,,,,,,,,
pfet_06v0,1.20u,2,drop_at_50mA,lv,45,2,43.4732,2.17366,ss,27,2.97,7.68636,ff,-40,3.63
pfet_06v0,1.20u,2,drop_at_50mA,mv,45,0,15.1204,0.75602,ss,125,4.50,5.31482,ff,-40,5.50
pfet_06v0,1.20u,2,rlin_at_50mV,dropout_testpoint,15,0,32.2956,0.05,ss,125,2.10,12.9023,ff,-40,2.10
pfet_06v0,1.20u,2,rlin_at_50mV,lv,45,0,20.21,0.05,ss,125,2.97,6.95713,ff,-40,3.63
pfet_06v0,1.20u,2,rlin_at_50mV,mv,45,0,13.04,0.05,ss,125,4.50,5.10673,ff,-40,5.50
pfet_06v0,1.20u,4,drop_at_100mA,dropout_testpoint,15,15,,,,,,,,,
pfet_06v0,1.20u,4,drop_at_100mA,lv,45,2,21.7366,2.17366,ss,27,2.97,3.84318,ff,-40,3.63
pfet_06v0,1.20u,4,drop_at_100mA,mv,45,0,7.5602,0.75602,ss,125,4.50,2.65741,ff,-40,5.50
pfet_06v0,1.20u,4,drop_at_50mA,dropout_testpoint,15,8,22.7247,1.13623,sf,125,2.10,8.13979,ff,-40,2.10
pfet_06v0,1.20u,4,drop_at_50mA,lv,45,0,12.4391,0.621955,ss,125,2.97,3.61399,ff,-40,3.63
pfet_06v0,1.20u,4,drop_at_50mA,mv,45,0,6.92229,0.346115,ss,125,4.50,2.59098,ff,-40,5.50
pfet_06v0,1.20u,4,rlin_at_50mV,dropout_testpoint,15,0,16.1478,0.05,ss,125,2.10,6.45117,ff,-40,2.10
pfet_06v0,1.20u,4,rlin_at_50mV,lv,45,0,10.105,0.05,ss,125,2.97,3.47856,ff,-40,3.63
pfet_06v0,1.20u,4,rlin_at_50mV,mv,45,0,6.51998,0.05,ss,125,4.50,2.55336,ff,-40,5.50
pfet_06v0,1.20u,8,drop_at_100mA,dropout_testpoint,15,8,11.3623,1.13623,sf,125,2.10,4.0699,ff,-40,2.10
pfet_06v0,1.20u,8,drop_at_100mA,lv,45,0,6.21955,0.621955,ss,125,2.97,1.80699,ff,-40,3.63
pfet_06v0,1.20u,8,drop_at_100mA,mv,45,0,3.46115,0.346115,ss,125,4.50,1.29549,ff,-40,5.50
pfet_06v0,1.20u,8,drop_at_50mA,dropout_testpoint,15,0,11.1919,0.559594,ss,125,2.10,3.47992,ff,-40,2.10
pfet_06v0,1.20u,8,drop_at_50mA,lv,45,0,5.45355,0.272678,ss,125,2.97,1.75849,ff,-40,3.63
pfet_06v0,1.20u,8,drop_at_50mA,mv,45,0,3.33675,0.166837,ss,125,4.50,1.27996,ff,-40,5.50
pfet_06v0,1.20u,8,rlin_at_50mV,dropout_testpoint,15,0,8.07389,0.05,ss,125,2.10,3.22558,ff,-40,2.10
pfet_06v0,1.20u,8,rlin_at_50mV,lv,45,0,5.05249,0.05,ss,125,2.97,1.73928,ff,-40,3.63
pfet_06v0,1.20u,8,rlin_at_50mV,mv,45,0,3.25999,0.05,ss,125,4.50,1.27668,ff,-40,5.50
pfet_06v0,1.20u,16,drop_at_100mA,dropout_testpoint,15,0,5.59594,0.559594,ss,125,2.10,1.73996,ff,-40,2.10
pfet_06v0,1.20u,16,drop_at_100mA,lv,45,0,2.72678,0.272678,ss,125,2.97,0.879246,ff,-40,3.63
pfet_06v0,1.20u,16,drop_at_100mA,mv,45,0,1.66837,0.166837,ss,125,4.50,0.639981,ff,-40,5.50
pfet_06v0,1.20u,16,drop_at_50mA,dropout_testpoint,15,0,4.46246,0.223123,ss,125,2.10,1.64418,ff,-40,2.10
pfet_06v0,1.20u,16,drop_at_50mA,lv,45,0,2.59476,0.129738,ss,125,2.97,0.867987,ff,-40,3.63
pfet_06v0,1.20u,16,drop_at_50mA,mv,45,0,1.64035,0.0820176,ss,125,4.50,0.63622,ff,-40,5.50
pfet_06v0,1.20u,16,rlin_at_50mV,dropout_testpoint,15,0,4.03694,0.05,ss,125,2.10,1.61279,ff,-40,2.10
pfet_06v0,1.20u,16,rlin_at_50mV,lv,45,0,2.52624,0.05,ss,125,2.97,0.869641,ff,-40,3.63
pfet_06v0,1.20u,16,rlin_at_50mV,mv,45,0,1.63,0.05,ss,125,4.50,0.638341,ff,-40,5.50
