corner_id,corner,temp_c,vin_v,cout,esr_ohm,rload_ohm,t_v04,t_v14,t_startup,vout_max_en,vout_settled,icap_peak_ma,isup_peak_ma,dvout_max,dvout_min,ssr_end,hg_end,vout_pp_late,vout_off_tran,pg_off_tran,ssr_off_tran,hg_off_tran,slope_vpms,t_startup_ms
ff_-40c_2.97v_0.33u_0.001_36,ff,-40,2.97,0.33u,0.001,36,0.000941547,0.0025337,0.00301297,1.79945,1.79945,0.238041,50.1262,0.668827,-0.000258083,2.15667,2.97,1.15728e-09,2.73713e-09,2.96998,9.21747e-09,0.00142926,0.62808,3.01297
ff_-40c_2.97v_0.33u_0.5_36,ff,-40,2.97,0.33u,0.5,36,0.000941547,0.0025337,0.00301297,1.79945,1.79945,0.220771,50.129,0.668817,-6.67202e-05,2.15667,2.97,8.93466e-10,2.2794e-08,2.96998,9.21747e-09,0.00142935,0.62808,3.01297
ff_-40c_2.97v_1u_0.1_1e9,ff,-40,2.97,1u,0.1,1e9,0.000941492,0.00253367,0.00301294,1.80041,1.79945,0.86903,0.886692,0.743274,-0.000740565,2.15667,2.97,9.03779e-06,1.79765,2.97,9.21742e-09,0.00142461,0.62807,3.01294
ff_-40c_2.97v_1u_0.1_36,ff,-40,2.97,1u,0.1,36,0.000941546,0.0025337,0.00301297,1.79945,1.79945,0.695043,50.5447,0.694689,-4.77563e-06,2.15667,2.97,8.33412e-10,9.87727e-09,2.96997,9.2175e-09,0.00142913,0.62808,3.01297
ff_-40c_2.97v_4.7u_0.001_36,ff,-40,2.97,4.7u,0.001,36,0.000941541,0.0025337,0.00301297,1.79945,1.79945,4.96743,52.8676,1.05069,-0.00396708,2.15667,2.97,1.0849e-09,0.00882419,2.97003,9.21745e-09,0.00142895,0.628078,3.01297
ff_-40c_2.97v_4.7u_0.5_36,ff,-40,2.97,4.7u,0.5,36,0.000941541,0.0025337,0.00301297,1.79953,1.79945,4.35717,52.8675,0.958723,-0.00998121,2.15667,2.97,7.16655e-10,0.0093599,2.96999,9.21749e-09,0.00142835,0.628078,3.01297
ff_-40c_3.30v_1u_0.1_36,ff,-40,3.30,1u,0.1,36,0.000953788,0.00254575,0.00302499,1.79942,1.79942,0.680392,50.5456,0.680238,-2.28003e-05,2.23599,3.3,3.47904e-09,1.859e-08,3.29996,9.69905e-09,0.00158516,0.628156,3.02499
ff_-40c_3.63v_0.33u_0.001_36,ff,-40,3.63,0.33u,0.001,36,0.000964958,0.00255672,0.00303593,1.79933,1.79933,0.327898,50.1303,0.744676,-0.000455916,2.31109,3.63,1.96926e-09,2.33084e-08,3.63002,1.02612e-08,0.00173854,0.628235,3.03593
ff_-40c_3.63v_0.33u_0.5_36,ff,-40,3.63,0.33u,0.5,36,0.000964958,0.00255672,0.00303593,1.79933,1.79933,0.283919,50.1303,0.685192,-0.00011875,2.31109,3.63,8.42491e-10,7.9233e-08,3.62995,1.02612e-08,0.00173756,0.628235,3.03593
ff_-40c_3.63v_1u_0.1_1e9,ff,-40,3.63,1u,0.1,1e9,0.000964908,0.00255669,0.0030359,1.80008,1.79934,1.45754,1.48333,1.09002,-0.000731412,2.31109,3.63,1.96259e-06,1.79754,3.62999,1.0261e-08,0.00173175,0.628227,3.0359
ff_-40c_3.63v_1u_0.1_36,ff,-40,3.63,1u,0.1,36,0.000964957,0.00255672,0.00303593,1.79933,1.79933,0.688349,50.5509,0.669072,-3.41175e-05,2.31109,3.63,2.08186e-09,1.7929e-08,3.63002,1.02612e-08,0.00173855,0.628234,3.03593
ff_-40c_3.63v_4.7u_0.001_36,ff,-40,3.63,4.7u,0.001,36,0.000964954,0.00255672,0.00303593,1.79933,1.79933,4.19443,52.8744,0.888339,-6.69298e-07,2.31109,3.63,1.02165e-09,0.00882083,3.63002,1.02612e-08,0.00173722,0.628233,3.03593
ff_-40c_3.63v_4.7u_0.5_36,ff,-40,3.63,4.7u,0.5,36,0.000964954,0.00255672,0.00303593,1.79937,1.79933,3.91585,52.8744,0.851029,-0.00474336,2.31109,3.63,1.76366e-08,0.00935688,3.63001,1.02612e-08,0.00173837,0.628233,3.03593
ff_125c_2.97v_0.33u_0.001_36,ff,125,2.97,0.33u,0.001,36,0.00082733,0.00207439,0.00242813,1.79908,1.79908,0.264726,50.1604,0.802191,-8.15728e-06,1.98709,2.97,1.18932e-09,6.0594e-06,2.96998,4.53897e-08,0.000158189,0.801886,2.42813
ff_125c_2.97v_0.33u_0.5_36,ff,125,2.97,0.33u,0.5,36,0.00082733,0.00207439,0.00242813,1.79908,1.79908,0.264725,50.1604,0.80219,-7.66211e-06,1.98709,2.97,7.96345e-10,6.05337e-06,2.97001,4.53895e-08,0.000158672,0.801886,2.42813
ff_125c_2.97v_1u_0.1_1e9,ff,125,2.97,1u,0.1,1e9,0.000827229,0.00207432,0.00242806,1.80097,1.79948,2.45425,2.47621,2.27088,-0.000282214,1.98709,2.97,0.000111385,1.79774,2.97,4.53895e-08,0.000156544,0.801866,2.42806
ff_125c_2.97v_1u_0.1_36,ff,125,2.97,1u,0.1,36,0.000827328,0.00207439,0.00242813,1.79908,1.79908,0.802187,50.6972,0.802185,-0.0140101,1.98709,2.97,7.78841e-10,6.05929e-06,2.97,4.53896e-08,0.00015664,0.801885,2.42813
ff_125c_2.97v_4.7u_0.001_36,ff,125,2.97,4.7u,0.001,36,0.000827319,0.00207439,0.00242813,1.79945,1.79908,3.85166,53.6618,0.817594,-0.0804131,1.98709,2.97,7.25753e-10,0.00882463,2.96998,4.53895e-08,0.000158491,0.801879,2.42813
ff_125c_2.97v_4.7u_0.5_36,ff,125,2.97,4.7u,0.5,36,0.000827319,0.00207439,0.00242813,1.79939,1.79908,3.77019,53.6618,0.802168,-0.0365788,1.98709,2.97,8.3841e-10,0.00936006,2.96998,4.53894e-08,0.000158,0.801879,2.42813
ff_125c_3.30v_1u_0.1_36,ff,125,3.30,1u,0.1,36,0.000836873,0.00208381,0.00243755,1.79901,1.79901,0.802261,50.6973,0.80226,-7.14718e-07,2.06499,3.3,1.50984e-09,6.80695e-06,3.30001,4.39303e-08,0.000176007,0.801965,2.43755
ff_125c_3.63v_0.33u_0.001_36,ff,125,3.63,0.33u,0.001,36,0.000845651,0.00209247,0.00244619,1.79884,1.79884,0.264782,50.1559,0.80234,-0.000143294,2.13907,3.63,7.52366e-09,7.71443e-06,3.62998,4.30491e-08,0.000192481,0.802041,2.44619
ff_125c_3.63v_0.33u_0.5_36,ff,125,3.63,0.33u,0.5,36,0.000845651,0.00209247,0.00244619,1.79884,1.79884,0.264781,50.1559,0.80234,-2.55649e-05,2.13907,3.63,1.71279e-09,7.73495e-06,3.62998,4.30491e-08,0.000192609,0.802041,2.44619
ff_125c_3.63v_1u_0.1_1e9,ff,125,3.63,1u,0.1,1e9,0.000845568,0.00209241,0.00244614,1.80038,1.79909,2.78901,2.81993,2.67019,-0.000846235,2.13907,3.63,9.6031e-05,1.79737,3.63,4.30495e-08,0.00019113,0.802026,2.44614
ff_125c_3.63v_1u_0.1_36,ff,125,3.63,1u,0.1,36,0.000845649,0.00209247,0.00244619,1.79884,1.79884,0.802344,50.6929,0.802336,-3.41088e-06,2.13907,3.63,6.27306e-09,7.71151e-06,3.63002,4.3049e-08,0.000191968,0.80204,2.44619
ff_125c_3.63v_4.7u_0.001_36,ff,125,3.63,4.7u,0.001,36,0.000845642,0.00209247,0.00244619,1.79899,1.79884,3.77092,53.6581,0.802323,-0.0405834,2.13907,3.63,6.70397e-09,0.00882338,3.62997,4.30492e-08,0.00019267,0.802035,2.44619
ff_125c_3.63v_4.7u_0.5_36,ff,125,3.63,4.7u,0.5,36,0.000845642,0.00209247,0.00244619,1.79903,1.79884,3.77092,53.6581,0.802323,-0.1465,2.13907,3.63,5.70963e-09,0.00935853,3.62998,4.30491e-08,0.000192932,0.802035,2.44619
ff_27c_2.97v_1u_0.1_36,ff,27,2.97,1u,0.1,36,0.000870882,0.00228411,0.00269821,1.79934,1.79934,0.747337,50.6125,0.747053,-1.54562e-06,2.08824,2.97,2.18131e-09,1.25382e-08,2.97,1.21066e-08,0.000543427,0.7076,2.69821
ff_27c_3.30v_1u_0.1_36,ff,27,3.30,1u,0.1,36,0.000881761,0.00229483,0.00270892,1.7993,1.7993,0.739715,50.6175,0.739482,-2.52089e-06,2.16691,3.3,7.54112e-10,2.54532e-08,3.29998,1.26297e-08,0.000603093,0.70768,2.70892
ff_27c_3.63v_1u_0.1_36,ff,27,3.63,1u,0.1,36,0.000891704,0.00230462,0.00271869,1.79919,1.79919,0.734613,50.6201,0.734518,-3.11802e-06,2.24155,3.63,2.27147e-09,3.26348e-08,3.63002,1.32462e-08,0.000661201,0.707756,2.71869
fs_-40c_2.97v_1u_0.1_36,fs,-40,2.97,1u,0.1,36,0.0013373,0.00369545,0.00445373,1.79946,1.79946,0.49654,50.3595,0.496189,-1.30426e-05,2.12256,2.97,1.76028e-09,7.43729e-09,2.96997,1.00936e-08,0.0167067,0.424061,4.45373
fs_-40c_3.30v_1u_0.1_36,fs,-40,3.30,1u,0.1,36,0.00135535,0.00371311,0.0044713,1.79944,1.79944,0.482313,50.3618,0.482074,-3.27669e-05,2.11778,3.3,1.29937e-09,2.13608e-08,3.29992,1.05766e-08,0.0185599,0.424131,4.4713
fs_-40c_3.63v_1u_0.1_36,fs,-40,3.63,1u,0.1,36,0.00137171,0.00372909,0.00448717,1.79939,1.79939,0.511825,50.3616,0.475487,-4.21469e-05,2.11349,3.63,6.24438e-10,8.58614e-09,3.63001,1.11493e-08,0.0204148,0.4242,4.48717
fs_125c_2.97v_1u_0.1_36,fs,125,2.97,1u,0.1,36,0.00116401,0.00300679,0.0035775,1.79921,1.79921,0.54287,50.4633,0.54287,-7.12976e-06,2.155,2.97,1.26995e-09,9.5435e-08,2.97003,3.45732e-08,0.00374554,0.542658,3.5775
fs_125c_3.30v_1u_0.1_36,fs,125,3.30,1u,0.1,36,0.00117802,0.00302056,0.00359123,1.79918,1.79918,0.542939,50.4572,0.542938,-1.03553e-05,2.24078,3.3,2.96197e-09,1.10794e-07,3.30001,3.38714e-08,0.00415603,0.542729,3.59123
fs_125c_3.63v_1u_0.1_36,fs,125,3.63,1u,0.1,36,0.0011908,0.0030331,0.00360372,1.7991,1.7991,0.543008,50.4564,0.543005,-1.19839e-05,2.32228,3.63,1.88835e-09,1.28925e-07,3.63,3.35658e-08,0.00456972,0.5428,3.60372
fs_27c_2.97v_1u_0.1_36,fs,27,2.97,1u,0.1,36,0.00123249,0.00332565,0.0039874,1.79937,1.79937,0.531758,50.406,0.531535,-1.01698e-05,2.25529,2.97,1.92714e-09,-7.94664e-10,2.97001,1.29479e-08,0.00866406,0.477747,3.9874
fs_27c_3.30v_1u_0.1_36,fs,27,3.30,1u,0.1,36,0.00124851,0.00334137,0.00400305,1.79935,1.79935,0.52266,50.4112,0.522457,-2.59808e-05,2.33604,3.3,1.23132e-09,-4.19343e-10,3.30003,1.34631e-08,0.00962964,0.477815,4.00305
fs_27c_3.63v_1u_0.1_36,fs,27,3.63,1u,0.1,36,0.00126307,0.00335562,0.00401723,1.79929,1.79929,0.514998,50.4079,0.514848,-3.49221e-05,2.3757,3.63,2.02748e-09,7.49703e-09,3.63002,1.40789e-08,0.0105892,0.477886,4.01723
res_ff_-40c_2.97v_0.33u_0.001_36,res_ff,-40,2.97,0.33u,0.001,36,0.00100952,0.00277854,0.00332222,1.79943,1.79943,0.221686,50.1059,0.612345,-0.000413505,2.26026,2.97,1.0731e-09,1.75248e-09,2.96995,1.01643e-08,0.00298004,0.565285,3.32222
res_ff_-40c_2.97v_0.33u_0.5_36,res_ff,-40,2.97,0.33u,0.5,36,0.00100952,0.00277854,0.00332222,1.79943,1.79943,0.202108,50.1081,0.612324,-2.90856e-05,2.26026,2.97,7.86872e-10,6.94238e-08,2.96994,1.01646e-08,0.00298133,0.565285,3.32222
res_ff_-40c_2.97v_1u_0.1_1e9,res_ff,-40,2.97,1u,0.1,1e9,0.00100945,0.0027785,0.00332217,1.80046,1.79944,0.701647,0.718107,0.682669,-0.000742823,2.26026,2.97,3.48081e-05,1.79763,2.97002,1.01644e-08,0.00297653,0.565275,3.32217
res_ff_-40c_2.97v_1u_0.1_36,res_ff,-40,2.97,1u,0.1,36,0.00100952,0.00277854,0.00332222,1.79943,1.79943,0.640767,50.4829,0.640437,-5.62957e-07,2.26026,2.97,6.74235e-10,2.18579e-09,2.97,1.01644e-08,0.00297541,0.565285,3.32222
res_ff_-40c_2.97v_4.7u_0.001_36,res_ff,-40,2.97,4.7u,0.001,36,0.00100951,0.00277854,0.00332222,1.79943,1.79943,4.83092,52.5734,1.02263,-0.0046835,2.26026,2.97,1.05987e-09,0.00882621,2.96995,1.01642e-08,0.0029808,0.565282,3.32222
res_ff_-40c_2.97v_4.7u_0.5_36,res_ff,-40,2.97,4.7u,0.5,36,0.00100951,0.00277854,0.00332222,1.79952,1.79943,4.23623,52.5737,0.928921,-0.0094096,2.26026,2.97,1.22468e-09,0.00936282,2.96997,1.01643e-08,0.00298058,0.565282,3.32222
res_ff_-40c_3.30v_1u_0.1_36,res_ff,-40,3.30,1u,0.1,36,0.0010231,0.00279191,0.00333555,1.7994,1.7994,0.625936,50.4913,0.625713,-1.59623e-05,2.34497,3.3,1.52367e-09,6.10912e-09,3.3,1.05972e-08,0.00330422,0.565352,3.33555
res_ff_-40c_3.63v_0.33u_0.001_36,res_ff,-40,3.63,0.33u,0.001,36,0.00103545,0.00280404,0.00334764,1.79933,1.79933,0.303237,50.1088,0.7081,-0.000165277,2.42512,3.63,3.81146e-09,1.40777e-08,3.63,1.11257e-08,0.00363013,0.565422,3.34764
res_ff_-40c_3.63v_0.33u_0.5_36,res_ff,-40,3.63,0.33u,0.5,36,0.00103545,0.00280404,0.00334764,1.79933,1.79933,0.265312,50.1105,0.651911,-0.000126019,2.42512,3.63,3.02359e-08,2.83944e-08,3.62999,1.11258e-08,0.00363776,0.565422,3.34764
res_ff_-40c_3.63v_1u_0.1_1e9,res_ff,-40,3.63,1u,0.1,1e9,0.00103539,0.002804,0.0033476,1.80012,1.79933,0.959977,0.982129,0.892035,-0.000733724,2.42512,3.63,7.88073e-06,1.79753,3.63004,1.11258e-08,0.00363205,0.565416,3.3476
res_ff_-40c_3.63v_1u_0.1_36,res_ff,-40,3.63,1u,0.1,36,0.00103545,0.00280404,0.00334764,1.79933,1.79933,0.642523,50.4809,0.629274,-3.84501e-05,2.42512,3.63,5.99958e-10,1.12216e-08,3.63001,1.11258e-08,0.0036379,0.565422,3.34764
res_ff_-40c_3.63v_4.7u_0.001_36,res_ff,-40,3.63,4.7u,0.001,36,0.00103546,0.00280405,0.00334765,1.79933,1.79933,4.08913,52.5733,0.866659,-8.65663e-07,2.42512,3.63,2.76903e-09,0.00882338,3.63002,1.11258e-08,0.00363804,0.565422,3.34765
res_ff_-40c_3.63v_4.7u_0.5_36,res_ff,-40,3.63,4.7u,0.5,36,0.00103546,0.00280405,0.00334765,1.79936,1.79933,3.79457,52.573,0.825581,-0.00412753,2.42512,3.63,2.48251e-09,0.00935842,3.63002,1.11259e-08,0.00363397,0.565422,3.34765
res_ff_125c_2.97v_0.33u_0.001_36,res_ff,125,2.97,0.33u,0.001,36,0.000861247,0.00223533,0.00263518,1.79915,1.79915,0.240227,50.1365,0.727953,-7.55471e-06,2.09453,2.97,9.32949e-10,5.08806e-07,2.97001,2.24455e-08,0.000406769,0.727758,2.63518
res_ff_125c_2.97v_0.33u_0.5_36,res_ff,125,2.97,0.33u,0.5,36,0.000861247,0.00223533,0.00263518,1.79915,1.79915,0.240226,50.1377,0.727952,-8.49874e-06,2.09453,2.97,8.8267e-10,5.01687e-07,2.97001,2.24456e-08,0.000406973,0.727758,2.63518
res_ff_125c_2.97v_1u_0.1_1e9,res_ff,125,2.97,1u,0.1,1e9,0.000861122,0.00223525,0.0026351,1.80116,1.7993,1.78032,1.80179,1.7075,-0.000366806,2.09453,2.97,0.000145471,1.79748,2.97,2.24455e-08,0.000405875,0.727734,2.6351
res_ff_125c_2.97v_1u_0.1_36,res_ff,125,2.97,1u,0.1,36,0.000861244,0.00223533,0.00263518,1.79915,1.79915,0.727945,50.62,0.727944,-1.76774e-06,2.09453,2.97,7.80588e-10,5.09512e-07,2.97,2.24455e-08,0.000406784,0.727756,2.63518
res_ff_125c_2.97v_4.7u_0.001_36,res_ff,125,2.97,4.7u,0.001,36,0.000861234,0.00223533,0.00263518,1.79953,1.79915,4.49348,53.3067,0.953627,-0.0738739,2.09453,2.97,5.59168e-10,0.00882169,2.97,2.24455e-08,0.000407521,0.727751,2.63518
res_ff_125c_2.97v_4.7u_0.5_36,res_ff,125,2.97,4.7u,0.5,36,0.000861234,0.00223533,0.00263518,1.79948,1.79915,4.06839,53.3115,0.87928,-0.0359801,2.09453,2.97,8.44902e-10,0.00935712,2.96999,2.24455e-08,0.000407255,0.727751,2.63518
res_ff_125c_3.30v_1u_0.1_36,res_ff,125,3.30,1u,0.1,36,0.000871798,0.00224575,0.0026456,1.79909,1.79909,0.728009,50.626,0.728008,-5.93106e-07,2.17748,3.3,7.16767e-10,5.67467e-07,3.30001,2.26019e-08,0.000451446,0.727827,2.6456
res_ff_125c_3.63v_0.33u_0.001_36,res_ff,125,3.63,0.33u,0.001,36,0.000881496,0.00225531,0.00265515,1.79895,1.79895,0.240272,50.1359,0.72808,-1.63905e-05,2.25635,3.63,7.68759e-09,6.4663e-07,3.62998,2.29462e-08,0.000495755,0.727901,2.65515
res_ff_125c_3.63v_0.33u_0.5_36,res_ff,125,3.63,0.33u,0.5,36,0.000881496,0.00225531,0.00265515,1.79895,1.79895,0.240272,50.137,0.72808,-1.15282e-05,2.25635,3.63,3.26514e-09,6.52751e-07,3.62999,2.29464e-08,0.000496339,0.727901,2.65515
res_ff_125c_3.63v_1u_0.1_1e9,res_ff,125,3.63,1u,0.1,1e9,0.000881396,0.00225524,0.00265508,1.80058,1.7988,2.1473,2.17624,2.07348,-0.000354856,2.25635,3.62997,0.000129015,1.79702,3.63,2.29464e-08,0.000495015,0.727885,2.65508
res_ff_125c_3.63v_1u_0.1_36,res_ff,125,3.63,1u,0.1,36,0.000881495,0.00225531,0.00265515,1.79895,1.79895,0.728077,50.6194,0.728073,-1.10647e-06,2.25635,3.63,1.99864e-09,6.4356e-07,3.63002,2.29467e-08,0.000495832,0.7279,2.65515
res_ff_125c_3.63v_4.7u_0.001_36,res_ff,125,3.63,4.7u,0.001,36,0.000881486,0.00225531,0.00265515,1.7991,1.79895,4.15726,53.3059,0.882578,-0.0379008,2.25635,3.63,1.16713e-09,0.00881858,3.63,2.29467e-08,0.00049414,0.727895,2.65515
res_ff_125c_3.63v_4.7u_0.5_36,res_ff,125,3.63,4.7u,0.5,36,0.000881486,0.00225531,0.00265515,1.79914,1.79895,3.88664,53.3115,0.839181,-0.0217146,2.25635,3.63,2.23007e-09,0.0093543,3.63001,2.29464e-08,0.000495253,0.727895,2.65515
res_ff_27c_2.97v_1u_0.1_36,res_ff,27,2.97,1u,0.1,36,0.000927942,0.00249813,0.00296938,1.79934,1.79934,0.707114,50.5416,0.706754,-9.06155e-07,2.19325,2.97,2.07692e-09,-2.83098e-10,2.97002,1.33074e-08,0.00124518,0.636866,2.96938
res_ff_27c_3.30v_1u_0.1_36,res_ff,27,3.30,1u,0.1,36,0.00094001,0.00251002,0.00298126,1.7993,1.7993,0.696648,50.5436,0.696401,-5.38801e-06,2.27719,3.3,1.33999e-09,-2.89546e-09,3.30004,1.37696e-08,0.00138741,0.636939,2.98126
res_ff_27c_3.63v_1u_0.1_36,res_ff,27,3.63,1u,0.1,36,0.000951018,0.00252086,0.00299207,1.7992,1.7992,0.687993,50.5434,0.687762,-2.02689e-05,2.35677,3.63,1.18657e-09,4.63476e-09,3.63005,1.43423e-08,0.00152131,0.637007,2.99207
res_ss_-40c_2.97v_0.33u_0.001_36,res_ss,-40,2.97,0.33u,0.001,36,0.00161742,0.00456445,0.0050669,2.4759,1.79287,229.28,282.005,592.534,-205.126,1.68861,2.96987,0.911581,1.68505e-09,2.97001,1.16708e-08,0.047061,0.339325,5.0669
res_ss_-40c_2.97v_0.33u_0.5_36,res_ss,-40,2.97,0.33u,0.5,36,0.00161742,0.00456444,0.0055373,1.7995,1.7995,0.131588,50.0631,0.442595,-4.46469e-05,1.68861,2.97,1.7969e-09,-7.95849e-08,2.97008,1.16706e-08,0.0470728,0.339326,5.5373
res_ss_-40c_2.97v_1u_0.1_1e9,res_ss,-40,2.97,1u,0.1,1e9,0.00161733,0.00456439,0.00553724,1.80054,1.79949,0.538585,0.550206,0.506811,-0.00124597,1.6886,2.96998,0.000203253,1.79774,2.97003,1.16708e-08,0.047061,0.339321,5.53724
res_ss_-40c_2.97v_1u_0.1_36,res_ss,-40,2.97,1u,0.1,36,0.00161742,0.00456444,0.0055373,1.7995,1.7995,0.394399,50.2881,0.394253,-1.6837e-05,1.68861,2.97,2.95681e-09,2.03635e-08,2.96991,1.16707e-08,0.0470728,0.339326,5.5373
res_ss_-40c_2.97v_4.7u_0.001_36,res_ss,-40,2.97,4.7u,0.001,36,0.00161742,0.00456444,0.0055373,1.79958,1.7995,2.77723,51.5432,0.589447,-0.0100629,1.68861,2.97,1.86475e-09,0.00882445,2.97003,1.16707e-08,0.0470649,0.339326,5.5373
res_ss_-40c_2.97v_4.7u_0.5_36,res_ss,-40,2.97,4.7u,0.5,36,0.00161742,0.00456444,0.0055373,1.79961,1.7995,2.57198,51.5419,0.556482,-0.0102305,1.68861,2.97,1.7001e-09,0.00936201,2.96992,1.16707e-08,0.0470726,0.339326,5.5373
res_ss_-40c_3.30v_1u_0.1_36,res_ss,-40,3.30,1u,0.1,36,0.00163994,0.00458636,0.00555904,1.79947,1.79947,0.392205,50.2903,0.382555,-2.82209e-05,1.68382,3.3,4.6104e-09,-1.04333e-08,3.30008,1.2143e-08,0.0522917,0.339395,5.55904
res_ss_-40c_3.63v_0.33u_0.001_36,res_ss,-40,3.63,0.33u,0.001,36,0.00166041,0.00460623,0.00508765,2.83164,1.79947,384.03,439.627,1061.46,-232.692,1.67953,3.62989,1.16803,1.4156e-08,3.62995,1.27249e-08,0.0575144,0.339464,5.08765
res_ss_-40c_3.63v_0.33u_0.5_36,res_ss,-40,3.63,0.33u,0.5,36,0.00166041,0.00460623,0.00557873,1.79941,1.79941,0.1538,50.0627,0.51901,-9.1003e-05,1.67953,3.63,1.0492e-09,-8.00481e-08,3.63009,1.27248e-08,0.0575171,0.339464,5.57873
res_ss_-40c_3.63v_1u_0.1_1e9,res_ss,-40,3.63,1u,0.1,1e9,0.00166033,0.00460618,0.00557868,1.80021,1.79941,0.821905,0.838087,0.704227,-0.00123989,1.67953,3.63,9.25219e-05,1.7976,3.62998,1.2725e-08,0.0575033,0.339461,5.57868
res_ss_-40c_3.63v_1u_0.1_36,res_ss,-40,3.63,1u,0.1,36,0.00166041,0.00460624,0.00557873,1.79941,1.79941,0.445139,50.2906,0.411906,-3.6232e-05,1.67953,3.63,2.31933e-09,1.84844e-09,3.63006,1.27251e-08,0.0575144,0.339463,5.57873
res_ss_-40c_3.63v_4.7u_0.001_36,res_ss,-40,3.63,4.7u,0.001,36,0.00166042,0.00460624,0.00557874,1.79943,1.79941,2.26234,51.5463,0.480605,-0.0029188,1.67953,3.63,7.0576e-10,0.00882205,3.62997,1.2725e-08,0.0575083,0.339464,5.57874
res_ss_-40c_3.63v_4.7u_0.5_36,res_ss,-40,3.63,4.7u,0.5,36,0.00166042,0.00460624,0.00557874,1.79947,1.79941,2.18215,51.5463,0.492262,-0.00616404,1.67953,3.63,1.34907e-09,0.00935848,3.62999,1.27251e-08,0.0575093,0.339464,5.57874
res_ss_125c_2.97v_0.33u_0.001_36,res_ss,125,2.97,0.33u,0.001,36,0.0013796,0.00367048,0.00440431,1.79924,1.79924,0.14411,50.076,0.436683,-0.00033239,2.06989,2.97,7.38406e-09,5.08812e-07,2.97,2.35667e-08,0.0142344,0.436513,4.40431
res_ss_125c_2.97v_0.33u_0.5_36,res_ss,125,2.97,0.33u,0.5,36,0.0013796,0.00367048,0.00440431,1.79924,1.79924,0.144108,50.0771,0.436682,-5.33413e-06,2.06989,2.97,2.14182e-09,5.23335e-07,2.96998,2.35667e-08,0.0142371,0.436513,4.40431
res_ss_125c_2.97v_1u_0.1_1e9,res_ss,125,2.97,1u,0.1,1e9,0.00137943,0.00367036,0.00440419,1.80121,1.79911,1.12222,1.13708,1.11303,-0.00101725,2.06989,2.96999,0.000336174,1.79726,2.97,2.35668e-08,0.0142322,0.436504,4.40419
res_ss_125c_2.97v_1u_0.1_36,res_ss,125,2.97,1u,0.1,36,0.0013796,0.00367048,0.00440431,1.79924,1.79924,0.436682,50.365,0.436679,-2.67681e-06,2.06989,2.97,9.35379e-10,5.09253e-07,2.97,2.35667e-08,0.0142333,0.436513,4.40431
res_ss_125c_2.97v_4.7u_0.001_36,res_ss,125,2.97,4.7u,0.001,36,0.00137959,0.00367048,0.00440431,1.79962,1.79924,2.4882,51.9778,0.52882,-0.0503435,2.06989,2.97,7.79576e-10,0.00882164,2.97001,2.35667e-08,0.0142351,0.436512,4.40431
res_ss_125c_2.97v_4.7u_0.5_36,res_ss,125,2.97,4.7u,0.5,36,0.00137959,0.00367048,0.00440431,1.79956,1.79924,2.35231,51.979,0.504411,-0.029809,2.06989,2.97,9.12491e-10,0.009357,2.97,2.35666e-08,0.0142345,0.436512,4.40431
res_ss_125c_3.30v_1u_0.1_36,res_ss,125,3.30,1u,0.1,36,0.00139712,0.00368763,0.00442137,1.79919,1.79919,0.436748,50.368,0.436746,-3.54934e-06,2.13131,3.3,3.02934e-09,5.68522e-07,3.30001,2.374e-08,0.0158035,0.436584,4.42137
res_ss_125c_3.63v_0.33u_0.001_36,res_ss,125,3.63,0.33u,0.001,36,0.00141319,0.00370333,0.00443698,1.79906,1.79906,0.144152,50.0754,0.436816,-0.000726936,2.15144,3.63,9.05492e-09,6.46605e-07,3.63002,2.4108e-08,0.0173726,0.436655,4.43698
res_ss_125c_3.63v_0.33u_0.5_36,res_ss,125,3.63,0.33u,0.5,36,0.00141319,0.00370333,0.00443698,1.79906,1.79906,0.14415,50.0758,0.436814,-8.38076e-06,2.15144,3.63,4.1469e-09,6.59953e-07,3.62999,2.41079e-08,0.0173723,0.436655,4.43698
res_ss_125c_3.63v_1u_0.1_1e9,res_ss,125,3.63,1u,0.1,1e9,0.00141304,0.00370324,0.00443689,1.80067,1.79915,1.41629,1.43504,1.3621,-0.00100873,2.15144,3.63001,0.000227348,1.79733,3.63,2.41079e-08,0.0173655,0.436643,4.43689
res_ss_125c_3.63v_1u_0.1_36,res_ss,125,3.63,1u,0.1,36,0.00141318,0.00370333,0.00443698,1.79906,1.79906,0.436814,50.3665,0.436812,-4.29244e-06,2.15144,3.63,5.56008e-09,6.49974e-07,3.62998,2.4108e-08,0.0173715,0.436653,4.43698
res_ss_125c_3.63v_4.7u_0.001_36,res_ss,125,3.63,4.7u,0.001,36,0.00141318,0.00370333,0.00443698,1.79929,1.79906,2.24334,51.9796,0.476904,-0.0308487,2.15144,3.63,4.38008e-09,0.00881912,3.62998,2.41079e-08,0.0173725,0.436653,4.43698
res_ss_125c_3.63v_4.7u_0.5_36,res_ss,125,3.63,4.7u,0.5,36,0.00141318,0.00370333,0.00443698,1.79928,1.79906,2.17496,51.9811,0.465549,-0.0204023,2.15144,3.63,4.54804e-09,0.00935447,3.63,2.41079e-08,0.017371,0.436653,4.43698
res_ss_27c_2.97v_1u_0.1_36,res_ss,27,2.97,1u,0.1,36,0.00148375,0.00409964,0.00495184,1.79941,1.79941,0.429975,50.3243,0.429849,-1.43435e-05,1.90257,2.97,3.18129e-09,2.40239e-09,2.97,1.46583e-08,0.0278474,0.382279,4.95184
res_ss_27c_3.30v_1u_0.1_36,res_ss,27,3.30,1u,0.1,36,0.00150376,0.00411918,0.00497125,1.79938,1.79938,0.421522,50.3237,0.421426,-2.29705e-05,1.89779,3.3,1.4218e-09,1.35915e-08,3.29996,1.51508e-08,0.0309292,0.382348,4.97125
res_ss_27c_3.63v_1u_0.1_36,res_ss,27,3.63,1u,0.1,36,0.001522,0.00413695,0.00498888,1.79929,1.79929,0.414979,50.322,0.414902,-2.77377e-05,1.8935,3.63,2.32324e-09,1.83207e-08,3.62998,1.57644e-08,0.0340174,0.382416,4.98888
sf_-40c_2.97v_1u_0.1_36,sf,-40,2.97,1u,0.1,36,0.00129232,0.00365048,0.00440876,1.79948,1.79948,0.475983,50.3619,0.475826,-1.80629e-05,2.13256,2.97,2.87866e-09,1.25216e-08,2.96995,1.13992e-08,0.016732,0.424059,4.40876
sf_-40c_3.30v_1u_0.1_36,sf,-40,3.30,1u,0.1,36,0.00131041,0.00366818,0.00442637,1.79944,1.79944,0.476359,50.3587,0.47219,-2.77408e-05,2.13042,3.3,2.64507e-09,1.2255e-08,3.29998,1.18058e-08,0.0185729,0.42413,4.42637
sf_-40c_3.63v_1u_0.1_36,sf,-40,3.63,1u,0.1,36,0.00132692,0.00368431,0.00444239,1.79933,1.79933,0.556023,50.3599,0.50516,-3.87057e-05,2.12618,3.63,2.97875e-09,1.39563e-08,3.63002,1.23272e-08,0.02042,0.424198,4.44239
sf_125c_2.97v_1u_0.1_36,sf,125,2.97,1u,0.1,36,0.00108871,0.00291909,0.00348512,1.79916,1.79916,0.553099,50.4623,0.553019,-2.48966e-06,2.00869,2.97,3.49186e-09,3.264e-06,2.97,2.13485e-08,0.00375506,0.546335,3.48512
sf_125c_3.30v_1u_0.1_36,sf,125,3.30,1u,0.1,36,0.00110283,0.00293296,0.00349896,1.79908,1.79908,0.549628,50.4595,0.549568,-3.77721e-06,2.08859,3.3,3.91762e-09,3.66441e-06,3.3,2.16382e-08,0.00416854,0.546409,3.49896
sf_125c_3.63v_1u_0.1_36,sf,125,3.63,1u,0.1,36,0.00111586,0.00294577,0.00351171,1.79886,1.79886,0.550138,50.4586,0.550092,-3.81936e-06,2.1646,3.63,3.69677e-09,4.14709e-06,3.63,2.20899e-08,0.00457951,0.546475,3.51171
sf_27c_2.97v_1u_0.1_36,sf,27,2.97,1u,0.1,36,0.00118288,0.00327603,0.00393777,1.79938,1.79938,0.529896,50.4091,0.529735,-1.2722e-05,2.11132,2.97,2.34228e-09,1.09152e-08,2.96998,1.46561e-08,0.00868997,0.477749,3.93777
sf_27c_3.30v_1u_0.1_36,sf,27,3.30,1u,0.1,36,0.00119897,0.00329181,0.00395349,1.79932,1.79932,0.521037,50.406,0.520929,-1.84909e-05,2.19206,3.3,5.29433e-09,7.34251e-09,3.30003,1.50753e-08,0.00964143,0.47782,3.95349
sf_27c_3.63v_1u_0.1_36,sf,27,3.63,1u,0.1,36,0.00121372,0.00330625,0.00396786,1.79918,1.79918,0.514275,50.4069,0.514191,-2.09175e-05,2.26823,3.63,6.43394e-09,2.5632e-08,3.62999,1.56254e-08,0.0105961,0.47789,3.96786
ss_-40c_2.97v_0.33u_0.001_36,ss,-40,2.97,0.33u,0.001,36,0.0017296,0.00497127,0.00605152,2.31496,1.76547,146.971,196.81,364.557,-190.663,1.53656,2.97048,0.713976,1.16389e-09,2.97,1.34041e-08,0.0678986,0.308483,6.05152
ss_-40c_2.97v_0.33u_0.5_36,ss,-40,2.97,0.33u,0.5,36,0.0017296,0.00497127,0.00605144,1.79948,1.79948,0.12549,50.0525,0.466041,-1.98451e-05,1.53656,2.97,1.13571e-09,-9.3199e-09,2.97001,1.34042e-08,0.0679186,0.308483,6.05144
ss_-40c_2.97v_1u_0.1_1e9,ss,-40,2.97,1u,0.1,1e9,0.00172947,0.00497118,0.00605134,1.80058,1.79866,0.454217,0.465243,0.443121,-0.00124719,1.53656,2.96982,0.000459517,1.79769,2.97002,1.34041e-08,0.0679078,0.308479,6.05134
ss_-40c_2.97v_1u_0.1_36,ss,-40,2.97,1u,0.1,36,0.0017296,0.00497127,0.00605144,1.79948,1.79948,0.368534,50.2583,0.368385,-1.10102e-05,1.53656,2.97,3.05901e-09,-7.09417e-09,2.97004,1.3404e-08,0.0679261,0.308483,6.05144
ss_-40c_2.97v_4.7u_0.001_36,ss,-40,2.97,4.7u,0.001,36,0.0017296,0.00497127,0.00605144,1.79958,1.79948,2.68075,51.3981,0.569145,-0.0105484,1.53656,2.97,1.83283e-09,0.00882865,2.97009,1.34039e-08,0.067925,0.308483,6.05144
ss_-40c_2.97v_4.7u_0.5_36,ss,-40,2.97,4.7u,0.5,36,0.0017296,0.00497127,0.00605144,1.7996,1.79948,2.48478,51.3988,0.536395,-0.0101579,1.53656,2.97,1.94774e-09,0.00936471,2.97007,1.34039e-08,0.0679233,0.308483,6.05144
ss_-40c_3.30v_1u_0.1_36,ss,-40,3.30,1u,0.1,36,0.0017543,0.00499531,0.00607528,1.79946,1.79946,0.37581,50.2556,0.364454,-2.276e-05,1.53176,3.3,1.45028e-09,-8.8482e-09,3.30006,1.37987e-08,0.0754725,0.308546,6.07528
ss_-40c_3.63v_0.33u_0.001_36,ss,-40,3.63,0.33u,0.001,36,0.00177677,0.00501712,0.00609676,2.6784,1.79937,286.43,339.733,792.035,-221.848,1.52744,3.62996,1.0767,8.71325e-09,3.62994,1.43336e-08,0.0830114,0.308609,6.09676
ss_-40c_3.63v_0.33u_0.5_36,ss,-40,3.63,0.33u,0.5,36,0.00177677,0.00501712,0.00609689,1.7994,1.7994,0.153971,50.0517,0.605049,-9.49026e-05,1.52744,3.63,6.27575e-09,9.06749e-08,3.62992,1.43338e-08,0.0830208,0.308609,6.09689
ss_-40c_3.63v_1u_0.1_1e9,ss,-40,3.63,1u,0.1,1e9,0.00177667,0.00501705,0.00609682,1.80025,1.7995,0.678542,0.692643,0.592543,-0.00124121,1.52744,3.62996,0.000848042,1.79762,3.63002,1.43338e-08,0.0830036,0.308606,6.09682
ss_-40c_3.63v_1u_0.1_36,ss,-40,3.63,1u,0.1,36,0.00177677,0.00501712,0.00609689,1.7994,1.7994,0.419742,50.2581,0.39637,-3.59512e-05,1.52744,3.63,1.77467e-09,1.78026e-08,3.62996,1.43334e-08,0.0830199,0.308609,6.09689
ss_-40c_3.63v_4.7u_0.001_36,ss,-40,3.63,4.7u,0.001,36,0.00177677,0.00501713,0.00609689,1.79943,1.7994,2.17871,51.3945,0.462868,-0.00316036,1.52744,3.63,1.0532e-09,0.00882491,3.62996,1.43335e-08,0.0830191,0.308608,6.09689
ss_-40c_3.63v_4.7u_0.5_36,ss,-40,3.63,4.7u,0.5,36,0.00177677,0.00501713,0.00609689,1.79946,1.7994,2.0978,51.3966,0.495504,-0.00593373,1.52744,3.63,1.16307e-09,0.00935917,3.63,1.43335e-08,0.0830029,0.308608,6.09689
ss_125c_2.97v_0.33u_0.001_36,ss,125,2.97,0.33u,0.001,36,0.00144911,0.00396517,0.00478096,1.79923,1.79923,0.136057,50.0635,0.412253,-9.81066e-05,1.9768,2.97,7.59389e-09,4.82179e-08,2.97001,2.32977e-08,0.0228087,0.397447,4.78096
ss_125c_2.97v_0.33u_0.5_36,ss,125,2.97,0.33u,0.5,36,0.00144911,0.00396517,0.00478096,1.79923,1.79923,0.136056,50.0639,0.41226,-1.00879e-05,1.9768,2.97,4.30455e-09,4.07037e-08,2.97001,2.32977e-08,0.022809,0.397447,4.78096
ss_125c_2.97v_1u_0.1_1e9,ss,125,2.97,1u,0.1,1e9,0.00144889,0.00396502,0.00478082,1.80132,1.79926,0.527075,0.540322,0.527014,-0.00102601,1.9768,2.96994,0.000667968,1.79773,2.97001,2.32977e-08,0.0228029,0.397436,4.78082
ss_125c_2.97v_1u_0.1_36,ss,125,2.97,1u,0.1,36,0.00144911,0.00396517,0.00478096,1.79923,1.79923,0.422864,50.3276,0.422791,-3.38034e-06,1.9768,2.97,4.07767e-09,4.87671e-08,2.97,2.32977e-08,0.0228097,0.397447,4.78096
ss_125c_2.97v_4.7u_0.001_36,ss,125,2.97,4.7u,0.001,36,0.0014491,0.00396516,0.00478096,1.79964,1.79923,2.76453,51.7952,0.587522,-0.0480287,1.9768,2.97,2.74145e-09,0.00882361,2.97,2.32977e-08,0.0228058,0.397447,4.78096
ss_125c_2.97v_4.7u_0.5_36,ss,125,2.97,4.7u,0.5,36,0.0014491,0.00396516,0.00478096,1.79958,1.79923,2.58784,51.7972,0.555498,-0.0296059,1.9768,2.97,2.64035e-09,0.00935934,2.96999,2.32977e-08,0.0228087,0.397447,4.78096
ss_125c_3.30v_1u_0.1_36,ss,125,3.30,1u,0.1,36,0.00146834,0.003984,0.00479969,1.79919,1.79919,0.418958,50.3295,0.418895,-1.08279e-05,1.97212,3.3,9.06514e-10,5.22307e-08,3.30002,2.35732e-08,0.0253328,0.39751,4.79969
ss_125c_3.63v_0.33u_0.001_36,ss,125,3.63,0.33u,0.001,36,0.00148594,0.0040012,0.00481678,1.79908,1.79908,0.135261,50.0608,0.409853,-0.000207085,1.96781,3.63,1.00333e-08,6.63136e-08,3.63001,2.40265e-08,0.0278559,0.397573,4.81678
ss_125c_3.63v_0.33u_0.5_36,ss,125,3.63,0.33u,0.5,36,0.00148594,0.0040012,0.00481678,1.79908,1.79908,0.13526,50.0624,0.496774,-3.58338e-05,1.96781,3.63,2.21622e-09,6.10736e-08,3.63001,2.40266e-08,0.0278566,0.397573,4.81678
ss_125c_3.63v_1u_0.1_1e9,ss,125,3.63,1u,0.1,1e9,0.00148576,0.00400107,0.00481666,1.80077,1.79909,0.68478,0.701872,0.654775,-0.00101926,1.96781,3.63001,0.000233074,1.79721,3.63001,2.40267e-08,0.0278507,0.397565,4.81666
ss_125c_3.63v_1u_0.1_36,ss,125,3.63,1u,0.1,36,0.00148593,0.00400119,0.00481677,1.79908,1.79908,0.416951,50.3244,0.416891,-1.58499e-05,1.96781,3.63,4.47327e-09,6.76337e-08,3.62999,2.40266e-08,0.0278585,0.397573,4.81677
ss_125c_3.63v_4.7u_0.001_36,ss,125,3.63,4.7u,0.001,36,0.00148592,0.00400119,0.00481677,1.79932,1.79908,2.50313,51.7946,0.532046,-0.0293653,1.96781,3.63,3.62053e-09,0.00882051,3.62999,2.40267e-08,0.0278559,0.397572,4.81677
ss_125c_3.63v_4.7u_0.5_36,ss,125,3.63,4.7u,0.5,36,0.00148592,0.00400119,0.00481677,1.79931,1.79908,2.40059,51.7946,0.51475,-0.0199319,1.96781,3.63,3.03081e-09,0.00935607,3.63002,2.40266e-08,0.0278582,0.397572,4.81677
ss_27c_2.97v_1u_0.1_36,ss,27,2.97,1u,0.1,36,0.0015794,0.00445682,0.00540427,1.79939,1.79939,0.408008,50.2865,0.407889,-5.99483e-06,1.73202,2.97,1.85441e-09,8.67884e-09,2.96995,1.67684e-08,0.0420815,0.347534,5.40427
ss_27c_3.30v_1u_0.1_36,ss,27,3.30,1u,0.1,36,0.00160137,0.00447827,0.00542557,1.79936,1.79936,0.399063,50.288,0.398958,-1.76645e-05,1.72722,3.3,3.37463e-09,-4.4234e-09,3.30005,1.71672e-08,0.0467523,0.347596,5.42557
ss_27c_3.63v_1u_0.1_36,ss,27,3.63,1u,0.1,36,0.00162138,0.00449776,0.0054449,1.79928,1.79928,0.391188,50.2879,0.391116,-3.07037e-05,1.7229,3.63,1.10813e-09,-2.50779e-09,3.63007,1.77203e-08,0.0514254,0.347659,5.4449
tt_-40c_2.97v_0.33u_0.001_36,tt,-40,2.97,0.33u,0.001,36,0.00131327,0.00367142,0.00442971,1.79947,1.79947,0.170763,50.0777,0.466476,-0.000789478,2.12927,2.97,2.06659e-08,1.72178e-09,2.96998,1.07197e-08,0.0167133,0.424061,4.42971
tt_-40c_2.97v_0.33u_0.5_36,tt,-40,2.97,0.33u,0.5,36,0.00131327,0.00367142,0.00442971,1.79947,1.79947,0.158231,50.0807,0.466485,-3.1077e-05,2.12927,2.97,2.37451e-09,7.29524e-08,2.96993,1.07198e-08,0.0167146,0.424061,4.42971
tt_-40c_2.97v_1u_0.1_1e9,tt,-40,2.97,1u,0.1,1e9,0.0013132,0.00367138,0.00442966,1.80051,1.79947,0.592638,0.606212,0.566178,-0.00105728,2.12927,2.97,2.87313e-05,1.79767,2.97003,1.07197e-08,0.0167064,0.424056,4.42966
tt_-40c_2.97v_1u_0.1_36,tt,-40,2.97,1u,0.1,36,0.00131327,0.00367142,0.00442971,1.79947,1.79947,0.486621,50.3605,0.486424,-9.94513e-06,2.12927,2.97,2.01166e-09,3.31578e-09,2.96999,1.07196e-08,0.0167059,0.424061,4.42971
tt_-40c_2.97v_4.7u_0.001_36,tt,-40,2.97,4.7u,0.001,36,0.00131327,0.00367142,0.00442971,1.79953,1.79947,3.54919,51.9321,0.75263,-0.0090824,2.12927,2.97,1.07565e-09,0.00882622,2.96995,1.07197e-08,0.0167143,0.424061,4.42971
tt_-40c_2.97v_4.7u_0.5_36,tt,-40,2.97,4.7u,0.5,36,0.00131327,0.00367142,0.00442971,1.79958,1.79947,3.21646,51.927,0.699841,-0.0103986,2.12927,2.97,1.5881e-09,0.00936242,2.97002,1.07198e-08,0.0167154,0.424061,4.42971
tt_-40c_3.30v_1u_0.1_36,tt,-40,3.30,1u,0.1,36,0.00133133,0.0036891,0.00444728,1.79944,1.79944,0.473776,50.3594,0.473622,-2.86976e-05,2.12456,3.3,2.63356e-09,4.48044e-09,3.3,1.11687e-08,0.0185632,0.42413,4.44728
tt_-40c_3.63v_0.33u_0.001_36,tt,-40,3.63,0.33u,0.001,36,0.00134775,0.00370513,0.00446322,1.79937,1.79937,0.220207,50.0816,0.570449,-0.00150738,2.12027,3.63,2.65644e-09,1.40637e-08,3.63001,1.17189e-08,0.0204107,0.4242,4.46322
tt_-40c_3.63v_0.33u_0.5_36,tt,-40,3.63,0.33u,0.5,36,0.00134775,0.00370513,0.00446322,1.79937,1.79937,0.196844,50.0818,0.524539,-0.000102004,2.12027,3.63,8.82088e-10,5.53114e-08,3.62996,1.17189e-08,0.0204145,0.4242,4.46322
tt_-40c_3.63v_1u_0.1_1e9,tt,-40,3.63,1u,0.1,1e9,0.00134768,0.00370509,0.00446318,1.80018,1.79938,0.892258,0.911042,0.779221,-0.00105005,2.12027,3.63,8.8953e-06,1.79757,3.62999,1.17189e-08,0.0204052,0.424194,4.46318
tt_-40c_3.63v_1u_0.1_36,tt,-40,3.63,1u,0.1,36,0.00134775,0.00370513,0.00446322,1.79937,1.79937,0.52934,50.3648,0.492218,-3.90966e-05,2.12027,3.63,1.30531e-09,9.14101e-09,3.63002,1.17188e-08,0.0204076,0.4242,4.46322
tt_-40c_3.63v_4.7u_0.001_36,tt,-40,3.63,4.7u,0.001,36,0.00134775,0.00370514,0.00446322,1.79937,1.79937,2.91849,51.9328,0.619486,-0.000296362,2.12027,3.63,1.09003e-09,0.00882373,3.62993,1.17191e-08,0.0204121,0.424198,4.46322
tt_-40c_3.63v_4.7u_0.5_36,tt,-40,3.63,4.7u,0.5,36,0.00134775,0.00370514,0.00446322,1.79943,1.79937,2.77966,51.9339,0.600062,-0.00569321,2.12027,3.63,1.28446e-09,0.00935951,3.62994,1.17189e-08,0.0204135,0.424198,4.46322
tt_125c_2.97v_0.33u_0.001_36,tt,125,2.97,0.33u,0.001,36,0.00111961,0.00295201,0.0035188,1.7992,1.7992,0.180153,50.0998,0.54591,-3.14261e-05,2.08262,2.97,8.42775e-09,5.08814e-07,2.96999,2.27686e-08,0.00375133,0.545732,3.5188
tt_125c_2.97v_0.33u_0.5_36,tt,125,2.97,0.33u,0.5,36,0.00111961,0.00295201,0.0035188,1.7992,1.7992,0.180153,50.1002,0.545909,-1.00529e-05,2.08262,2.97,2.1062e-09,5.09519e-07,2.97,2.27686e-08,0.00375092,0.545732,3.5188
tt_125c_2.97v_1u_0.1_1e9,tt,125,2.97,1u,0.1,1e9,0.00111946,0.0029519,0.0035187,1.8012,1.79903,1.41295,1.42998,1.347,-0.000773275,2.08262,2.96998,0.000198507,1.79733,2.96999,2.27686e-08,0.00374849,0.54572,3.5187
tt_125c_2.97v_1u_0.1_36,tt,125,2.97,1u,0.1,36,0.00111961,0.00295201,0.0035188,1.7992,1.7992,0.545907,50.464,0.545904,-1.87935e-06,2.08262,2.97,2.36003e-09,5.10749e-07,2.96999,2.27686e-08,0.00375117,0.545732,3.5188
tt_125c_2.97v_4.7u_0.001_36,tt,125,2.97,4.7u,0.001,36,0.0011196,0.002952,0.0035188,1.7996,1.7992,3.22803,52.4808,0.685703,-0.0607349,2.08262,2.97,1.68159e-09,0.00882174,2.97001,2.27687e-08,0.00375081,0.545732,3.5188
tt_125c_2.97v_4.7u_0.5_36,tt,125,2.97,4.7u,0.5,36,0.0011196,0.002952,0.0035188,1.79953,1.7992,3.00089,52.4821,0.645601,-0.0330925,2.08262,2.97,1.80187e-09,0.00935729,2.97002,2.27685e-08,0.00375086,0.545732,3.5188
tt_125c_3.30v_1u_0.1_36,tt,125,3.30,1u,0.1,36,0.00113365,0.00296582,0.00353257,1.79915,1.79915,0.545972,50.4587,0.54597,-2.2419e-06,2.16543,3.3,2.23253e-09,5.73343e-07,3.29998,2.29306e-08,0.00416207,0.545801,3.53257
tt_125c_3.63v_0.33u_0.001_36,tt,125,3.63,0.33u,0.001,36,0.00114653,0.00297846,0.00354517,1.79902,1.79902,0.180197,50.0975,0.54604,-0.000107835,2.24416,3.63,7.32763e-09,6.46601e-07,3.63002,2.3282e-08,0.00457426,0.545872,3.54517
tt_125c_3.63v_0.33u_0.5_36,tt,125,3.63,0.33u,0.5,36,0.00114653,0.00297846,0.00354517,1.79902,1.79902,0.180197,50.0975,0.54604,-8.60241e-06,2.24416,3.63,3.24465e-09,6.69237e-07,3.62997,2.32823e-08,0.00457342,0.545872,3.54517
tt_125c_3.63v_1u_0.1_1e9,tt,125,3.63,1u,0.1,1e9,0.00114641,0.00297838,0.00354509,1.80064,1.799,1.67071,1.6937,1.64088,-0.000763451,2.24416,3.63,0.000113171,1.79718,3.62999,2.32823e-08,0.00457057,0.54586,3.54509
tt_125c_3.63v_1u_0.1_36,tt,125,3.63,1u,0.1,36,0.00114653,0.00297846,0.00354517,1.79902,1.79902,0.546039,50.463,0.546037,-3.6693e-06,2.24416,3.63,3.02254e-09,6.47878e-07,3.62999,2.32823e-08,0.00457425,0.545872,3.54517
tt_125c_3.63v_4.7u_0.001_36,tt,125,3.63,4.7u,0.001,36,0.00114652,0.00297846,0.00354516,1.79922,1.79902,2.93513,52.4817,0.6237,-0.0342513,2.24416,3.63,1.83462e-09,0.00881893,3.63001,2.32822e-08,0.00457276,0.545869,3.54516
tt_125c_3.63v_4.7u_0.5_36,tt,125,3.63,4.7u,0.5,36,0.00114652,0.00297846,0.00354516,1.79923,1.79902,2.80941,52.4817,0.603406,-0.021633,2.24416,3.63,2.4947e-09,0.00935434,3.62998,2.32821e-08,0.00457428,0.545869,3.54516
tt_27c_2.97v_1u_0.1_36,tt,27,2.97,1u,0.1,36,0.00120551,0.00329865,0.00396039,1.79938,1.79938,0.533784,50.4032,0.533603,-8.27221e-06,2.18414,2.97,1.98291e-09,4.00334e-09,2.96999,1.3756e-08,0.00868308,0.477751,3.96039
tt_27c_3.30v_1u_0.1_36,tt,27,3.30,1u,0.1,36,0.00122155,0.00331439,0.00397606,1.79934,1.79934,0.524476,50.4115,0.524317,-2.23077e-05,2.26748,3.3,7.60222e-10,-2.44117e-09,3.30004,1.42292e-08,0.00963051,0.47782,3.97606
tt_27c_3.63v_1u_0.1_36,tt,27,3.63,1u,0.1,36,0.00123618,0.00332871,0.00399032,1.79925,1.79925,0.517076,50.4095,0.51698,-3.12626e-05,2.34067,3.63,2.4364e-09,1.19369e-08,3.63002,1.48165e-08,0.0105927,0.47789,3.99032
