device,mim_corner,temp_c,vbias_v,w_um,l_um,area_um2,c_f,c_density_ff_per_um2
cap_mim_1f0_m2m3_noshield,mimcap_typical,-40,-1.65,10,10,100,1.11803E-13,1.11803
cap_mim_1f0_m2m3_noshield,mimcap_typical,-40,-1.65,30,30,900,9.27095E-13,1.03011
cap_mim_1f5_m2m3_noshield,mimcap_typical,-40,-1.65,10,10,100,1.61685E-13,1.61685
cap_mim_1f5_m2m3_noshield,mimcap_typical,-40,-1.65,30,30,900,1.36447E-12,1.51608
cap_mim_2f0_m2m3_noshield,mimcap_typical,-40,-1.65,10,10,100,2.08285E-13,2.08285
cap_mim_2f0_m2m3_noshield,mimcap_typical,-40,-1.65,30,30,900,1.81744E-12,2.01938
cap_mim_1f5_m3m4_noshield,mimcap_typical,-40,-1.65,10,10,100,1.61685E-13,1.61685
cap_mim_1f5_m4m5_noshield,mimcap_typical,-40,-1.65,10,10,100,1.61685E-13,1.61685
cap_mim_1f5_m5m6_noshield,mimcap_typical,-40,-1.65,10,10,100,1.61685E-13,1.61685
cap_mim_1f0_m2m3_noshield,mimcap_typical,-40,0,10,10,100,1.11803E-13,1.11803
cap_mim_1f0_m2m3_noshield,mimcap_typical,-40,0,30,30,900,9.27095E-13,1.03011
cap_mim_1f5_m2m3_noshield,mimcap_typical,-40,0,10,10,100,1.61685E-13,1.61685
cap_mim_1f5_m2m3_noshield,mimcap_typical,-40,0,30,30,900,1.36447E-12,1.51608
cap_mim_2f0_m2m3_noshield,mimcap_typical,-40,0,10,10,100,2.08285E-13,2.08285
cap_mim_2f0_m2m3_noshield,mimcap_typical,-40,0,30,30,900,1.81744E-12,2.01938
cap_mim_1f5_m3m4_noshield,mimcap_typical,-40,0,10,10,100,1.61685E-13,1.61685
cap_mim_1f5_m4m5_noshield,mimcap_typical,-40,0,10,10,100,1.61685E-13,1.61685
cap_mim_1f5_m5m6_noshield,mimcap_typical,-40,0,10,10,100,1.61685E-13,1.61685
cap_mim_1f0_m2m3_noshield,mimcap_typical,-40,0.825,10,10,100,1.11803E-13,1.11803
cap_mim_1f0_m2m3_noshield,mimcap_typical,-40,0.825,30,30,900,9.27095E-13,1.03011
cap_mim_1f5_m2m3_noshield,mimcap_typical,-40,0.825,10,10,100,1.61685E-13,1.61685
cap_mim_1f5_m2m3_noshield,mimcap_typical,-40,0.825,30,30,900,1.36447E-12,1.51608
cap_mim_2f0_m2m3_noshield,mimcap_typical,-40,0.825,10,10,100,2.08285E-13,2.08285
cap_mim_2f0_m2m3_noshield,mimcap_typical,-40,0.825,30,30,900,1.81744E-12,2.01938
cap_mim_1f5_m3m4_noshield,mimcap_typical,-40,0.825,10,10,100,1.61685E-13,1.61685
cap_mim_1f5_m4m5_noshield,mimcap_typical,-40,0.825,10,10,100,1.61685E-13,1.61685
cap_mim_1f5_m5m6_noshield,mimcap_typical,-40,0.825,10,10,100,1.61685E-13,1.61685
cap_mim_1f0_m2m3_noshield,mimcap_typical,-40,1.65,10,10,100,1.11803E-13,1.11803
cap_mim_1f0_m2m3_noshield,mimcap_typical,-40,1.65,30,30,900,9.27095E-13,1.03011
cap_mim_1f5_m2m3_noshield,mimcap_typical,-40,1.65,10,10,100,1.61685E-13,1.61685
cap_mim_1f5_m2m3_noshield,mimcap_typical,-40,1.65,30,30,900,1.36447E-12,1.51608
cap_mim_2f0_m2m3_noshield,mimcap_typical,-40,1.65,10,10,100,2.08285E-13,2.08285
cap_mim_2f0_m2m3_noshield,mimcap_typical,-40,1.65,30,30,900,1.81744E-12,2.01938
cap_mim_1f5_m3m4_noshield,mimcap_typical,-40,1.65,10,10,100,1.61685E-13,1.61685
cap_mim_1f5_m4m5_noshield,mimcap_typical,-40,1.65,10,10,100,1.61685E-13,1.61685
cap_mim_1f5_m5m6_noshield,mimcap_typical,-40,1.65,10,10,100,1.61685E-13,1.61685
cap_mim_1f0_m2m3_noshield,mimcap_typical,-40,2.50,10,10,100,1.11803E-13,1.11803
cap_mim_1f0_m2m3_noshield,mimcap_typical,-40,2.50,30,30,900,9.27095E-13,1.03011
cap_mim_1f5_m2m3_noshield,mimcap_typical,-40,2.50,10,10,100,1.61685E-13,1.61685
cap_mim_1f5_m2m3_noshield,mimcap_typical,-40,2.50,30,30,900,1.36447E-12,1.51608
cap_mim_2f0_m2m3_noshield,mimcap_typical,-40,2.50,10,10,100,2.08285E-13,2.08285
cap_mim_2f0_m2m3_noshield,mimcap_typical,-40,2.50,30,30,900,1.81744E-12,2.01938
cap_mim_1f5_m3m4_noshield,mimcap_typical,-40,2.50,10,10,100,1.61685E-13,1.61685
cap_mim_1f5_m4m5_noshield,mimcap_typical,-40,2.50,10,10,100,1.61685E-13,1.61685
cap_mim_1f5_m5m6_noshield,mimcap_typical,-40,2.50,10,10,100,1.61685E-13,1.61685
cap_mim_1f0_m2m3_noshield,mimcap_typical,-40,3.30,10,10,100,1.11803E-13,1.11803
cap_mim_1f0_m2m3_noshield,mimcap_typical,-40,3.30,30,30,900,9.27095E-13,1.03011
cap_mim_1f5_m2m3_noshield,mimcap_typical,-40,3.30,10,10,100,1.61685E-13,1.61685
cap_mim_1f5_m2m3_noshield,mimcap_typical,-40,3.30,30,30,900,1.36447E-12,1.51608
cap_mim_2f0_m2m3_noshield,mimcap_typical,-40,3.30,10,10,100,2.08285E-13,2.08285
cap_mim_2f0_m2m3_noshield,mimcap_typical,-40,3.30,30,30,900,1.81744E-12,2.01938
cap_mim_1f5_m3m4_noshield,mimcap_typical,-40,3.30,10,10,100,1.61685E-13,1.61685
cap_mim_1f5_m4m5_noshield,mimcap_typical,-40,3.30,10,10,100,1.61685E-13,1.61685
cap_mim_1f5_m5m6_noshield,mimcap_typical,-40,3.30,10,10,100,1.61685E-13,1.61685
cap_mim_1f0_m2m3_noshield,mimcap_typical,27,-1.65,10,10,100,1.11903E-13,1.11903
cap_mim_1f0_m2m3_noshield,mimcap_typical,27,-1.65,30,30,900,9.27924E-13,1.03103
cap_mim_1f5_m2m3_noshield,mimcap_typical,27,-1.65,10,10,100,1.62173E-13,1.62173
cap_mim_1f5_m2m3_noshield,mimcap_typical,27,-1.65,30,30,900,1.36859E-12,1.52066
cap_mim_2f0_m2m3_noshield,mimcap_typical,27,-1.65,10,10,100,2.08538E-13,2.08538
cap_mim_2f0_m2m3_noshield,mimcap_typical,27,-1.65,30,30,900,1.81965E-12,2.02183
cap_mim_1f5_m3m4_noshield,mimcap_typical,27,-1.65,10,10,100,1.62173E-13,1.62173
cap_mim_1f5_m4m5_noshield,mimcap_typical,27,-1.65,10,10,100,1.62173E-13,1.62173
cap_mim_1f5_m5m6_noshield,mimcap_typical,27,-1.65,10,10,100,1.62173E-13,1.62173
cap_mim_1f0_m2m3_noshield,mimcap_typical,27,0,10,10,100,1.11903E-13,1.11903
cap_mim_1f0_m2m3_noshield,mimcap_typical,27,0,30,30,900,9.27924E-13,1.03103
cap_mim_1f5_m2m3_noshield,mimcap_typical,27,0,10,10,100,1.62173E-13,1.62173
cap_mim_1f5_m2m3_noshield,mimcap_typical,27,0,30,30,900,1.36859E-12,1.52066
cap_mim_2f0_m2m3_noshield,mimcap_typical,27,0,10,10,100,2.08538E-13,2.08538
cap_mim_2f0_m2m3_noshield,mimcap_typical,27,0,30,30,900,1.81965E-12,2.02183
cap_mim_1f5_m3m4_noshield,mimcap_typical,27,0,10,10,100,1.62173E-13,1.62173
cap_mim_1f5_m4m5_noshield,mimcap_typical,27,0,10,10,100,1.62173E-13,1.62173
cap_mim_1f5_m5m6_noshield,mimcap_typical,27,0,10,10,100,1.62173E-13,1.62173
cap_mim_1f0_m2m3_noshield,mimcap_typical,27,0.825,10,10,100,1.11903E-13,1.11903
cap_mim_1f0_m2m3_noshield,mimcap_typical,27,0.825,30,30,900,9.27924E-13,1.03103
cap_mim_1f5_m2m3_noshield,mimcap_typical,27,0.825,10,10,100,1.62173E-13,1.62173
cap_mim_1f5_m2m3_noshield,mimcap_typical,27,0.825,30,30,900,1.36859E-12,1.52066
cap_mim_2f0_m2m3_noshield,mimcap_typical,27,0.825,10,10,100,2.08538E-13,2.08538
cap_mim_2f0_m2m3_noshield,mimcap_typical,27,0.825,30,30,900,1.81965E-12,2.02183
cap_mim_1f5_m3m4_noshield,mimcap_typical,27,0.825,10,10,100,1.62173E-13,1.62173
cap_mim_1f5_m4m5_noshield,mimcap_typical,27,0.825,10,10,100,1.62173E-13,1.62173
cap_mim_1f5_m5m6_noshield,mimcap_typical,27,0.825,10,10,100,1.62173E-13,1.62173
cap_mim_1f0_m2m3_noshield,mimcap_typical,27,1.65,10,10,100,1.11903E-13,1.11903
cap_mim_1f0_m2m3_noshield,mimcap_typical,27,1.65,30,30,900,9.27924E-13,1.03103
cap_mim_1f5_m2m3_noshield,mimcap_typical,27,1.65,10,10,100,1.62173E-13,1.62173
cap_mim_1f5_m2m3_noshield,mimcap_typical,27,1.65,30,30,900,1.36859E-12,1.52066
cap_mim_2f0_m2m3_noshield,mimcap_typical,27,1.65,10,10,100,2.08538E-13,2.08538
cap_mim_2f0_m2m3_noshield,mimcap_typical,27,1.65,30,30,900,1.81965E-12,2.02183
cap_mim_1f5_m3m4_noshield,mimcap_typical,27,1.65,10,10,100,1.62173E-13,1.62173
cap_mim_1f5_m4m5_noshield,mimcap_typical,27,1.65,10,10,100,1.62173E-13,1.62173
cap_mim_1f5_m5m6_noshield,mimcap_typical,27,1.65,10,10,100,1.62173E-13,1.62173
cap_mim_1f0_m2m3_noshield,mimcap_typical,27,2.50,10,10,100,1.11903E-13,1.11903
cap_mim_1f0_m2m3_noshield,mimcap_typical,27,2.50,30,30,900,9.27924E-13,1.03103
cap_mim_1f5_m2m3_noshield,mimcap_typical,27,2.50,10,10,100,1.62173E-13,1.62173
cap_mim_1f5_m2m3_noshield,mimcap_typical,27,2.50,30,30,900,1.36859E-12,1.52066
cap_mim_2f0_m2m3_noshield,mimcap_typical,27,2.50,10,10,100,2.08538E-13,2.08538
cap_mim_2f0_m2m3_noshield,mimcap_typical,27,2.50,30,30,900,1.81965E-12,2.02183
cap_mim_1f5_m3m4_noshield,mimcap_typical,27,2.50,10,10,100,1.62173E-13,1.62173
cap_mim_1f5_m4m5_noshield,mimcap_typical,27,2.50,10,10,100,1.62173E-13,1.62173
cap_mim_1f5_m5m6_noshield,mimcap_typical,27,2.50,10,10,100,1.62173E-13,1.62173
cap_mim_1f0_m2m3_noshield,mimcap_typical,27,3.30,10,10,100,1.11903E-13,1.11903
cap_mim_1f0_m2m3_noshield,mimcap_typical,27,3.30,30,30,900,9.27924E-13,1.03103
cap_mim_1f5_m2m3_noshield,mimcap_typical,27,3.30,10,10,100,1.62173E-13,1.62173
cap_mim_1f5_m2m3_noshield,mimcap_typical,27,3.30,30,30,900,1.36859E-12,1.52066
cap_mim_2f0_m2m3_noshield,mimcap_typical,27,3.30,10,10,100,2.08538E-13,2.08538
cap_mim_2f0_m2m3_noshield,mimcap_typical,27,3.30,30,30,900,1.81965E-12,2.02183
cap_mim_1f5_m3m4_noshield,mimcap_typical,27,3.30,10,10,100,1.62173E-13,1.62173
cap_mim_1f5_m4m5_noshield,mimcap_typical,27,3.30,10,10,100,1.62173E-13,1.62173
cap_mim_1f5_m5m6_noshield,mimcap_typical,27,3.30,10,10,100,1.62173E-13,1.62173
cap_mim_1f0_m2m3_noshield,mimcap_typical,125,-1.65,10,10,100,1.1204E-13,1.1204
cap_mim_1f0_m2m3_noshield,mimcap_typical,125,-1.65,30,30,900,9.29062E-13,1.03229
cap_mim_1f5_m2m3_noshield,mimcap_typical,125,-1.65,10,10,100,1.62707E-13,1.62707
cap_mim_1f5_m2m3_noshield,mimcap_typical,125,-1.65,30,30,900,1.37309E-12,1.52566
cap_mim_2f0_m2m3_noshield,mimcap_typical,125,-1.65,10,10,100,2.08721E-13,2.08721
cap_mim_2f0_m2m3_noshield,mimcap_typical,125,-1.65,30,30,900,1.82124E-12,2.0236
cap_mim_1f5_m3m4_noshield,mimcap_typical,125,-1.65,10,10,100,1.62707E-13,1.62707
cap_mim_1f5_m4m5_noshield,mimcap_typical,125,-1.65,10,10,100,1.62707E-13,1.62707
cap_mim_1f5_m5m6_noshield,mimcap_typical,125,-1.65,10,10,100,1.62707E-13,1.62707
cap_mim_1f0_m2m3_noshield,mimcap_typical,125,0,10,10,100,1.1204E-13,1.1204
cap_mim_1f0_m2m3_noshield,mimcap_typical,125,0,30,30,900,9.29062E-13,1.03229
cap_mim_1f5_m2m3_noshield,mimcap_typical,125,0,10,10,100,1.62707E-13,1.62707
cap_mim_1f5_m2m3_noshield,mimcap_typical,125,0,30,30,900,1.37309E-12,1.52566
cap_mim_2f0_m2m3_noshield,mimcap_typical,125,0,10,10,100,2.08721E-13,2.08721
cap_mim_2f0_m2m3_noshield,mimcap_typical,125,0,30,30,900,1.82124E-12,2.0236
cap_mim_1f5_m3m4_noshield,mimcap_typical,125,0,10,10,100,1.62707E-13,1.62707
cap_mim_1f5_m4m5_noshield,mimcap_typical,125,0,10,10,100,1.62707E-13,1.62707
cap_mim_1f5_m5m6_noshield,mimcap_typical,125,0,10,10,100,1.62707E-13,1.62707
cap_mim_1f0_m2m3_noshield,mimcap_typical,125,0.825,10,10,100,1.1204E-13,1.1204
cap_mim_1f0_m2m3_noshield,mimcap_typical,125,0.825,30,30,900,9.29062E-13,1.03229
cap_mim_1f5_m2m3_noshield,mimcap_typical,125,0.825,10,10,100,1.62707E-13,1.62707
cap_mim_1f5_m2m3_noshield,mimcap_typical,125,0.825,30,30,900,1.37309E-12,1.52566
cap_mim_2f0_m2m3_noshield,mimcap_typical,125,0.825,10,10,100,2.08721E-13,2.08721
cap_mim_2f0_m2m3_noshield,mimcap_typical,125,0.825,30,30,900,1.82124E-12,2.0236
cap_mim_1f5_m3m4_noshield,mimcap_typical,125,0.825,10,10,100,1.62707E-13,1.62707
cap_mim_1f5_m4m5_noshield,mimcap_typical,125,0.825,10,10,100,1.62707E-13,1.62707
cap_mim_1f5_m5m6_noshield,mimcap_typical,125,0.825,10,10,100,1.62707E-13,1.62707
cap_mim_1f0_m2m3_noshield,mimcap_typical,125,1.65,10,10,100,1.1204E-13,1.1204
cap_mim_1f0_m2m3_noshield,mimcap_typical,125,1.65,30,30,900,9.29062E-13,1.03229
cap_mim_1f5_m2m3_noshield,mimcap_typical,125,1.65,10,10,100,1.62707E-13,1.62707
cap_mim_1f5_m2m3_noshield,mimcap_typical,125,1.65,30,30,900,1.37309E-12,1.52566
cap_mim_2f0_m2m3_noshield,mimcap_typical,125,1.65,10,10,100,2.08721E-13,2.08721
cap_mim_2f0_m2m3_noshield,mimcap_typical,125,1.65,30,30,900,1.82124E-12,2.0236
cap_mim_1f5_m3m4_noshield,mimcap_typical,125,1.65,10,10,100,1.62707E-13,1.62707
cap_mim_1f5_m4m5_noshield,mimcap_typical,125,1.65,10,10,100,1.62707E-13,1.62707
cap_mim_1f5_m5m6_noshield,mimcap_typical,125,1.65,10,10,100,1.62707E-13,1.62707
cap_mim_1f0_m2m3_noshield,mimcap_typical,125,2.50,10,10,100,1.1204E-13,1.1204
cap_mim_1f0_m2m3_noshield,mimcap_typical,125,2.50,30,30,900,9.29062E-13,1.03229
cap_mim_1f5_m2m3_noshield,mimcap_typical,125,2.50,10,10,100,1.62707E-13,1.62707
cap_mim_1f5_m2m3_noshield,mimcap_typical,125,2.50,30,30,900,1.37309E-12,1.52566
cap_mim_2f0_m2m3_noshield,mimcap_typical,125,2.50,10,10,100,2.08721E-13,2.08721
cap_mim_2f0_m2m3_noshield,mimcap_typical,125,2.50,30,30,900,1.82124E-12,2.0236
cap_mim_1f5_m3m4_noshield,mimcap_typical,125,2.50,10,10,100,1.62707E-13,1.62707
cap_mim_1f5_m4m5_noshield,mimcap_typical,125,2.50,10,10,100,1.62707E-13,1.62707
cap_mim_1f5_m5m6_noshield,mimcap_typical,125,2.50,10,10,100,1.62707E-13,1.62707
cap_mim_1f0_m2m3_noshield,mimcap_typical,125,3.30,10,10,100,1.1204E-13,1.1204
cap_mim_1f0_m2m3_noshield,mimcap_typical,125,3.30,30,30,900,9.29062E-13,1.03229
cap_mim_1f5_m2m3_noshield,mimcap_typical,125,3.30,10,10,100,1.62707E-13,1.62707
cap_mim_1f5_m2m3_noshield,mimcap_typical,125,3.30,30,30,900,1.37309E-12,1.52566
cap_mim_2f0_m2m3_noshield,mimcap_typical,125,3.30,10,10,100,2.08721E-13,2.08721
cap_mim_2f0_m2m3_noshield,mimcap_typical,125,3.30,30,30,900,1.82124E-12,2.0236
cap_mim_1f5_m3m4_noshield,mimcap_typical,125,3.30,10,10,100,1.62707E-13,1.62707
cap_mim_1f5_m4m5_noshield,mimcap_typical,125,3.30,10,10,100,1.62707E-13,1.62707
cap_mim_1f5_m5m6_noshield,mimcap_typical,125,3.30,10,10,100,1.62707E-13,1.62707
cap_mim_1f0_m2m3_noshield,mimcap_ff,-40,-1.65,10,10,100,1.00623E-13,1.00623
cap_mim_1f0_m2m3_noshield,mimcap_ff,-40,-1.65,30,30,900,8.34386E-13,0.927095
cap_mim_1f5_m2m3_noshield,mimcap_ff,-40,-1.65,10,10,100,1.36624E-13,1.36624
cap_mim_1f5_m2m3_noshield,mimcap_ff,-40,-1.65,30,30,900,1.15298E-12,1.28109
cap_mim_2f0_m2m3_noshield,mimcap_ff,-40,-1.65,10,10,100,1.87457E-13,1.87457
cap_mim_2f0_m2m3_noshield,mimcap_ff,-40,-1.65,30,30,900,1.6357E-12,1.81744
cap_mim_1f5_m3m4_noshield,mimcap_ff,-40,-1.65,10,10,100,1.36624E-13,1.36624
cap_mim_1f5_m4m5_noshield,mimcap_ff,-40,-1.65,10,10,100,1.36624E-13,1.36624
cap_mim_1f5_m5m6_noshield,mimcap_ff,-40,-1.65,10,10,100,1.36624E-13,1.36624
cap_mim_1f0_m2m3_noshield,mimcap_ff,-40,0,10,10,100,1.00623E-13,1.00623
cap_mim_1f0_m2m3_noshield,mimcap_ff,-40,0,30,30,900,8.34386E-13,0.927095
cap_mim_1f5_m2m3_noshield,mimcap_ff,-40,0,10,10,100,1.36624E-13,1.36624
cap_mim_1f5_m2m3_noshield,mimcap_ff,-40,0,30,30,900,1.15298E-12,1.28109
cap_mim_2f0_m2m3_noshield,mimcap_ff,-40,0,10,10,100,1.87457E-13,1.87457
cap_mim_2f0_m2m3_noshield,mimcap_ff,-40,0,30,30,900,1.6357E-12,1.81744
cap_mim_1f5_m3m4_noshield,mimcap_ff,-40,0,10,10,100,1.36624E-13,1.36624
cap_mim_1f5_m4m5_noshield,mimcap_ff,-40,0,10,10,100,1.36624E-13,1.36624
cap_mim_1f5_m5m6_noshield,mimcap_ff,-40,0,10,10,100,1.36624E-13,1.36624
cap_mim_1f0_m2m3_noshield,mimcap_ff,-40,0.825,10,10,100,1.00623E-13,1.00623
cap_mim_1f0_m2m3_noshield,mimcap_ff,-40,0.825,30,30,900,8.34386E-13,0.927095
cap_mim_1f5_m2m3_noshield,mimcap_ff,-40,0.825,10,10,100,1.36624E-13,1.36624
cap_mim_1f5_m2m3_noshield,mimcap_ff,-40,0.825,30,30,900,1.15298E-12,1.28109
cap_mim_2f0_m2m3_noshield,mimcap_ff,-40,0.825,10,10,100,1.87457E-13,1.87457
cap_mim_2f0_m2m3_noshield,mimcap_ff,-40,0.825,30,30,900,1.6357E-12,1.81744
cap_mim_1f5_m3m4_noshield,mimcap_ff,-40,0.825,10,10,100,1.36624E-13,1.36624
cap_mim_1f5_m4m5_noshield,mimcap_ff,-40,0.825,10,10,100,1.36624E-13,1.36624
cap_mim_1f5_m5m6_noshield,mimcap_ff,-40,0.825,10,10,100,1.36624E-13,1.36624
cap_mim_1f0_m2m3_noshield,mimcap_ff,-40,1.65,10,10,100,1.00623E-13,1.00623
cap_mim_1f0_m2m3_noshield,mimcap_ff,-40,1.65,30,30,900,8.34386E-13,0.927095
cap_mim_1f5_m2m3_noshield,mimcap_ff,-40,1.65,10,10,100,1.36624E-13,1.36624
cap_mim_1f5_m2m3_noshield,mimcap_ff,-40,1.65,30,30,900,1.15298E-12,1.28109
cap_mim_2f0_m2m3_noshield,mimcap_ff,-40,1.65,10,10,100,1.87457E-13,1.87457
cap_mim_2f0_m2m3_noshield,mimcap_ff,-40,1.65,30,30,900,1.6357E-12,1.81744
cap_mim_1f5_m3m4_noshield,mimcap_ff,-40,1.65,10,10,100,1.36624E-13,1.36624
cap_mim_1f5_m4m5_noshield,mimcap_ff,-40,1.65,10,10,100,1.36624E-13,1.36624
cap_mim_1f5_m5m6_noshield,mimcap_ff,-40,1.65,10,10,100,1.36624E-13,1.36624
cap_mim_1f0_m2m3_noshield,mimcap_ff,-40,2.50,10,10,100,1.00623E-13,1.00623
cap_mim_1f0_m2m3_noshield,mimcap_ff,-40,2.50,30,30,900,8.34386E-13,0.927095
cap_mim_1f5_m2m3_noshield,mimcap_ff,-40,2.50,10,10,100,1.36624E-13,1.36624
cap_mim_1f5_m2m3_noshield,mimcap_ff,-40,2.50,30,30,900,1.15298E-12,1.28109
cap_mim_2f0_m2m3_noshield,mimcap_ff,-40,2.50,10,10,100,1.87457E-13,1.87457
cap_mim_2f0_m2m3_noshield,mimcap_ff,-40,2.50,30,30,900,1.6357E-12,1.81744
cap_mim_1f5_m3m4_noshield,mimcap_ff,-40,2.50,10,10,100,1.36624E-13,1.36624
cap_mim_1f5_m4m5_noshield,mimcap_ff,-40,2.50,10,10,100,1.36624E-13,1.36624
cap_mim_1f5_m5m6_noshield,mimcap_ff,-40,2.50,10,10,100,1.36624E-13,1.36624
cap_mim_1f0_m2m3_noshield,mimcap_ff,-40,3.30,10,10,100,1.00623E-13,1.00623
cap_mim_1f0_m2m3_noshield,mimcap_ff,-40,3.30,30,30,900,8.34386E-13,0.927095
cap_mim_1f5_m2m3_noshield,mimcap_ff,-40,3.30,10,10,100,1.36624E-13,1.36624
cap_mim_1f5_m2m3_noshield,mimcap_ff,-40,3.30,30,30,900,1.15298E-12,1.28109
cap_mim_2f0_m2m3_noshield,mimcap_ff,-40,3.30,10,10,100,1.87457E-13,1.87457
cap_mim_2f0_m2m3_noshield,mimcap_ff,-40,3.30,30,30,900,1.6357E-12,1.81744
cap_mim_1f5_m3m4_noshield,mimcap_ff,-40,3.30,10,10,100,1.36624E-13,1.36624
cap_mim_1f5_m4m5_noshield,mimcap_ff,-40,3.30,10,10,100,1.36624E-13,1.36624
cap_mim_1f5_m5m6_noshield,mimcap_ff,-40,3.30,10,10,100,1.36624E-13,1.36624
cap_mim_1f0_m2m3_noshield,mimcap_ff,27,-1.65,10,10,100,1.00713E-13,1.00713
cap_mim_1f0_m2m3_noshield,mimcap_ff,27,-1.65,30,30,900,8.35132E-13,0.927924
cap_mim_1f5_m2m3_noshield,mimcap_ff,27,-1.65,10,10,100,1.37036E-13,1.37036
cap_mim_1f5_m2m3_noshield,mimcap_ff,27,-1.65,30,30,900,1.15646E-12,1.28495
cap_mim_2f0_m2m3_noshield,mimcap_ff,27,-1.65,10,10,100,1.87684E-13,1.87684
cap_mim_2f0_m2m3_noshield,mimcap_ff,27,-1.65,30,30,900,1.63768E-12,1.81965
cap_mim_1f5_m3m4_noshield,mimcap_ff,27,-1.65,10,10,100,1.37036E-13,1.37036
cap_mim_1f5_m4m5_noshield,mimcap_ff,27,-1.65,10,10,100,1.37036E-13,1.37036
cap_mim_1f5_m5m6_noshield,mimcap_ff,27,-1.65,10,10,100,1.37036E-13,1.37036
cap_mim_1f0_m2m3_noshield,mimcap_ff,27,0,10,10,100,1.00713E-13,1.00713
cap_mim_1f0_m2m3_noshield,mimcap_ff,27,0,30,30,900,8.35132E-13,0.927924
cap_mim_1f5_m2m3_noshield,mimcap_ff,27,0,10,10,100,1.37036E-13,1.37036
cap_mim_1f5_m2m3_noshield,mimcap_ff,27,0,30,30,900,1.15646E-12,1.28495
cap_mim_2f0_m2m3_noshield,mimcap_ff,27,0,10,10,100,1.87684E-13,1.87684
cap_mim_2f0_m2m3_noshield,mimcap_ff,27,0,30,30,900,1.63768E-12,1.81965
cap_mim_1f5_m3m4_noshield,mimcap_ff,27,0,10,10,100,1.37036E-13,1.37036
cap_mim_1f5_m4m5_noshield,mimcap_ff,27,0,10,10,100,1.37036E-13,1.37036
cap_mim_1f5_m5m6_noshield,mimcap_ff,27,0,10,10,100,1.37036E-13,1.37036
cap_mim_1f0_m2m3_noshield,mimcap_ff,27,0.825,10,10,100,1.00713E-13,1.00713
cap_mim_1f0_m2m3_noshield,mimcap_ff,27,0.825,30,30,900,8.35132E-13,0.927924
cap_mim_1f5_m2m3_noshield,mimcap_ff,27,0.825,10,10,100,1.37036E-13,1.37036
cap_mim_1f5_m2m3_noshield,mimcap_ff,27,0.825,30,30,900,1.15646E-12,1.28495
cap_mim_2f0_m2m3_noshield,mimcap_ff,27,0.825,10,10,100,1.87684E-13,1.87684
cap_mim_2f0_m2m3_noshield,mimcap_ff,27,0.825,30,30,900,1.63768E-12,1.81965
cap_mim_1f5_m3m4_noshield,mimcap_ff,27,0.825,10,10,100,1.37036E-13,1.37036
cap_mim_1f5_m4m5_noshield,mimcap_ff,27,0.825,10,10,100,1.37036E-13,1.37036
cap_mim_1f5_m5m6_noshield,mimcap_ff,27,0.825,10,10,100,1.37036E-13,1.37036
cap_mim_1f0_m2m3_noshield,mimcap_ff,27,1.65,10,10,100,1.00713E-13,1.00713
cap_mim_1f0_m2m3_noshield,mimcap_ff,27,1.65,30,30,900,8.35132E-13,0.927924
cap_mim_1f5_m2m3_noshield,mimcap_ff,27,1.65,10,10,100,1.37036E-13,1.37036
cap_mim_1f5_m2m3_noshield,mimcap_ff,27,1.65,30,30,900,1.15646E-12,1.28495
cap_mim_2f0_m2m3_noshield,mimcap_ff,27,1.65,10,10,100,1.87684E-13,1.87684
cap_mim_2f0_m2m3_noshield,mimcap_ff,27,1.65,30,30,900,1.63768E-12,1.81965
cap_mim_1f5_m3m4_noshield,mimcap_ff,27,1.65,10,10,100,1.37036E-13,1.37036
cap_mim_1f5_m4m5_noshield,mimcap_ff,27,1.65,10,10,100,1.37036E-13,1.37036
cap_mim_1f5_m5m6_noshield,mimcap_ff,27,1.65,10,10,100,1.37036E-13,1.37036
cap_mim_1f0_m2m3_noshield,mimcap_ff,27,2.50,10,10,100,1.00713E-13,1.00713
cap_mim_1f0_m2m3_noshield,mimcap_ff,27,2.50,30,30,900,8.35132E-13,0.927924
cap_mim_1f5_m2m3_noshield,mimcap_ff,27,2.50,10,10,100,1.37036E-13,1.37036
cap_mim_1f5_m2m3_noshield,mimcap_ff,27,2.50,30,30,900,1.15646E-12,1.28495
cap_mim_2f0_m2m3_noshield,mimcap_ff,27,2.50,10,10,100,1.87684E-13,1.87684
cap_mim_2f0_m2m3_noshield,mimcap_ff,27,2.50,30,30,900,1.63768E-12,1.81965
cap_mim_1f5_m3m4_noshield,mimcap_ff,27,2.50,10,10,100,1.37036E-13,1.37036
cap_mim_1f5_m4m5_noshield,mimcap_ff,27,2.50,10,10,100,1.37036E-13,1.37036
cap_mim_1f5_m5m6_noshield,mimcap_ff,27,2.50,10,10,100,1.37036E-13,1.37036
cap_mim_1f0_m2m3_noshield,mimcap_ff,27,3.30,10,10,100,1.00713E-13,1.00713
cap_mim_1f0_m2m3_noshield,mimcap_ff,27,3.30,30,30,900,8.35132E-13,0.927924
cap_mim_1f5_m2m3_noshield,mimcap_ff,27,3.30,10,10,100,1.37036E-13,1.37036
cap_mim_1f5_m2m3_noshield,mimcap_ff,27,3.30,30,30,900,1.15646E-12,1.28495
cap_mim_2f0_m2m3_noshield,mimcap_ff,27,3.30,10,10,100,1.87684E-13,1.87684
cap_mim_2f0_m2m3_noshield,mimcap_ff,27,3.30,30,30,900,1.63768E-12,1.81965
cap_mim_1f5_m3m4_noshield,mimcap_ff,27,3.30,10,10,100,1.37036E-13,1.37036
cap_mim_1f5_m4m5_noshield,mimcap_ff,27,3.30,10,10,100,1.37036E-13,1.37036
cap_mim_1f5_m5m6_noshield,mimcap_ff,27,3.30,10,10,100,1.37036E-13,1.37036
cap_mim_1f0_m2m3_noshield,mimcap_ff,125,-1.65,10,10,100,1.00836E-13,1.00836
cap_mim_1f0_m2m3_noshield,mimcap_ff,125,-1.65,30,30,900,8.36156E-13,0.929062
cap_mim_1f5_m2m3_noshield,mimcap_ff,125,-1.65,10,10,100,1.37487E-13,1.37487
cap_mim_1f5_m2m3_noshield,mimcap_ff,125,-1.65,30,30,900,1.16026E-12,1.28918
cap_mim_2f0_m2m3_noshield,mimcap_ff,125,-1.65,10,10,100,1.87849E-13,1.87849
cap_mim_2f0_m2m3_noshield,mimcap_ff,125,-1.65,30,30,900,1.63912E-12,1.82124
cap_mim_1f5_m3m4_noshield,mimcap_ff,125,-1.65,10,10,100,1.37487E-13,1.37487
cap_mim_1f5_m4m5_noshield,mimcap_ff,125,-1.65,10,10,100,1.37487E-13,1.37487
cap_mim_1f5_m5m6_noshield,mimcap_ff,125,-1.65,10,10,100,1.37487E-13,1.37487
cap_mim_1f0_m2m3_noshield,mimcap_ff,125,0,10,10,100,1.00836E-13,1.00836
cap_mim_1f0_m2m3_noshield,mimcap_ff,125,0,30,30,900,8.36156E-13,0.929062
cap_mim_1f5_m2m3_noshield,mimcap_ff,125,0,10,10,100,1.37487E-13,1.37487
cap_mim_1f5_m2m3_noshield,mimcap_ff,125,0,30,30,900,1.16026E-12,1.28918
cap_mim_2f0_m2m3_noshield,mimcap_ff,125,0,10,10,100,1.87849E-13,1.87849
cap_mim_2f0_m2m3_noshield,mimcap_ff,125,0,30,30,900,1.63912E-12,1.82124
cap_mim_1f5_m3m4_noshield,mimcap_ff,125,0,10,10,100,1.37487E-13,1.37487
cap_mim_1f5_m4m5_noshield,mimcap_ff,125,0,10,10,100,1.37487E-13,1.37487
cap_mim_1f5_m5m6_noshield,mimcap_ff,125,0,10,10,100,1.37487E-13,1.37487
cap_mim_1f0_m2m3_noshield,mimcap_ff,125,0.825,10,10,100,1.00836E-13,1.00836
cap_mim_1f0_m2m3_noshield,mimcap_ff,125,0.825,30,30,900,8.36156E-13,0.929062
cap_mim_1f5_m2m3_noshield,mimcap_ff,125,0.825,10,10,100,1.37487E-13,1.37487
cap_mim_1f5_m2m3_noshield,mimcap_ff,125,0.825,30,30,900,1.16026E-12,1.28918
cap_mim_2f0_m2m3_noshield,mimcap_ff,125,0.825,10,10,100,1.87849E-13,1.87849
cap_mim_2f0_m2m3_noshield,mimcap_ff,125,0.825,30,30,900,1.63912E-12,1.82124
cap_mim_1f5_m3m4_noshield,mimcap_ff,125,0.825,10,10,100,1.37487E-13,1.37487
cap_mim_1f5_m4m5_noshield,mimcap_ff,125,0.825,10,10,100,1.37487E-13,1.37487
cap_mim_1f5_m5m6_noshield,mimcap_ff,125,0.825,10,10,100,1.37487E-13,1.37487
cap_mim_1f0_m2m3_noshield,mimcap_ff,125,1.65,10,10,100,1.00836E-13,1.00836
cap_mim_1f0_m2m3_noshield,mimcap_ff,125,1.65,30,30,900,8.36156E-13,0.929062
cap_mim_1f5_m2m3_noshield,mimcap_ff,125,1.65,10,10,100,1.37487E-13,1.37487
cap_mim_1f5_m2m3_noshield,mimcap_ff,125,1.65,30,30,900,1.16026E-12,1.28918
cap_mim_2f0_m2m3_noshield,mimcap_ff,125,1.65,10,10,100,1.87849E-13,1.87849
cap_mim_2f0_m2m3_noshield,mimcap_ff,125,1.65,30,30,900,1.63912E-12,1.82124
cap_mim_1f5_m3m4_noshield,mimcap_ff,125,1.65,10,10,100,1.37487E-13,1.37487
cap_mim_1f5_m4m5_noshield,mimcap_ff,125,1.65,10,10,100,1.37487E-13,1.37487
cap_mim_1f5_m5m6_noshield,mimcap_ff,125,1.65,10,10,100,1.37487E-13,1.37487
cap_mim_1f0_m2m3_noshield,mimcap_ff,125,2.50,10,10,100,1.00836E-13,1.00836
cap_mim_1f0_m2m3_noshield,mimcap_ff,125,2.50,30,30,900,8.36156E-13,0.929062
cap_mim_1f5_m2m3_noshield,mimcap_ff,125,2.50,10,10,100,1.37487E-13,1.37487
cap_mim_1f5_m2m3_noshield,mimcap_ff,125,2.50,30,30,900,1.16026E-12,1.28918
cap_mim_2f0_m2m3_noshield,mimcap_ff,125,2.50,10,10,100,1.87849E-13,1.87849
cap_mim_2f0_m2m3_noshield,mimcap_ff,125,2.50,30,30,900,1.63912E-12,1.82124
cap_mim_1f5_m3m4_noshield,mimcap_ff,125,2.50,10,10,100,1.37487E-13,1.37487
cap_mim_1f5_m4m5_noshield,mimcap_ff,125,2.50,10,10,100,1.37487E-13,1.37487
cap_mim_1f5_m5m6_noshield,mimcap_ff,125,2.50,10,10,100,1.37487E-13,1.37487
cap_mim_1f0_m2m3_noshield,mimcap_ff,125,3.30,10,10,100,1.00836E-13,1.00836
cap_mim_1f0_m2m3_noshield,mimcap_ff,125,3.30,30,30,900,8.36156E-13,0.929062
cap_mim_1f5_m2m3_noshield,mimcap_ff,125,3.30,10,10,100,1.37487E-13,1.37487
cap_mim_1f5_m2m3_noshield,mimcap_ff,125,3.30,30,30,900,1.16026E-12,1.28918
cap_mim_2f0_m2m3_noshield,mimcap_ff,125,3.30,10,10,100,1.87849E-13,1.87849
cap_mim_2f0_m2m3_noshield,mimcap_ff,125,3.30,30,30,900,1.63912E-12,1.82124
cap_mim_1f5_m3m4_noshield,mimcap_ff,125,3.30,10,10,100,1.37487E-13,1.37487
cap_mim_1f5_m4m5_noshield,mimcap_ff,125,3.30,10,10,100,1.37487E-13,1.37487
cap_mim_1f5_m5m6_noshield,mimcap_ff,125,3.30,10,10,100,1.37487E-13,1.37487
cap_mim_1f0_m2m3_noshield,mimcap_ss,-40,-1.65,10,10,100,1.22983E-13,1.22983
cap_mim_1f0_m2m3_noshield,mimcap_ss,-40,-1.65,30,30,900,1.0198E-12,1.13312
cap_mim_1f5_m2m3_noshield,mimcap_ss,-40,-1.65,10,10,100,1.86746E-13,1.86746
cap_mim_1f5_m2m3_noshield,mimcap_ss,-40,-1.65,30,30,900,1.57596E-12,1.75107
cap_mim_2f0_m2m3_noshield,mimcap_ss,-40,-1.65,10,10,100,2.29114E-13,2.29114
cap_mim_2f0_m2m3_noshield,mimcap_ss,-40,-1.65,30,30,900,1.99919E-12,2.22132
cap_mim_1f5_m3m4_noshield,mimcap_ss,-40,-1.65,10,10,100,1.86746E-13,1.86746
cap_mim_1f5_m4m5_noshield,mimcap_ss,-40,-1.65,10,10,100,1.86746E-13,1.86746
cap_mim_1f5_m5m6_noshield,mimcap_ss,-40,-1.65,10,10,100,1.86746E-13,1.86746
cap_mim_1f0_m2m3_noshield,mimcap_ss,-40,0,10,10,100,1.22983E-13,1.22983
cap_mim_1f0_m2m3_noshield,mimcap_ss,-40,0,30,30,900,1.0198E-12,1.13312
cap_mim_1f5_m2m3_noshield,mimcap_ss,-40,0,10,10,100,1.86746E-13,1.86746
cap_mim_1f5_m2m3_noshield,mimcap_ss,-40,0,30,30,900,1.57596E-12,1.75107
cap_mim_2f0_m2m3_noshield,mimcap_ss,-40,0,10,10,100,2.29114E-13,2.29114
cap_mim_2f0_m2m3_noshield,mimcap_ss,-40,0,30,30,900,1.99919E-12,2.22132
cap_mim_1f5_m3m4_noshield,mimcap_ss,-40,0,10,10,100,1.86746E-13,1.86746
cap_mim_1f5_m4m5_noshield,mimcap_ss,-40,0,10,10,100,1.86746E-13,1.86746
cap_mim_1f5_m5m6_noshield,mimcap_ss,-40,0,10,10,100,1.86746E-13,1.86746
cap_mim_1f0_m2m3_noshield,mimcap_ss,-40,0.825,10,10,100,1.22983E-13,1.22983
cap_mim_1f0_m2m3_noshield,mimcap_ss,-40,0.825,30,30,900,1.0198E-12,1.13312
cap_mim_1f5_m2m3_noshield,mimcap_ss,-40,0.825,10,10,100,1.86746E-13,1.86746
cap_mim_1f5_m2m3_noshield,mimcap_ss,-40,0.825,30,30,900,1.57596E-12,1.75107
cap_mim_2f0_m2m3_noshield,mimcap_ss,-40,0.825,10,10,100,2.29114E-13,2.29114
cap_mim_2f0_m2m3_noshield,mimcap_ss,-40,0.825,30,30,900,1.99919E-12,2.22132
cap_mim_1f5_m3m4_noshield,mimcap_ss,-40,0.825,10,10,100,1.86746E-13,1.86746
cap_mim_1f5_m4m5_noshield,mimcap_ss,-40,0.825,10,10,100,1.86746E-13,1.86746
cap_mim_1f5_m5m6_noshield,mimcap_ss,-40,0.825,10,10,100,1.86746E-13,1.86746
cap_mim_1f0_m2m3_noshield,mimcap_ss,-40,1.65,10,10,100,1.22983E-13,1.22983
cap_mim_1f0_m2m3_noshield,mimcap_ss,-40,1.65,30,30,900,1.0198E-12,1.13312
cap_mim_1f5_m2m3_noshield,mimcap_ss,-40,1.65,10,10,100,1.86746E-13,1.86746
cap_mim_1f5_m2m3_noshield,mimcap_ss,-40,1.65,30,30,900,1.57596E-12,1.75107
cap_mim_2f0_m2m3_noshield,mimcap_ss,-40,1.65,10,10,100,2.29114E-13,2.29114
cap_mim_2f0_m2m3_noshield,mimcap_ss,-40,1.65,30,30,900,1.99919E-12,2.22132
cap_mim_1f5_m3m4_noshield,mimcap_ss,-40,1.65,10,10,100,1.86746E-13,1.86746
cap_mim_1f5_m4m5_noshield,mimcap_ss,-40,1.65,10,10,100,1.86746E-13,1.86746
cap_mim_1f5_m5m6_noshield,mimcap_ss,-40,1.65,10,10,100,1.86746E-13,1.86746
cap_mim_1f0_m2m3_noshield,mimcap_ss,-40,2.50,10,10,100,1.22983E-13,1.22983
cap_mim_1f0_m2m3_noshield,mimcap_ss,-40,2.50,30,30,900,1.0198E-12,1.13312
cap_mim_1f5_m2m3_noshield,mimcap_ss,-40,2.50,10,10,100,1.86746E-13,1.86746
cap_mim_1f5_m2m3_noshield,mimcap_ss,-40,2.50,30,30,900,1.57596E-12,1.75107
cap_mim_2f0_m2m3_noshield,mimcap_ss,-40,2.50,10,10,100,2.29114E-13,2.29114
cap_mim_2f0_m2m3_noshield,mimcap_ss,-40,2.50,30,30,900,1.99919E-12,2.22132
cap_mim_1f5_m3m4_noshield,mimcap_ss,-40,2.50,10,10,100,1.86746E-13,1.86746
cap_mim_1f5_m4m5_noshield,mimcap_ss,-40,2.50,10,10,100,1.86746E-13,1.86746
cap_mim_1f5_m5m6_noshield,mimcap_ss,-40,2.50,10,10,100,1.86746E-13,1.86746
cap_mim_1f0_m2m3_noshield,mimcap_ss,-40,3.30,10,10,100,1.22983E-13,1.22983
cap_mim_1f0_m2m3_noshield,mimcap_ss,-40,3.30,30,30,900,1.0198E-12,1.13312
cap_mim_1f5_m2m3_noshield,mimcap_ss,-40,3.30,10,10,100,1.86746E-13,1.86746
cap_mim_1f5_m2m3_noshield,mimcap_ss,-40,3.30,30,30,900,1.57596E-12,1.75107
cap_mim_2f0_m2m3_noshield,mimcap_ss,-40,3.30,10,10,100,2.29114E-13,2.29114
cap_mim_2f0_m2m3_noshield,mimcap_ss,-40,3.30,30,30,900,1.99919E-12,2.22132
cap_mim_1f5_m3m4_noshield,mimcap_ss,-40,3.30,10,10,100,1.86746E-13,1.86746
cap_mim_1f5_m4m5_noshield,mimcap_ss,-40,3.30,10,10,100,1.86746E-13,1.86746
cap_mim_1f5_m5m6_noshield,mimcap_ss,-40,3.30,10,10,100,1.86746E-13,1.86746
cap_mim_1f0_m2m3_noshield,mimcap_ss,27,-1.65,10,10,100,1.23093E-13,1.23093
cap_mim_1f0_m2m3_noshield,mimcap_ss,27,-1.65,30,30,900,1.02072E-12,1.13413
cap_mim_1f5_m2m3_noshield,mimcap_ss,27,-1.65,10,10,100,1.8731E-13,1.8731
cap_mim_1f5_m2m3_noshield,mimcap_ss,27,-1.65,30,30,900,1.58072E-12,1.75636
cap_mim_2f0_m2m3_noshield,mimcap_ss,27,-1.65,10,10,100,2.29392E-13,2.29392
cap_mim_2f0_m2m3_noshield,mimcap_ss,27,-1.65,30,30,900,2.00161E-12,2.22402
cap_mim_1f5_m3m4_noshield,mimcap_ss,27,-1.65,10,10,100,1.8731E-13,1.8731
cap_mim_1f5_m4m5_noshield,mimcap_ss,27,-1.65,10,10,100,1.8731E-13,1.8731
cap_mim_1f5_m5m6_noshield,mimcap_ss,27,-1.65,10,10,100,1.8731E-13,1.8731
cap_mim_1f0_m2m3_noshield,mimcap_ss,27,0,10,10,100,1.23093E-13,1.23093
cap_mim_1f0_m2m3_noshield,mimcap_ss,27,0,30,30,900,1.02072E-12,1.13413
cap_mim_1f5_m2m3_noshield,mimcap_ss,27,0,10,10,100,1.8731E-13,1.8731
cap_mim_1f5_m2m3_noshield,mimcap_ss,27,0,30,30,900,1.58072E-12,1.75636
cap_mim_2f0_m2m3_noshield,mimcap_ss,27,0,10,10,100,2.29392E-13,2.29392
cap_mim_2f0_m2m3_noshield,mimcap_ss,27,0,30,30,900,2.00161E-12,2.22402
cap_mim_1f5_m3m4_noshield,mimcap_ss,27,0,10,10,100,1.8731E-13,1.8731
cap_mim_1f5_m4m5_noshield,mimcap_ss,27,0,10,10,100,1.8731E-13,1.8731
cap_mim_1f5_m5m6_noshield,mimcap_ss,27,0,10,10,100,1.8731E-13,1.8731
cap_mim_1f0_m2m3_noshield,mimcap_ss,27,0.825,10,10,100,1.23093E-13,1.23093
cap_mim_1f0_m2m3_noshield,mimcap_ss,27,0.825,30,30,900,1.02072E-12,1.13413
cap_mim_1f5_m2m3_noshield,mimcap_ss,27,0.825,10,10,100,1.8731E-13,1.8731
cap_mim_1f5_m2m3_noshield,mimcap_ss,27,0.825,30,30,900,1.58072E-12,1.75636
cap_mim_2f0_m2m3_noshield,mimcap_ss,27,0.825,10,10,100,2.29392E-13,2.29392
cap_mim_2f0_m2m3_noshield,mimcap_ss,27,0.825,30,30,900,2.00161E-12,2.22402
cap_mim_1f5_m3m4_noshield,mimcap_ss,27,0.825,10,10,100,1.8731E-13,1.8731
cap_mim_1f5_m4m5_noshield,mimcap_ss,27,0.825,10,10,100,1.8731E-13,1.8731
cap_mim_1f5_m5m6_noshield,mimcap_ss,27,0.825,10,10,100,1.8731E-13,1.8731
cap_mim_1f0_m2m3_noshield,mimcap_ss,27,1.65,10,10,100,1.23093E-13,1.23093
cap_mim_1f0_m2m3_noshield,mimcap_ss,27,1.65,30,30,900,1.02072E-12,1.13413
cap_mim_1f5_m2m3_noshield,mimcap_ss,27,1.65,10,10,100,1.8731E-13,1.8731
cap_mim_1f5_m2m3_noshield,mimcap_ss,27,1.65,30,30,900,1.58072E-12,1.75636
cap_mim_2f0_m2m3_noshield,mimcap_ss,27,1.65,10,10,100,2.29392E-13,2.29392
cap_mim_2f0_m2m3_noshield,mimcap_ss,27,1.65,30,30,900,2.00161E-12,2.22402
cap_mim_1f5_m3m4_noshield,mimcap_ss,27,1.65,10,10,100,1.8731E-13,1.8731
cap_mim_1f5_m4m5_noshield,mimcap_ss,27,1.65,10,10,100,1.8731E-13,1.8731
cap_mim_1f5_m5m6_noshield,mimcap_ss,27,1.65,10,10,100,1.8731E-13,1.8731
cap_mim_1f0_m2m3_noshield,mimcap_ss,27,2.50,10,10,100,1.23093E-13,1.23093
cap_mim_1f0_m2m3_noshield,mimcap_ss,27,2.50,30,30,900,1.02072E-12,1.13413
cap_mim_1f5_m2m3_noshield,mimcap_ss,27,2.50,10,10,100,1.8731E-13,1.8731
cap_mim_1f5_m2m3_noshield,mimcap_ss,27,2.50,30,30,900,1.58072E-12,1.75636
cap_mim_2f0_m2m3_noshield,mimcap_ss,27,2.50,10,10,100,2.29392E-13,2.29392
cap_mim_2f0_m2m3_noshield,mimcap_ss,27,2.50,30,30,900,2.00161E-12,2.22402
cap_mim_1f5_m3m4_noshield,mimcap_ss,27,2.50,10,10,100,1.8731E-13,1.8731
cap_mim_1f5_m4m5_noshield,mimcap_ss,27,2.50,10,10,100,1.8731E-13,1.8731
cap_mim_1f5_m5m6_noshield,mimcap_ss,27,2.50,10,10,100,1.8731E-13,1.8731
cap_mim_1f0_m2m3_noshield,mimcap_ss,27,3.30,10,10,100,1.23093E-13,1.23093
cap_mim_1f0_m2m3_noshield,mimcap_ss,27,3.30,30,30,900,1.02072E-12,1.13413
cap_mim_1f5_m2m3_noshield,mimcap_ss,27,3.30,10,10,100,1.8731E-13,1.8731
cap_mim_1f5_m2m3_noshield,mimcap_ss,27,3.30,30,30,900,1.58072E-12,1.75636
cap_mim_2f0_m2m3_noshield,mimcap_ss,27,3.30,10,10,100,2.29392E-13,2.29392
cap_mim_2f0_m2m3_noshield,mimcap_ss,27,3.30,30,30,900,2.00161E-12,2.22402
cap_mim_1f5_m3m4_noshield,mimcap_ss,27,3.30,10,10,100,1.8731E-13,1.8731
cap_mim_1f5_m4m5_noshield,mimcap_ss,27,3.30,10,10,100,1.8731E-13,1.8731
cap_mim_1f5_m5m6_noshield,mimcap_ss,27,3.30,10,10,100,1.8731E-13,1.8731
cap_mim_1f0_m2m3_noshield,mimcap_ss,125,-1.65,10,10,100,1.23244E-13,1.23244
cap_mim_1f0_m2m3_noshield,mimcap_ss,125,-1.65,30,30,900,1.02197E-12,1.13552
cap_mim_1f5_m2m3_noshield,mimcap_ss,125,-1.65,10,10,100,1.87926E-13,1.87926
cap_mim_1f5_m2m3_noshield,mimcap_ss,125,-1.65,30,30,900,1.58592E-12,1.76214
cap_mim_2f0_m2m3_noshield,mimcap_ss,125,-1.65,10,10,100,2.29593E-13,2.29593
cap_mim_2f0_m2m3_noshield,mimcap_ss,125,-1.65,30,30,900,2.00337E-12,2.22596
cap_mim_1f5_m3m4_noshield,mimcap_ss,125,-1.65,10,10,100,1.87926E-13,1.87926
cap_mim_1f5_m4m5_noshield,mimcap_ss,125,-1.65,10,10,100,1.87926E-13,1.87926
cap_mim_1f5_m5m6_noshield,mimcap_ss,125,-1.65,10,10,100,1.87926E-13,1.87926
cap_mim_1f0_m2m3_noshield,mimcap_ss,125,0,10,10,100,1.23244E-13,1.23244
cap_mim_1f0_m2m3_noshield,mimcap_ss,125,0,30,30,900,1.02197E-12,1.13552
cap_mim_1f5_m2m3_noshield,mimcap_ss,125,0,10,10,100,1.87926E-13,1.87926
cap_mim_1f5_m2m3_noshield,mimcap_ss,125,0,30,30,900,1.58592E-12,1.76214
cap_mim_2f0_m2m3_noshield,mimcap_ss,125,0,10,10,100,2.29593E-13,2.29593
cap_mim_2f0_m2m3_noshield,mimcap_ss,125,0,30,30,900,2.00337E-12,2.22596
cap_mim_1f5_m3m4_noshield,mimcap_ss,125,0,10,10,100,1.87926E-13,1.87926
cap_mim_1f5_m4m5_noshield,mimcap_ss,125,0,10,10,100,1.87926E-13,1.87926
cap_mim_1f5_m5m6_noshield,mimcap_ss,125,0,10,10,100,1.87926E-13,1.87926
cap_mim_1f0_m2m3_noshield,mimcap_ss,125,0.825,10,10,100,1.23244E-13,1.23244
cap_mim_1f0_m2m3_noshield,mimcap_ss,125,0.825,30,30,900,1.02197E-12,1.13552
cap_mim_1f5_m2m3_noshield,mimcap_ss,125,0.825,10,10,100,1.87926E-13,1.87926
cap_mim_1f5_m2m3_noshield,mimcap_ss,125,0.825,30,30,900,1.58592E-12,1.76214
cap_mim_2f0_m2m3_noshield,mimcap_ss,125,0.825,10,10,100,2.29593E-13,2.29593
cap_mim_2f0_m2m3_noshield,mimcap_ss,125,0.825,30,30,900,2.00337E-12,2.22596
cap_mim_1f5_m3m4_noshield,mimcap_ss,125,0.825,10,10,100,1.87926E-13,1.87926
cap_mim_1f5_m4m5_noshield,mimcap_ss,125,0.825,10,10,100,1.87926E-13,1.87926
cap_mim_1f5_m5m6_noshield,mimcap_ss,125,0.825,10,10,100,1.87926E-13,1.87926
cap_mim_1f0_m2m3_noshield,mimcap_ss,125,1.65,10,10,100,1.23244E-13,1.23244
cap_mim_1f0_m2m3_noshield,mimcap_ss,125,1.65,30,30,900,1.02197E-12,1.13552
cap_mim_1f5_m2m3_noshield,mimcap_ss,125,1.65,10,10,100,1.87926E-13,1.87926
cap_mim_1f5_m2m3_noshield,mimcap_ss,125,1.65,30,30,900,1.58592E-12,1.76214
cap_mim_2f0_m2m3_noshield,mimcap_ss,125,1.65,10,10,100,2.29593E-13,2.29593
cap_mim_2f0_m2m3_noshield,mimcap_ss,125,1.65,30,30,900,2.00337E-12,2.22596
cap_mim_1f5_m3m4_noshield,mimcap_ss,125,1.65,10,10,100,1.87926E-13,1.87926
cap_mim_1f5_m4m5_noshield,mimcap_ss,125,1.65,10,10,100,1.87926E-13,1.87926
cap_mim_1f5_m5m6_noshield,mimcap_ss,125,1.65,10,10,100,1.87926E-13,1.87926
cap_mim_1f0_m2m3_noshield,mimcap_ss,125,2.50,10,10,100,1.23244E-13,1.23244
cap_mim_1f0_m2m3_noshield,mimcap_ss,125,2.50,30,30,900,1.02197E-12,1.13552
cap_mim_1f5_m2m3_noshield,mimcap_ss,125,2.50,10,10,100,1.87926E-13,1.87926
cap_mim_1f5_m2m3_noshield,mimcap_ss,125,2.50,30,30,900,1.58592E-12,1.76214
cap_mim_2f0_m2m3_noshield,mimcap_ss,125,2.50,10,10,100,2.29593E-13,2.29593
cap_mim_2f0_m2m3_noshield,mimcap_ss,125,2.50,30,30,900,2.00337E-12,2.22596
cap_mim_1f5_m3m4_noshield,mimcap_ss,125,2.50,10,10,100,1.87926E-13,1.87926
cap_mim_1f5_m4m5_noshield,mimcap_ss,125,2.50,10,10,100,1.87926E-13,1.87926
cap_mim_1f5_m5m6_noshield,mimcap_ss,125,2.50,10,10,100,1.87926E-13,1.87926
cap_mim_1f0_m2m3_noshield,mimcap_ss,125,3.30,10,10,100,1.23244E-13,1.23244
cap_mim_1f0_m2m3_noshield,mimcap_ss,125,3.30,30,30,900,1.02197E-12,1.13552
cap_mim_1f5_m2m3_noshield,mimcap_ss,125,3.30,10,10,100,1.87926E-13,1.87926
cap_mim_1f5_m2m3_noshield,mimcap_ss,125,3.30,30,30,900,1.58592E-12,1.76214
cap_mim_2f0_m2m3_noshield,mimcap_ss,125,3.30,10,10,100,2.29593E-13,2.29593
cap_mim_2f0_m2m3_noshield,mimcap_ss,125,3.30,30,30,900,2.00337E-12,2.22596
cap_mim_1f5_m3m4_noshield,mimcap_ss,125,3.30,10,10,100,1.87926E-13,1.87926
cap_mim_1f5_m4m5_noshield,mimcap_ss,125,3.30,10,10,100,1.87926E-13,1.87926
cap_mim_1f5_m5m6_noshield,mimcap_ss,125,3.30,10,10,100,1.87926E-13,1.87926
