corner_id,corner,temp_c,vin_v,cout,esr_ohm,rload_ohm,t_v04,t_v14,t_startup,vout_max_en,vout_settled,icap_peak_ma,isup_peak_ma,dvout_max,dvout_min,ssr_end,clg_end,vout_pp_late,vout_off_tran,pg_off_tran,ssr_off_tran,clg_off_tran,slope_vpms,t_startup_ms
ff_-40c_2.97v_0.33u_0.001_36,ff,-40,2.97,0.33u,0.001,36,0.000832684,0.00237719,0.00282978,1.97611,1.81289,108.133,154.276,254.15,-161.54,2.15669,2.22215,0.447063,2.63525e-09,2.97,8.83666e-09,-4.68111e-07,0.647456,2.82978
ff_-40c_2.97v_0.33u_0.5_36,ff,-40,2.97,0.33u,0.5,36,0.000832683,0.00237719,0.00282977,2.04957,1.79082,117.968,168.008,1025.05,-797.128,2.15667,3.30951,0.425231,-1.96596e-08,2.97002,2.00386e-09,2.557e-05,0.647456,2.82977
ff_-40c_2.97v_1u_0.1_1e9,ff,-40,2.97,1u,0.1,1e9,0.000854516,0.0023756,0.00282854,1.80754,1.80388,7.62929,7.64563,7.58213,-0.000748758,2.15667,2.96994,0.000297149,1.802,2.97,1.10351e-08,-4.92368e-06,0.657426,2.82854
ff_-40c_2.97v_1u_0.1_36,ff,-40,2.97,1u,0.1,36,0.00083267,0.00237719,0.00282978,1.89028,1.84608,111.278,160.892,246.756,-113.233,2.15669,2.60263,0.17406,5.30173e-09,2.96999,1.27059e-08,-1.48198e-05,0.64745,2.82978
ff_-40c_2.97v_4.7u_0.001_36,ff,-40,2.97,4.7u,0.001,36,0.000836629,0.00237719,0.00282978,1.81997,1.80682,133.082,183,24.5735,-10.7076,2.15668,2.95265,0.0345127,0.00880542,2.96998,1.27466e-08,-2.53339e-05,0.649114,2.82978
ff_-40c_2.97v_4.7u_0.5_36,ff,-40,2.97,4.7u,0.5,36,0.000832727,0.00237719,0.00282978,1.87994,1.80294,158.606,210.791,1040.47,-565.992,2.15667,2.87798,0.110217,0.0093886,2.97004,-4.20707e-09,4.06047e-05,0.647474,2.82978
ff_-40c_3.30v_1u_0.1_36,ff,-40,3.30,1u,0.1,36,0.000854485,0.00240919,0.00286983,1.88433,1.85685,136.089,186.607,279.015,-277.286,2.23601,2.84217,0.180425,1.73074e-09,3.30003,2.39617e-09,3.56533e-05,0.643209,2.86983
ff_-40c_3.63v_0.33u_0.001_36,ff,-40,3.63,0.33u,0.001,36,0.000873779,0.00243479,0.00289966,2.00602,1.82867,129.991,180.181,320.508,-164.794,2.31111,3.86692,0.422703,2.31394e-08,3.63003,1.59714e-09,3.04972e-05,0.64061,2.89966
ff_-40c_3.63v_0.33u_0.5_36,ff,-40,3.63,0.33u,0.5,36,0.000873778,0.00243478,0.00289966,1.96605,1.83225,138.624,189.851,1483.51,-1749.11,2.3111,2.96735,0.396845,4.21354e-08,3.62998,1.70309e-08,-1.94838e-05,0.640614,2.89966
ff_-40c_3.63v_1u_0.1_1e9,ff,-40,3.63,1u,0.1,1e9,0.000864065,0.0024337,0.00289871,1.80589,1.80233,7.56727,7.58809,7.52189,-0.000738334,2.31109,3.62993,0.000292944,1.80046,3.62997,2.71705e-08,-3.60981e-05,0.637091,2.89871
ff_-40c_3.63v_1u_0.1_36,ff,-40,3.63,1u,0.1,36,0.000873762,0.00243478,0.00289966,1.88685,1.84927,144.538,194.282,315.44,-370.14,2.3111,3.37419,0.166745,1.57496e-08,3.63003,7.70211e-09,3.44124e-05,0.640608,2.89966
ff_-40c_3.63v_4.7u_0.001_36,ff,-40,3.63,4.7u,0.001,36,0.000870587,0.00243471,0.00289959,1.81294,1.7953,153.215,203.15,28.3247,-10.695,2.31109,2.89538,0.0233148,0.00880025,3.62997,1.91919e-08,-3.06335e-05,0.639336,2.89959
ff_-40c_3.63v_4.7u_0.5_36,ff,-40,3.63,4.7u,0.5,36,0.000873584,0.00243471,0.00289959,1.8873,1.83433,172.652,225.096,1478.3,-724.567,2.3111,3.25201,0.110244,0.00936297,3.63004,-2.9502e-09,3.94579e-05,0.640563,2.89959
ff_125c_2.97v_0.33u_0.001_36,ff,125,2.97,0.33u,0.001,36,0.000769744,0.00196636,0.00229548,1.91233,1.81311,78.4445,125.372,190.336,-154.755,1.9871,3.35857,0.337874,6.05922e-06,2.97004,4.14059e-08,3.92514e-05,0.83569,2.29548
ff_125c_2.97v_0.33u_0.5_36,ff,125,2.97,0.33u,0.5,36,0.000769744,0.00196636,0.00229548,1.90995,1.7677,88.2747,137.756,716.823,-250.797,1.98709,2.32701,0.236662,6.08771e-06,2.96996,6.08808e-08,-4.67172e-05,0.83569,2.29548
ff_125c_2.97v_1u_0.1_1e9,ff,125,2.97,1u,0.1,1e9,0.000754417,0.00195444,0.00229045,1.80468,1.80313,5.80758,5.8282,5.79638,-0.00028685,1.98709,2.96669,0.000113779,1.80138,2.96998,4.58193e-08,-1.82637e-05,0.833317,2.29045
ff_125c_2.97v_1u_0.1_36,ff,125,2.97,1u,0.1,36,0.000769684,0.00196636,0.00229548,1.85429,1.78659,83.6469,132.917,123.909,-51.9472,1.98709,2.63365,0.105054,6.06427e-06,2.96997,4.23992e-08,-2.91058e-05,0.835648,2.29548
ff_125c_2.97v_4.7u_0.001_36,ff,125,2.97,4.7u,0.001,36,0.000770107,0.00196635,0.00229549,1.81134,1.80369,86.3798,136.222,15.0094,-10.6304,1.98709,2.66235,0.0225016,0.00882361,2.96997,5.18253e-08,-3.57391e-05,0.835951,2.29549
ff_125c_2.97v_4.7u_0.5_36,ff,125,2.97,4.7u,0.5,36,0.000769518,0.00196636,0.00229549,1.84763,1.79977,98.165,149.505,634.909,-231.763,1.98709,2.92825,0.076397,0.00934403,2.96999,4.65578e-08,-9.31739e-06,0.835532,2.29549
ff_125c_3.30v_1u_0.1_36,ff,125,3.30,1u,0.1,36,0.000791965,0.00199675,0.00233115,1.85054,1.80698,88.6926,138.53,161.306,-55.1973,2.06499,3.55473,0.148572,6.81774e-06,3.29994,5.84548e-08,-6.61501e-05,0.830024,2.33115
ff_125c_3.63v_0.33u_0.001_36,ff,125,3.63,0.33u,0.001,36,0.000812405,0.00202283,0.00236061,1.90516,1.63759,84.6422,132.501,192.968,-156.62,2.13902,4.28574,0.323751,7.7142e-06,3.62997,5.47678e-08,-2.79648e-05,0.826156,2.36061
ff_125c_3.63v_0.33u_0.5_36,ff,125,3.63,0.33u,0.5,36,0.000812405,0.00202283,0.00236061,1.88863,1.82652,99.0597,149.426,868.265,-356.131,2.13908,3.01053,0.234616,7.67198e-06,3.63004,4.53367e-08,4.6882e-05,0.826156,2.36061
ff_125c_3.63v_1u_0.1_1e9,ff,125,3.63,1u,0.1,1e9,0.000819337,0.00202819,0.00235495,1.80302,1.80167,5.71397,5.73992,5.69847,-0.000251394,2.13907,3.62632,9.9731e-05,1.79995,3.63003,3.9309e-08,3.12869e-05,0.82723,2.35495
ff_125c_3.63v_1u_0.1_36,ff,125,3.63,1u,0.1,36,0.000812386,0.00202283,0.00236061,1.8409,1.80557,93.6837,143.528,146.61,-54.5747,2.13907,3.85386,0.0878642,7.7136e-06,3.63,4.15166e-08,3.60054e-06,0.826143,2.36061
ff_125c_3.63v_4.7u_0.001_36,ff,125,3.63,4.7u,0.001,36,0.000802721,0.00202284,0.00236061,1.80753,1.79602,92.6723,142.586,15.245,-10.6169,2.13907,4.17697,0.0164251,0.0088166,3.63,4.22759e-08,4.27753e-06,0.819592,2.36061
ff_125c_3.63v_4.7u_0.5_36,ff,125,3.63,4.7u,0.5,36,0.000809458,0.00202283,0.00236061,1.85241,1.79001,107.743,159.226,844.63,-336.046,2.13906,3.74004,0.0785324,0.00933913,3.63,4.19688e-08,-1.3474e-06,0.82415,2.36061
ff_27c_2.97v_1u_0.1_36,ff,27,2.97,1u,0.1,36,0.000787805,0.0021517,0.00253986,1.86732,1.80269,96.0374,145.536,185.85,-87.0644,2.08824,2.28781,0.126987,9.78703e-09,2.97002,9.88608e-09,2.19599e-05,0.733194,2.53986
ff_27c_3.30v_1u_0.1_36,ff,27,3.30,1u,0.1,36,0.00081047,0.00218371,0.00257865,1.87248,1.7655,106.102,155.765,203.195,-96.9505,2.1669,3.54829,0.158313,1.57031e-08,3.30003,2.3706e-09,3.01059e-05,0.728205,2.57865
ff_27c_3.63v_1u_0.1_36,ff,27,3.63,1u,0.1,36,0.000830803,0.00221016,0.00260898,1.86268,1.80067,125.046,174.911,259.995,-255.468,2.24155,2.9562,0.121468,3.66941e-08,3.63,1.27027e-08,2.96199e-06,0.724975,2.60898
fs_-40c_2.97v_1u_0.1_36,fs,-40,2.97,1u,0.1,36,0.0011117,0.00336595,0.00404799,1.91526,1.74819,118.112,167.502,203.816,-108.455,2.1946,3.27143,0.246205,3.92647e-09,2.96999,1.06916e-08,-1.54662e-05,0.443607,4.04799
fs_-40c_3.30v_1u_0.1_36,fs,-40,3.30,1u,0.1,36,0.00115083,0.00343597,0.00415288,1.89593,1.83954,123.962,172.979,215.846,-304.677,2.19548,2.34606,0.196263,-9.01567e-10,3.30002,8.30312e-09,2.40337e-05,0.43761,4.15288
fs_-40c_3.63v_1u_0.1_36,fs,-40,3.63,1u,0.1,36,0.00118421,0.00348543,0.00421523,1.88561,1.80703,148.843,199.499,234.324,-240.113,2.19606,4.5598,0.172611,2.18016e-08,3.62996,2.47902e-08,-4.81496e-05,0.434552,4.21523
fs_125c_2.97v_1u_0.1_36,fs,125,2.97,1u,0.1,36,0.000996565,0.00274273,0.00326,1.86565,1.75137,89.1229,138.1,124.025,-51.0912,2.15499,2.27087,0.142903,9.98277e-08,2.97,3.45029e-08,3.45032e-06,0.572684,3.26
fs_125c_3.30v_1u_0.1_36,fs,125,3.30,1u,0.1,36,0.0010348,0.00280121,0.00333409,1.85994,1.81938,111.701,161.588,161.027,-115.854,2.24079,3.25612,0.142713,1.15269e-07,3.29998,3.72039e-08,-2.31828e-05,0.56612,3.33409
fs_125c_3.63v_1u_0.1_36,fs,125,3.63,1u,0.1,36,0.00107004,0.00284927,0.00339062,1.86983,1.77966,115.741,165.501,182.728,-181.32,2.32227,4.75264,0.150727,1.19745e-07,3.63005,2.19815e-08,5.88172e-05,0.562041,3.39062
fs_27c_2.97v_1u_0.1_36,fs,27,2.97,1u,0.1,36,0.00103825,0.00303034,0.0036281,1.89915,1.82782,106.763,155.865,155.225,-64.967,2.25565,2.63259,0.201811,-8.16072e-09,2.97007,-2.96082e-09,7.26156e-05,0.501985,3.6281
fs_27c_3.30v_1u_0.1_36,fs,27,3.30,1u,0.1,36,0.0010775,0.00309538,0.0037171,1.88123,1.78466,122.317,171.6,171.567,-173.835,2.34213,2.68475,0.188469,1.26284e-08,3.29995,2.39004e-08,-5.20049e-05,0.49557,3.7171
fs_27c_3.63v_1u_0.1_36,fs,27,3.63,1u,0.1,36,0.00111247,0.00314511,0.00377765,1.87296,1.74497,137.549,187.32,209.463,-254.938,2.41912,4.70578,0.16278,1.9755e-08,3.62996,2.75099e-08,-4.84163e-05,0.491971,3.77765
res_ff_-40c_2.97v_0.33u_0.001_36,res_ff,-40,2.97,0.33u,0.001,36,0.00088087,0.00258213,0.00308261,2.07736,1.90559,106.853,153.168,263.107,-166.692,2.2603,2.4968,0.457375,1.54483e-09,2.97006,-9.71846e-10,6.7778e-05,0.5878,3.08261
res_ff_-40c_2.97v_0.33u_0.5_36,res_ff,-40,2.97,0.33u,0.5,36,0.00088087,0.00258213,0.00308261,2.09489,1.85513,123.605,172.356,1091.46,-909.429,2.26028,2.67139,0.446728,9.21515e-09,2.96999,1.13542e-08,-7.22567e-06,0.5878,3.08261
res_ff_-40c_2.97v_1u_0.1_1e9,res_ff,-40,2.97,1u,0.1,1e9,0.000844639,0.00258067,0.00308045,1.80892,1.80544,7.54057,7.55627,7.50582,-0.000819917,2.26026,2.96994,0.000298756,1.80356,2.97002,2.14138e-10,1.95838e-05,0.576027,3.08045
res_ff_-40c_2.97v_1u_0.1_36,res_ff,-40,2.97,1u,0.1,36,0.000880855,0.00258213,0.00308261,1.91091,1.81732,123.807,173.031,218.616,-142.423,2.26026,3.02603,0.208806,6.13334e-09,2.96998,1.56513e-08,-2.64908e-05,0.587794,3.08261
res_ff_-40c_2.97v_4.7u_0.001_36,res_ff,-40,2.97,4.7u,0.001,36,0.00088418,0.00258213,0.00308263,1.83691,1.80087,149.933,199.889,26.7897,-10.7943,2.26026,3.30813,0.0420416,0.00887279,2.96999,1.1392e-08,-1.00131e-05,0.588945,3.08263
res_ff_-40c_2.97v_4.7u_0.5_36,res_ff,-40,2.97,4.7u,0.5,36,0.000880919,0.00258213,0.00308263,1.88282,1.77217,165.806,218.126,917.145,-868.656,2.26025,3.6538,0.111386,0.00935671,2.97001,4.95748e-09,1.48274e-05,0.587817,3.08263
res_ff_-40c_3.30v_1u_0.1_36,res_ff,-40,3.30,1u,0.1,36,0.000908666,0.00262728,0.00314421,1.89535,1.79321,127.02,177,262.445,-151.321,2.34497,2.41584,0.19202,2.37746e-09,3.30001,1.25506e-08,1.43503e-05,0.581864,3.14421
res_ff_-40c_3.63v_0.33u_0.001_36,res_ff,-40,3.63,0.33u,0.001,36,0.000934251,0.00266267,0.00318683,1.97951,1.7663,128.108,174.694,317.223,-160.435,2.42512,2.75903,0.446658,1.39227e-08,3.63002,4.74213e-09,1.84258e-05,0.578563,3.18683
res_ff_-40c_3.63v_0.33u_0.5_36,res_ff,-40,3.63,0.33u,0.5,36,0.000934251,0.00266267,0.00318683,2.04335,1.75721,133.428,185.115,1379.02,-1325.35,2.4251,2.83291,0.456675,-3.50776e-08,3.63005,-2.19533e-09,5.24698e-05,0.578563,3.18683
res_ff_-40c_3.63v_1u_0.1_1e9,res_ff,-40,3.63,1u,0.1,1e9,0.000931825,0.00266151,0.00318578,1.80689,1.80354,7.41711,7.43717,7.38014,-0.00074188,2.42511,3.62992,0.000294407,1.80166,3.63003,-5.57659e-09,3.68833e-05,0.57814,3.18578
res_ff_-40c_3.63v_1u_0.1_36,res_ff,-40,3.63,1u,0.1,36,0.000934239,0.00266267,0.00318683,1.89011,1.78793,143.605,193.766,265.293,-326.004,2.42511,2.77134,0.15509,8.1715e-09,3.63003,3.95779e-10,3.16962e-05,0.578559,3.18683
res_ff_-40c_3.63v_4.7u_0.001_36,res_ff,-40,3.63,4.7u,0.001,36,0.0009325,0.00266266,0.00318683,1.81726,1.79171,171.527,221.509,32.1346,-10.7237,2.42511,4.29106,0.0289466,0.00880385,3.63004,-7.64102e-10,3.84105e-05,0.577981,3.18683
res_ff_-40c_3.63v_4.7u_0.5_36,res_ff,-40,3.63,4.7u,0.5,36,0.000934164,0.00266266,0.00318683,1.89074,1.86448,178.64,231.18,1154.09,-716.4,2.42513,2.74863,0.114545,0.00937502,3.62996,1.25861e-08,-4.13625e-05,0.578538,3.18683
res_ff_125c_2.97v_0.33u_0.001_36,res_ff,125,2.97,0.33u,0.001,36,0.0007959,0.0021033,0.00246839,1.93203,1.88429,81.2972,129.762,194.397,-157.002,2.09457,2.71134,0.321609,5.08714e-07,2.97,2.14624e-08,3.48847e-06,0.764877,2.46839
res_ff_125c_2.97v_0.33u_0.5_36,res_ff,125,2.97,0.33u,0.5,36,0.0007959,0.0021033,0.00246839,1.96254,1.77616,96.0741,145.501,578.069,-391.746,2.09453,3.16711,0.267661,5.40381e-07,2.96995,3.16783e-08,-5.4019e-05,0.764877,2.46839
res_ff_125c_2.97v_1u_0.1_1e9,res_ff,125,2.97,1u,0.1,1e9,0.000793218,0.0021025,0.00246702,1.8073,1.80534,5.99618,6.01569,5.98204,-0.000392498,2.09453,2.9696,0.000148322,1.8035,2.96999,2.40283e-08,-1.06653e-05,0.763777,2.46702
res_ff_125c_2.97v_1u_0.1_36,res_ff,125,2.97,1u,0.1,36,0.000795867,0.0021033,0.00246839,1.8723,1.76216,87.4226,137.338,132.512,-58.6622,2.09452,2.65712,0.115383,5.09289e-07,2.97,2.21399e-08,-3.59161e-06,0.764858,2.46839
res_ff_125c_2.97v_4.7u_0.001_36,res_ff,125,2.97,4.7u,0.001,36,0.000790878,0.00210332,0.00246841,1.81409,1.79271,99.2009,149.109,18.0913,-10.6603,2.09453,3.60563,0.0240818,0.00882184,2.96999,2.11444e-08,-8.78561e-06,0.761938,2.46841
res_ff_125c_2.97v_4.7u_0.5_36,res_ff,125,2.97,4.7u,0.5,36,0.000793661,0.00210331,0.00246841,1.85345,1.81468,109.255,160.734,601.304,-230.794,2.09454,2.65324,0.0821421,0.00935758,2.97008,3.66927e-09,8.23239e-05,0.763563,2.46841
res_ff_125c_3.30v_1u_0.1_36,res_ff,125,3.30,1u,0.1,36,0.000823547,0.00214338,0.00251736,1.86241,1.80052,100.228,150.17,157.97,-56.3644,2.17749,3.36134,0.136608,5.67632e-07,3.30001,1.83267e-08,1.28993e-05,0.757672,2.51736
res_ff_125c_3.63v_0.33u_0.001_36,res_ff,125,3.63,0.33u,0.001,36,0.000848721,0.00217672,0.00255587,1.93383,1.82396,88.1721,135.666,203.226,-157.893,2.25637,2.93771,0.309459,6.46476e-07,3.62997,1.95633e-08,-3.06949e-05,0.753013,2.55587
res_ff_125c_3.63v_0.33u_0.5_36,res_ff,125,3.63,0.33u,0.5,36,0.000848721,0.00217672,0.00255587,1.95048,1.70661,103.038,153.454,804.25,-375.707,2.25632,4.49881,0.303687,6.68668e-07,3.62997,2.50759e-08,-3.2751e-05,0.753013,2.55587
res_ff_125c_3.63v_1u_0.1_1e9,res_ff,125,3.63,1u,0.1,1e9,0.000824031,0.00217935,0.00255279,1.805,1.80314,5.91908,5.94404,5.90638,-0.000359982,2.25635,3.62955,0.000142841,1.80132,3.63002,2.25039e-08,1.84286e-05,0.737834,2.55279
res_ff_125c_3.63v_1u_0.1_36,res_ff,125,3.63,1u,0.1,36,0.000848683,0.00217671,0.00255587,1.86122,1.82294,102.819,152.624,167.747,-62.95,2.25635,3.42264,0.148483,6.45848e-07,3.63,2.25204e-08,4.48111e-06,0.752997,2.55587
res_ff_125c_3.63v_4.7u_0.001_36,res_ff,125,3.63,4.7u,0.001,36,0.000835365,0.00217671,0.00255588,1.80937,1.80412,110.805,160.723,18.54,-10.6411,2.25635,3.79487,0.0182724,0.00881395,3.62999,2.31596e-08,-1.54925e-05,0.74552,2.55588
res_ff_125c_3.63v_4.7u_0.5_36,res_ff,125,3.63,4.7u,0.5,36,0.000846335,0.00217671,0.00255588,1.85941,1.77908,121.298,172.956,802.583,-335.052,2.25634,3.95682,0.0873515,0.00935315,3.62999,2.50366e-08,-1.12746e-05,0.751668,2.55588
res_ff_27c_2.97v_1u_0.1_36,res_ff,27,2.97,1u,0.1,36,0.000827866,0.00233015,0.00276222,1.87886,1.83995,103.978,153.812,186.183,-122.629,2.19326,2.225,0.180279,-8.69336e-10,2.97002,8.40687e-09,1.63232e-05,0.665653,2.76222
res_ff_27c_3.30v_1u_0.1_36,res_ff,27,3.30,1u,0.1,36,0.00085594,0.00237335,0.00281796,1.87962,1.79648,109.903,159.457,199.68,-91.0777,2.27719,2.91917,0.181127,2.51956e-09,3.30002,7.51407e-09,2.04618e-05,0.659018,2.81796
res_ff_27c_3.63v_1u_0.1_36,res_ff,27,3.63,1u,0.1,36,0.000881607,0.00240824,0.00285918,1.87713,1.78289,119.739,169.399,225.832,-157.543,2.35676,3.41396,0.165388,9.56471e-09,3.63003,3.31511e-09,3.45938e-05,0.655036,2.85918
res_ss_-40c_2.97v_0.33u_0.001_36,res_ss,-40,2.97,0.33u,0.001,36,0.00140193,0.00424611,0.00515386,2.01619,1.79443,106.482,154.104,261.804,-160.886,1.75678,3.70101,0.508105,1.61501e-09,2.97,1.00579e-08,2.90738e-06,0.351595,5.15386
res_ss_-40c_2.97v_0.33u_0.5_36,res_ss,-40,2.97,0.33u,0.5,36,0.00140193,0.00424611,0.00515386,2.01018,1.79843,113.747,163.681,924.777,-775.164,1.75677,2.11705,0.501099,2.2279e-08,2.96998,1.14325e-08,-2.03277e-05,0.351595,5.15386
res_ss_-40c_2.97v_1u_0.1_1e9,res_ss,-40,2.97,1u,0.1,1e9,0.001355,0.00423759,0.00515114,1.80876,1.8056,5.26028,5.27023,5.24596,-0.00125554,1.75679,2.96981,0.000499653,1.80367,2.96999,1.53318e-08,-9.69961e-06,0.34691,5.15114
res_ss_-40c_2.97v_1u_0.1_36,res_ss,-40,2.97,1u,0.1,36,0.00140192,0.00424611,0.00515386,1.91363,1.74925,105.861,155.364,161.768,-92.2213,1.75677,2.10531,0.234586,3.14755e-09,2.96999,9.93416e-09,-7.25789e-06,0.351594,5.15386
res_ss_-40c_2.97v_4.7u_0.001_36,res_ss,-40,2.97,4.7u,0.001,36,0.00140378,0.00424611,0.00515387,1.84139,1.79188,130.628,180.557,23.1323,-10.845,1.75678,2.09116,0.0695926,0.00884897,2.97,8.21637e-09,4.89332e-06,0.351824,5.15387
res_ss_-40c_2.97v_4.7u_0.5_36,res_ss,-40,2.97,4.7u,0.5,36,0.00140192,0.00424611,0.00515387,1.88345,1.79658,164.018,216.283,595.796,-416.407,1.75677,3.67882,0.116179,0.00938596,2.97,9.54262e-09,1.62907e-06,0.351594,5.15387
res_ss_-40c_3.30v_1u_0.1_36,res_ss,-40,3.30,1u,0.1,36,0.00144455,0.00431512,0.00524725,1.88912,1.80975,132.545,181.098,166.652,-139.682,1.75738,2.42516,0.204913,3.10796e-09,3.30001,7.76147e-09,1.00149e-05,0.348363,5.24725
res_ss_-40c_3.63v_0.33u_0.001_36,res_ss,-40,3.63,0.33u,0.001,36,0.00148101,0.00436657,0.00530968,2.00794,1.74366,139.872,186.885,352.376,-165.236,1.75795,2.8718,0.577019,1.39537e-08,3.63,1.08751e-08,-1.80299e-06,0.346553,5.30968
res_ss_-40c_3.63v_0.33u_0.5_36,res_ss,-40,3.63,0.33u,0.5,36,0.00148101,0.00436657,0.00530968,1.98095,1.93059,136.543,185.198,861.91,-1467.37,1.75798,2.80158,0.46693,2.9413e-08,3.62998,1.56009e-08,-1.6702e-05,0.346553,5.30968
res_ss_-40c_3.63v_1u_0.1_1e9,res_ss,-40,3.63,1u,0.1,1e9,0.00153057,0.00436187,0.00530907,1.80651,1.80357,5.18457,5.19733,5.16563,-0.00124731,1.75796,3.62978,0.000496474,1.80164,3.63001,8.16224e-09,7.24336e-06,0.353195,5.30907
res_ss_-40c_3.63v_1u_0.1_36,res_ss,-40,3.63,1u,0.1,36,0.001481,0.00436657,0.00530968,1.87376,1.83335,142.086,191.675,219.893,-605.115,1.75797,2.76916,0.187992,1.87532e-08,3.62998,1.67186e-08,-2.17976e-05,0.346552,5.30968
res_ss_-40c_3.63v_4.7u_0.001_36,res_ss,-40,3.63,4.7u,0.001,36,0.00147998,0.00436656,0.00530968,1.81563,1.80327,152.111,202.231,28.5648,-11.8369,1.75796,3.70623,0.0350844,0.00879884,3.62998,1.76014e-08,-2.52689e-05,0.346431,5.30968
res_ss_-40c_3.63v_4.7u_0.5_36,res_ss,-40,3.63,4.7u,0.5,36,0.00148091,0.00436656,0.00530968,1.89246,1.87745,183.431,235.967,735.795,-477.011,1.75797,2.70335,0.123422,0.00933197,3.63,9.83857e-09,3.15689e-07,0.346542,5.30968
res_ss_125c_2.97v_0.33u_0.001_36,res_ss,125,2.97,0.33u,0.001,36,0.00126323,0.00345351,0.00413503,1.97315,1.84369,84.5849,132.309,202.527,-155.994,2.07321,2.32297,0.400281,5.08718e-07,2.97,2.21806e-08,1.53204e-06,0.456563,4.13503
res_ss_125c_2.97v_0.33u_0.5_36,res_ss,125,2.97,0.33u,0.5,36,0.00126323,0.00345351,0.00413503,2.00334,1.73657,87.0039,136.801,466.6,-238.432,2.07317,2.31971,0.375631,4.8865e-07,2.97003,1.80154e-08,3.38908e-05,0.456563,4.13503
res_ss_125c_2.97v_1u_0.1_1e9,res_ss,125,2.97,1u,0.1,1e9,0.00125698,0.0034139,0.00413116,1.80781,1.80418,3.94761,3.96028,3.94426,-0.00105,2.07318,2.96932,0.000407415,1.80228,2.97,3.12847e-08,-6.70134e-07,0.463624,4.13116
res_ss_125c_2.97v_1u_0.1_36,res_ss,125,2.97,1u,0.1,36,0.00126319,0.00345351,0.00413504,1.87286,1.79067,93.7331,142.885,114.299,-68.369,2.07318,2.72318,0.161957,5.12168e-07,2.96998,2.10832e-08,-2.0154e-05,0.456554,4.13504
res_ss_125c_2.97v_4.7u_0.001_36,res_ss,125,2.97,4.7u,0.001,36,0.00126146,0.00345351,0.00413505,1.81397,1.80594,99.0244,148.74,17.4704,-10.6849,2.07318,2.55177,0.030467,0.00884595,2.97006,2.7273e-09,6.31412e-05,0.456194,4.13505
res_ss_125c_2.97v_4.7u_0.5_36,res_ss,125,2.97,4.7u,0.5,36,0.00126279,0.00345351,0.00413505,1.85156,1.80553,106.205,157.61,349.807,-131.608,2.07318,2.89325,0.0819578,0.00936805,2.97002,2.18624e-08,1.77592e-05,0.456471,4.13505
res_ss_125c_3.30v_1u_0.1_36,res_ss,125,3.30,1u,0.1,36,0.00130519,0.00351427,0.00420901,1.85359,1.75383,100.488,149.935,136.542,-116.617,2.15344,4.39093,0.128242,5.79946e-07,3.29994,3.961e-08,-6.61167e-05,0.452677,4.20901
res_ss_125c_3.63v_0.33u_0.001_36,res_ss,125,3.63,0.33u,0.001,36,0.0013425,0.00356401,0.00426654,1.92683,1.76635,105.451,153.808,250.43,-156.923,2.21848,4.19914,0.387881,6.46501e-07,3.62996,2.60204e-08,-3.84714e-05,0.450144,4.26654
res_ss_125c_3.63v_0.33u_0.5_36,res_ss,125,3.63,0.33u,0.5,36,0.0013425,0.00356401,0.00426654,1.91515,1.8211,104.252,153.922,619.566,-625.904,2.21849,2.92597,0.314765,6.82777e-07,3.62996,3.66378e-08,-4.33445e-05,0.450144,4.26654
res_ss_125c_3.63v_1u_0.1_1e9,res_ss,125,3.63,1u,0.1,1e9,0.00129936,0.00354335,0.00426101,1.80463,1.80115,3.89658,3.91277,3.89205,-0.00101337,2.21848,3.62924,0.000402917,1.79926,3.62999,2.51778e-08,-6.55846e-06,0.445635,4.26101
res_ss_125c_3.63v_1u_0.1_36,res_ss,125,3.63,1u,0.1,36,0.00134247,0.00356401,0.00426654,1.84678,1.84152,103.976,153.91,136.698,-152.674,2.2185,3.46267,0.125982,6.45091e-07,3.63001,2.33706e-08,8.89779e-06,0.450138,4.26654
res_ss_125c_3.63v_4.7u_0.001_36,res_ss,125,3.63,4.7u,0.001,36,0.00133331,0.00356401,0.00426655,1.81037,1.80122,109.721,159.669,19.1353,-10.675,2.21848,3.18676,0.0260155,0.00885362,3.63,2.18732e-08,1.86412e-07,0.44829,4.26655
res_ss_125c_3.63v_4.7u_0.5_36,res_ss,125,3.63,4.7u,0.5,36,0.0013403,0.003564,0.00426655,1.85666,1.78532,117.726,169.307,603.272,-283.726,2.21848,3.84489,0.0864552,0.00937296,3.63003,2.32713e-08,2.77376e-05,0.449701,4.26655
res_ss_27c_2.97v_1u_0.1_36,res_ss,27,2.97,1u,0.1,36,0.00131443,0.0038275,0.00462065,1.89799,1.75523,95.991,144.922,127.892,-59.0618,1.97902,2.18563,0.22462,-4.68448e-09,2.97004,3.39633e-11,4.31396e-05,0.39792,4.62065
res_ss_27c_3.30v_1u_0.1_36,res_ss,27,3.30,1u,0.1,36,0.00135738,0.00389343,0.00470518,1.87373,1.77737,124.006,173.062,150.289,-188.693,1.9796,3.58572,0.199939,-1.11425e-09,3.30004,-4.90546e-10,4.12255e-05,0.394314,4.70518
res_ss_27c_3.63v_1u_0.1_36,res_ss,27,3.63,1u,0.1,36,0.00139568,0.00394581,0.00476714,1.85816,1.78953,126.437,176.757,168.577,-294.984,1.97994,3.63314,0.145143,1.01867e-08,3.63002,8.64135e-09,2.22692e-05,0.392137,4.76714
sf_-40c_2.97v_1u_0.1_36,sf,-40,2.97,1u,0.1,36,0.00116982,0.00345538,0.00417172,1.89764,1.83085,105.902,155.542,166.21,-83.0132,2.17085,3.01739,0.189457,1.7649e-09,2.97,1.02322e-08,1.08525e-06,0.43753,4.17172
sf_-40c_3.30v_1u_0.1_36,sf,-40,3.30,1u,0.1,36,0.00120172,0.00350361,0.00423338,1.8908,1.77122,125.419,174.627,191.448,-175.724,2.19472,2.58136,0.200774,8.24692e-09,3.29999,1.3506e-08,-9.874e-06,0.434426,4.23338
sf_-40c_3.63v_1u_0.1_36,sf,-40,3.63,1u,0.1,36,0.00122976,0.00354155,0.00427811,1.87464,1.75927,138.221,188.042,221.939,-531.142,2.19639,4.29922,0.16456,1.26245e-08,3.63002,5.58799e-09,2.62677e-05,0.432565,4.27811
sf_125c_2.97v_1u_0.1_36,sf,125,2.97,1u,0.1,36,0.00106625,0.00282241,0.0033516,1.85418,1.80792,79.5128,128.718,99.3316,-49.9416,2.00869,2.39357,0.124286,3.26131e-06,2.97002,1.32922e-08,2.42605e-05,0.569424,3.3516
sf_125c_3.30v_1u_0.1_36,sf,125,3.30,1u,0.1,36,0.00109775,0.00286633,0.00340377,1.85372,1.77168,85.87,135.053,126.885,-53.781,2.08858,2.82474,0.118323,3.66131e-06,3.30002,1.59901e-08,2.4633e-05,0.565425,3.40377
sf_125c_3.63v_1u_0.1_36,sf,125,3.63,1u,0.1,36,0.00112726,0.0029044,0.00344698,1.84378,1.77069,98.6475,149.045,150.582,-147.781,2.16459,3.82906,0.112994,4.14655e-06,3.63,2.06249e-08,5.14123e-06,0.562702,3.44698
sf_27c_2.97v_1u_0.1_36,sf,27,2.97,1u,0.1,36,0.00110321,0.00312217,0.00374405,1.8993,1.81088,95.6278,144.965,138.962,-69.7908,2.11133,3.02098,0.208397,6.60289e-09,2.97,1.33212e-08,1.4726e-06,0.495305,3.74405
sf_27c_3.30v_1u_0.1_36,sf,27,3.30,1u,0.1,36,0.00113545,0.00316911,0.00380191,1.86986,1.79984,112.632,162.38,161.185,-130.78,2.19209,2.58807,0.175115,8.39159e-09,3.30002,8.82727e-09,2.20816e-05,0.491724,3.80191
sf_27c_3.63v_1u_0.1_36,sf,27,3.63,1u,0.1,36,0.00116455,0.00320767,0.00384659,1.86209,1.79137,120.086,171.044,188.462,-246.354,2.26868,3.07756,0.168169,2.34629e-08,3.63,1.25486e-08,5.05669e-06,0.489448,3.84659
ss_-40c_2.97v_0.33u_0.001_36,ss,-40,2.97,0.33u,0.001,36,0.00147,0.00455759,0.00551489,2.03665,1.68481,104.542,151.454,264.386,-161.938,1.5977,2.01969,0.580114,1.08399e-09,2.97,1.11172e-08,-3.06872e-07,0.323877,5.51489
ss_-40c_2.97v_0.33u_0.5_36,ss,-40,2.97,0.33u,0.5,36,0.00147,0.00455759,0.00551489,2.03279,1.9674,110.677,160.531,638.819,-447.91,1.5978,2.1339,0.596977,5.11102e-09,2.97,1.0454e-08,-3.68049e-06,0.323877,5.51489
ss_-40c_2.97v_1u_0.1_1e9,ss,-40,2.97,1u,0.1,1e9,0.00149541,0.00456637,0.00551675,1.81028,1.80756,5.26859,5.27793,5.25458,-0.00134198,1.59771,2.96969,0.000501062,1.80563,2.97,9.86476e-09,1.18131e-06,0.325631,5.51675
ss_-40c_2.97v_1u_0.1_36,ss,-40,2.97,1u,0.1,36,0.00146998,0.00455759,0.0055149,1.9342,1.76451,111.543,160.488,132.23,-69.0627,1.59772,3.92758,0.246786,-2.77497e-09,2.97002,7.4506e-09,2.30614e-05,0.323875,5.5149
ss_-40c_2.97v_4.7u_0.001_36,ss,-40,2.97,4.7u,0.001,36,0.00147043,0.0045576,0.00551498,1.84529,1.79161,128.829,178.554,21.726,-10.8086,1.59773,2.22935,0.0708792,0.00883698,2.97,1.08877e-08,-1.91874e-06,0.323921,5.51498
ss_-40c_2.97v_4.7u_0.5_36,ss,-40,2.97,4.7u,0.5,36,0.00146991,0.0045576,0.00551497,1.87724,1.79119,161.776,213.86,378.881,-290.76,1.59772,2.85049,0.114497,0.00934041,2.97001,1.06909e-08,7.12754e-06,0.323867,5.51497
ss_-40c_3.30v_1u_0.1_36,ss,-40,3.30,1u,0.1,36,0.00152553,0.00466214,0.00568072,1.90359,1.75544,111.214,159.852,147.054,-102.43,1.59818,2.82031,0.185663,3.01524e-09,3.3,1.05734e-08,4.51434e-07,0.318816,5.68072
ss_-40c_3.63v_0.33u_0.001_36,ss,-40,3.63,0.33u,0.001,36,0.0015711,0.00473205,0.00577105,2.02263,1.97975,134.83,180.271,356.009,-166.652,1.59884,3.32443,0.659136,8.53256e-09,3.62999,1.52016e-08,-1.5409e-05,0.316361,5.77105
ss_-40c_3.63v_0.33u_0.5_36,ss,-40,3.63,0.33u,0.5,36,0.0015711,0.00473205,0.00577105,2.0283,1.94002,121.965,172.227,793.466,-645.063,1.59879,3.17744,0.436467,1.95057e-08,3.62999,1.21019e-08,-1.13119e-05,0.316361,5.77105
ss_-40c_3.63v_1u_0.1_1e9,ss,-40,3.63,1u,0.1,1e9,0.00165152,0.00473357,0.00576859,1.80743,1.80508,5.09888,5.11109,5.08254,-0.00129397,1.59877,3.62962,0.000497684,1.80315,3.62998,1.4443e-08,-1.93742e-05,0.324459,5.76859
ss_-40c_3.63v_1u_0.1_36,ss,-40,3.63,1u,0.1,36,0.00157109,0.00473205,0.00577105,1.91561,1.82692,146.22,194.963,188.84,-199.067,1.59875,2.64936,0.242586,9.66011e-09,3.62999,8.78644e-09,-5.70433e-06,0.31636,5.77105
ss_-40c_3.63v_4.7u_0.001_36,ss,-40,3.63,4.7u,0.001,36,0.00157278,0.00473339,0.00577239,1.82268,1.79131,150.463,200.163,28.8392,-10.7413,1.59846,3.34006,0.0453442,0.00887627,3.62998,1.53188e-08,-1.99053e-05,0.316395,5.77239
ss_-40c_3.63v_4.7u_0.5_36,ss,-40,3.63,4.7u,0.5,36,0.00157228,0.0047333,0.0057723,1.8952,1.83617,188.08,240.712,711.819,-519.551,1.59848,3.00989,0.128964,0.00933637,3.63001,1.0633e-08,1.32921e-05,0.316354,5.7723
ss_125c_2.97v_0.33u_0.001_36,ss,125,2.97,0.33u,0.001,36,0.00130446,0.00368459,0.00442341,1.99504,1.59511,83.2456,128.928,201.641,-155.454,2.05674,2.20567,0.441514,4.81277e-08,2.97,1.95627e-08,4.00092e-06,0.420145,4.42341
ss_125c_2.97v_0.33u_0.5_36,ss,125,2.97,0.33u,0.5,36,0.00130446,0.00368459,0.00442341,2.01403,1.82496,92.8095,141.566,429.179,-257.394,2.0568,2.18453,0.4487,8.01814e-08,2.96995,3.33588e-08,-5.12454e-05,0.420145,4.42341
ss_125c_2.97v_1u_0.1_1e9,ss,125,2.97,1u,0.1,1e9,0.00130504,0.00366586,0.0044127,1.80862,1.80522,4.04502,4.05752,4.04155,-0.00105601,2.05681,2.96975,0.000411289,1.80331,2.97,2.06251e-08,-4.98077e-06,0.423582,4.4127
ss_125c_2.97v_1u_0.1_36,ss,125,2.97,1u,0.1,36,0.00130441,0.00368458,0.0044234,1.90764,1.72204,85.9178,135.494,90.9303,-55.0882,2.05678,4.0814,0.209786,4.41245e-08,2.97003,1.44092e-08,3.0634e-05,0.420138,4.4234
ss_125c_2.97v_4.7u_0.001_36,ss,125,2.97,4.7u,0.001,36,0.00129913,0.00368458,0.00442344,1.81918,1.79335,97.7924,147.443,16.6147,-10.6172,2.0568,2.19609,0.0358553,0.00888509,2.96996,2.83633e-08,-3.69239e-05,0.419208,4.42344
ss_125c_2.97v_4.7u_0.5_36,ss,125,2.97,4.7u,0.5,36,0.00130271,0.00368458,0.00442344,1.85314,1.84156,110.278,161.707,334.406,-127.393,2.05682,2.14383,0.0863278,0.00938423,2.97,1.90989e-08,5.09257e-06,0.419838,4.42344
ss_125c_3.30v_1u_0.1_36,ss,125,3.30,1u,0.1,36,0.00135703,0.00376687,0.00452924,1.87758,1.76306,106.138,154.716,117.344,-77.0005,2.05858,3.81654,0.161501,4.95292e-08,3.30003,1.40288e-08,3.38618e-05,0.414965,4.52924
ss_125c_3.63v_0.33u_0.001_36,ss,125,3.63,0.33u,0.001,36,0.00140285,0.00383113,0.00460594,1.98276,1.88393,109.3,156.688,264.749,-160.654,2.05928,3.96936,0.44769,6.6162e-08,3.63002,1.46812e-08,2.57008e-05,0.411814,4.60594
ss_125c_3.63v_0.33u_0.5_36,ss,125,3.63,0.33u,0.5,36,0.00140285,0.00383114,0.00460594,1.96532,1.63402,109.551,158.053,554.323,-701.388,2.05919,4.4441,0.384759,5.10617e-08,3.63002,1.72973e-08,1.9981e-05,0.411812,4.60594
ss_125c_3.63v_1u_0.1_1e9,ss,125,3.63,1u,0.1,1e9,0.00134482,0.00384078,0.00459096,1.80546,1.80231,3.98922,4.00462,3.98541,-0.00102465,2.05921,3.62972,0.000407544,1.80041,3.62999,2.38006e-08,-8.74123e-06,0.400647,4.59096
ss_125c_3.63v_1u_0.1_36,ss,125,3.63,1u,0.1,36,0.00140298,0.00383129,0.0046061,1.85865,1.81063,106.695,156.92,130.52,-123.246,2.05921,2.82247,0.137455,6.4691e-08,3.63001,1.98853e-08,1.24245e-05,0.411809,4.6061
ss_125c_3.63v_4.7u_0.001_36,ss,125,3.63,4.7u,0.001,36,0.00140548,0.00383129,0.0046061,1.81201,1.80422,115.361,165.285,19.9609,-10.6812,2.05921,2.89455,0.0291101,0.00879797,3.63,2.03038e-08,7.23718e-07,0.412233,4.6061
ss_125c_3.63v_4.7u_0.5_36,ss,125,3.63,4.7u,0.5,36,0.00140291,0.00383129,0.0046061,1.86211,1.77577,126.856,178.53,484.294,-283.801,2.0592,4.12319,0.0921204,0.00940105,3.63,2.1426e-08,-3.80559e-06,0.411797,4.6061
ss_27c_2.97v_1u_0.1_36,ss,27,2.97,1u,0.1,36,0.00136959,0.00410084,0.00495145,1.92827,1.73135,98.5371,147.279,125.074,-55.0144,1.79984,3.04826,0.262232,2.4988e-09,2.96999,1.35075e-08,-7.27076e-06,0.366133,4.95145
ss_27c_3.30v_1u_0.1_36,ss,27,3.30,1u,0.1,36,0.00142418,0.00419479,0.00508408,1.90675,1.77309,107.508,157.286,123.341,-84.0376,1.80041,2.37988,0.203711,2.65137e-09,3.3,1.45144e-08,2.85381e-06,0.360931,5.08408
ss_27c_3.63v_1u_0.1_36,ss,27,3.63,1u,0.1,36,0.00147068,0.00426318,0.00516901,1.88607,1.8352,131.675,181.313,173.015,-205.189,1.8009,3.42832,0.194328,-5.50916e-09,3.63007,9.39157e-10,7.63191e-05,0.358102,5.16901
tt_-40c_2.97v_0.33u_0.001_36,tt,-40,2.97,0.33u,0.001,36,0.00114136,0.0034139,0.00411783,1.99909,1.77218,106.246,153.453,271.147,-161.529,2.19335,3.82681,0.536908,1.59915e-09,2.97002,3.00207e-09,2.07137e-05,0.440036,4.11783
tt_-40c_2.97v_0.33u_0.5_36,tt,-40,2.97,0.33u,0.5,36,0.00114136,0.0034139,0.00411783,2.06748,1.80946,111.382,162.385,829.28,-501.768,2.19335,2.11263,0.481779,3.04215e-08,2.96997,1.80232e-08,-3.1743e-05,0.440036,4.11783
tt_-40c_2.97v_1u_0.1_1e9,tt,-40,2.97,1u,0.1,1e9,0.00109323,0.00341321,0.00411575,1.80878,1.80497,6.16924,6.1817,6.14657,-0.00106683,2.19339,2.9699,0.00042404,1.80306,2.97001,5.93927e-09,8.42374e-06,0.431038,4.11575
tt_-40c_2.97v_1u_0.1_36,tt,-40,2.97,1u,0.1,36,0.00114134,0.0034139,0.00411783,1.89906,1.78782,104.636,153.648,207.491,-98.5236,2.19336,3.79618,0.193595,6.6933e-09,2.96997,8.64985e-09,-2.79253e-05,0.440032,4.11783
tt_-40c_2.97v_4.7u_0.001_36,tt,-40,2.97,4.7u,0.001,36,0.00114418,0.0034139,0.00411784,1.84177,1.80374,143.025,192.931,24.7458,-10.8339,2.19336,2.09781,0.063409,0.00875121,2.96996,1.88269e-08,-4.10553e-05,0.440583,4.11784
tt_-40c_2.97v_4.7u_0.5_36,tt,-40,2.97,4.7u,0.5,36,0.0011414,0.0034139,0.00411784,1.8831,1.7874,162.921,215.147,700.118,-557.272,2.19335,3.8231,0.109477,0.00939959,2.97003,3.55508e-09,2.84473e-05,0.440044,4.11784
tt_-40c_3.30v_1u_0.1_36,tt,-40,3.30,1u,0.1,36,0.00117667,0.0034712,0.00419564,1.89339,1.79364,128.534,178.09,210.798,-201.107,2.19556,2.43941,0.224661,3.9514e-10,3.30002,4.23582e-09,2.37466e-05,0.435819,4.19564
tt_-40c_3.63v_0.33u_0.001_36,tt,-40,3.63,0.33u,0.001,36,0.0012092,0.00351619,0.00424978,2.02385,1.7807,145.84,193.067,374.221,-163.786,2.19563,4.59926,0.509793,1.39479e-08,3.63,1.00555e-08,2.05074e-06,0.433465,4.24978
tt_-40c_3.63v_0.33u_0.5_36,tt,-40,3.63,0.33u,0.5,36,0.0012092,0.00351619,0.00424978,2.03144,1.74053,128.934,179.064,1139.79,-1239.25,2.1956,4.29328,0.507987,2.17495e-08,3.62999,1.28665e-08,-7.67874e-06,0.433465,4.24978
tt_-40c_3.63v_1u_0.1_1e9,tt,-40,3.63,1u,0.1,1e9,0.00122762,0.00351431,0.00424871,1.8067,1.80307,6.07848,6.09427,6.05352,-0.00105763,2.19564,3.62988,0.000420456,1.80116,3.62999,1.13183e-08,-1.16344e-05,0.437313,4.24871
tt_-40c_3.63v_1u_0.1_36,tt,-40,3.63,1u,0.1,36,0.00120918,0.00351619,0.00424978,1.87751,1.83698,145.848,195.604,296.358,-424.639,2.19565,2.92216,0.160504,9.77212e-09,3.63002,3.57359e-09,1.99966e-05,0.433461,4.24978
tt_-40c_3.63v_4.7u_0.001_36,tt,-40,3.63,4.7u,0.001,36,0.00120866,0.00351618,0.00424978,1.81488,1.8009,159.236,209.251,30.0482,-10.7171,2.19564,4.13621,0.0295826,0.008805,3.62995,2.08268e-08,-5.4588e-05,0.433366,4.24978
tt_-40c_3.63v_4.7u_0.5_36,tt,-40,3.63,4.7u,0.5,36,0.00120912,0.00351618,0.00424978,1.89312,1.87653,185.654,238.264,1350.87,-796.727,2.19565,2.74244,0.123294,0.00937641,3.62998,1.25112e-08,-2.63116e-05,0.433452,4.24978
tt_125c_2.97v_0.33u_0.001_36,tt,125,2.97,0.33u,0.001,36,0.00102922,0.00277766,0.00330074,1.96341,1.74426,83.7335,129.993,196.532,-159.695,2.08261,3.78511,0.343918,5.08729e-07,2.96998,2.66316e-08,-1.89837e-05,0.571938,3.30074
tt_125c_2.97v_0.33u_0.5_36,tt,125,2.97,0.33u,0.5,36,0.00102922,0.00277766,0.00330074,1.9623,1.75819,88.4781,137.028,900.123,-274.871,2.08261,2.27253,0.283173,5.06351e-07,2.97,2.22981e-08,3.17989e-06,0.571938,3.30074
tt_125c_2.97v_1u_0.1_1e9,tt,125,2.97,1u,0.1,1e9,0.00102476,0.00277081,0.00330606,1.80776,1.80433,4.75332,4.76872,4.74702,-0.000796337,2.08262,2.96946,0.000310096,1.80245,2.97003,1.60646e-08,3.1153e-05,0.572721,3.30606
tt_125c_2.97v_1u_0.1_36,tt,125,2.97,1u,0.1,36,0.00102918,0.00277766,0.00330074,1.87384,1.83489,83.3888,132.533,116.314,-50.5939,2.08263,2.78807,0.138148,5.08784e-07,2.97,2.18872e-08,-3.12835e-07,0.571925,3.30074
tt_125c_2.97v_4.7u_0.001_36,tt,125,2.97,4.7u,0.001,36,0.0010406,0.00277766,0.00330076,1.81515,1.79831,95.3724,145.11,15.7784,-10.6415,2.08262,2.31261,0.0307238,0.00883237,2.96998,2.53787e-08,-2.01743e-05,0.575685,3.30076
tt_125c_2.97v_4.7u_0.5_36,tt,125,2.97,4.7u,0.5,36,0.00103126,0.00277766,0.00330076,1.85403,1.80307,108.41,159.867,385.81,-197.776,2.08262,2.89059,0.0849155,0.00936999,2.96998,2.6147e-08,-2.19965e-05,0.572607,3.30076
tt_125c_3.30v_1u_0.1_36,tt,125,3.30,1u,0.1,36,0.00106389,0.00282803,0.00336223,1.86065,1.75836,100.943,151.353,139.555,-102.45,2.16542,3.28748,0.118964,5.7495e-07,3.29997,3.17125e-08,-3.24941e-05,0.566848,3.36223
tt_125c_3.63v_0.33u_0.001_36,tt,125,3.63,0.33u,0.001,36,0.00109525,0.00286974,0.00341045,1.96406,1.72212,105.64,154.019,270.205,-158.313,2.24414,3.94129,0.356204,6.46482e-07,3.62999,2.62575e-08,-1.33558e-05,0.563542,3.41045
tt_125c_3.63v_0.33u_0.5_36,tt,125,3.63,0.33u,0.5,36,0.00109525,0.00286974,0.00341045,1.93358,1.87341,100.275,150.436,706.121,-504.822,2.24419,3.44423,0.329224,6.46378e-07,3.63,2.24284e-08,1.36294e-07,0.563542,3.41045
tt_125c_3.63v_1u_0.1_1e9,tt,125,3.63,1u,0.1,1e9,0.00106122,0.00287647,0.00340272,1.80464,1.80134,4.69062,4.71063,4.68284,-0.000768108,2.24416,3.6294,0.000305099,1.79947,3.63002,1.17464e-08,2.0994e-05,0.550888,3.40272
tt_125c_3.63v_1u_0.1_36,tt,125,3.63,1u,0.1,36,0.00109522,0.00286974,0.00341045,1.85325,1.80311,110.679,161.147,152.539,-144.637,2.24416,2.95489,0.136309,6.45637e-07,3.63,2.2476e-08,4.11174e-06,0.563533,3.41045
tt_125c_3.63v_4.7u_0.001_36,tt,125,3.63,4.7u,0.001,36,0.00109948,0.00286974,0.00341046,1.81154,1.80734,110.764,160.808,19.4141,-10.6669,2.24416,3.26797,0.0221772,0.00882834,3.63,2.22479e-08,-3.90432e-06,0.564889,3.41046
tt_125c_3.63v_4.7u_0.5_36,tt,125,3.63,4.7u,0.5,36,0.00109657,0.00286974,0.00341046,1.8585,1.81099,120.13,171.731,617.712,-229.149,2.24416,3.43706,0.0872661,0.00934286,3.63003,1.98268e-08,2.76744e-05,0.563962,3.41046
tt_27c_2.97v_1u_0.1_36,tt,27,2.97,1u,0.1,36,0.00107099,0.00307845,0.00369088,1.89996,1.83765,96.3215,145.555,160.586,-69.6548,2.18418,2.34576,0.196126,6.55854e-10,2.97001,9.11838e-09,9.71312e-06,0.498142,3.69088
tt_27c_3.30v_1u_0.1_36,tt,27,3.30,1u,0.1,36,0.00110663,0.00313325,0.00376132,1.88011,1.82508,117.547,166.529,179.516,-175.122,2.26796,3.43732,0.170241,3.1423e-09,3.30002,8.6699e-09,1.71489e-05,0.493432,3.76132
tt_27c_3.63v_1u_0.1_36,tt,27,3.63,1u,0.1,36,0.00113899,0.00317732,0.0038134,1.87763,1.77678,133.792,183.93,209.035,-285.096,2.34691,2.82929,0.158781,1.27633e-08,3.63001,1.26446e-08,9.2503e-06,0.490598,3.8134
