corner_id,corner,temp_c,vin_v,vout_en,iload_en_ma,isup_en_ua,iref_en_ua,iq_en_ua,vout_off,pg_off,clg_off,isup_off_ua,iref_off_ua,iloop_off_ua,nbias_off,iq_off_ua,ileak_vin_vout_ua,t_startup,vout_settled,vout_max_en,vout_min_reg,isup_peak_ma,clg_min_reg,isup_peak_reg_ma,vout_pp_late,vout_off_tran,vout_max_off,pg_off_tran,t_startup_us
tt_-40c_2.97v,tt,-40,2.97,1.79947,49.9853,49995.8,1.28263,11.7406,3.83925e-05,2.97,2.97,0.000109751,2.39823e-06,8.12502e-06,6.38031e-10,0.000112149,4.27411e-05,0.000176549,1.78855,1.91442,1.67828,190.695,2.91611,190.695,0.216816,1.82212e-09,1.73767e-06,2.97,176.549
tt_-40c_3.30v,tt,-40,3.30,1.79944,49.9845,49996.5,1.28264,13.2937,0.000121649,3.3,3.3,0.000217471,2.39823e-06,1.55805e-05,8.37794e-10,0.000219869,0.000135467,3.99363e-05,1.8194,1.91242,1.68678,250.535,2.37942,247.073,0.206814,1.72849e-09,1.73253e-06,3.30002,39.9363
tt_-40c_3.63v,tt,-40,3.63,1.79937,49.9826,49996.2,1.28264,14.8805,0.000345764,3.63,3.63,0.000497085,2.39823e-06,3.46178e-05,1.30707e-09,0.000499484,0.000385266,3.95874e-05,1.76576,1.90266,1.69221,304.049,0.969906,302.466,0.205834,2.15651e-08,1.75286e-06,3.62997,39.5874
tt_27c_2.97v,tt,27,2.97,1.79938,49.9828,49994.3,1.44692,12.9663,4.94229e-05,2.97,2.97,0.000124473,2.68513e-06,8.29374e-06,8.11673e-10,0.000127158,5.5021e-05,0.000155486,1.77527,1.90931,1.6844,176.698,2.15184,176.698,0.185287,8.80726e-09,1.77505e-06,2.96996,155.486
tt_27c_3.30v,tt,27,3.30,1.79935,49.9818,49995.1,1.44692,14.6554,0.000134456,3.3,3.3,0.000232568,2.68513e-06,1.54832e-05,1.05554e-09,0.000235253,0.000149729,3.90201e-05,1.84433,1.87847,1.70251,227.829,1.36351,225.636,0.169255,6.80547e-09,1.74238e-06,3.29999,39.0201
tt_27c_3.63v,tt,27,3.63,1.79925,49.9793,49994.2,1.44693,16.3801,0.00036085,3.63,3.63,0.000514131,2.68513e-06,3.44897e-05,1.63134e-09,0.000516816,0.000402076,3.87039e-05,1.7361,1.87405,1.70698,277.81,0.626031,272.877,0.161989,1.5478e-08,1.7354e-06,3.63,38.7039
tt_125c_2.97v,tt,125,2.97,1.7992,49.9779,49990.8,1.65667,14.527,0.0126427,2.97,2.97,0.0143953,0.000192534,3.88033e-05,4.67486e-09,0.0145878,0.0141316,9.22799e-05,1.77313,1.87468,1.70137,171.037,1.93654,168.048,0.154443,5.08351e-07,2.25973e-06,2.97,92.2799
tt_125c_3.30v,tt,125,3.30,1.79916,49.9767,49991.4,1.65669,16.3702,0.014144,3.3,3.3,0.0160857,0.000192534,4.62696e-05,4.80316e-09,0.0162782,0.0158237,3.84065e-05,1.77817,1.85221,1.73711,204.285,1.35001,204.17,0.113207,5.66885e-07,2.27051e-06,3.30002,38.4065
tt_125c_3.63v,tt,125,3.63,1.79903,49.9729,49989.5,1.6567,18.2514,0.0160272,3.63,3.63,0.0182143,0.000192534,6.56512e-05,5.41433e-09,0.0184068,0.0179582,3.8141e-05,1.79578,1.85081,1.73612,249.207,0.861797,248.3,0.104672,6.50766e-07,2.30159e-06,3.62998,38.141
ff_-40c_2.97v,ff,-40,2.97,1.79945,49.9847,49998,1.71012,15.091,6.38043e-05,2.97,2.97,0.000140867,2.40231e-06,1.01494e-05,6.39927e-10,0.000143269,7.10396e-05,3.35427e-05,1.79864,1.89887,1.69037,246.511,2.17423,236.881,0.189689,3.06155e-09,1.73098e-06,2.97,33.5427
ff_-40c_3.30v,ff,-40,3.30,1.79941,49.9838,49999.2,1.71012,17.103,0.000207376,3.3,3.3,0.00032239,2.40231e-06,2.24579e-05,9.42718e-10,0.000324792,0.000230992,2.82254e-05,1.76044,1.88772,1.69299,301.213,1.09779,300.971,0.189402,1.01391e-08,1.63243e-06,3.29999,28.2254
ff_-40c_3.63v,ff,-40,3.63,1.79933,49.9815,49998.9,1.71013,19.1531,0.000575693,3.63,3.63,0.000777284,2.40231e-06,5.30444e-05,1.64953e-09,0.000779687,0.000641862,2.80687e-05,1.79556,1.88619,1.69529,366.016,0.540858,363.954,0.17803,2.11872e-08,1.68355e-06,3.63001,28.0687
ff_27c_2.97v,ff,27,2.97,1.79934,49.9818,49996.6,1.92915,16.7057,0.000323347,2.97,2.97,0.000437715,7.36693e-06,1.07316e-05,8.29404e-10,0.000445082,0.000360054,3.26133e-05,1.76711,1.87579,1.70179,223.117,1.43714,222.874,0.167923,1.79921e-08,1.71775e-06,2.96997,32.6133
ff_27c_3.30v,ff,27,3.30,1.7993,49.9807,49997.6,1.92916,18.8931,0.000508402,3.3,3.3,0.0006648,7.36693e-06,2.30318e-05,1.199e-09,0.000672167,0.000566382,2.77241e-05,1.79705,1.86002,1.70601,276.721,0.89656,267.532,0.140168,2.01285e-08,1.71521e-06,3.3,27.7241
ff_27c_3.63v,ff,27,3.63,1.79919,49.9776,49996.8,1.92917,21.1219,0.0009274,3.63,3.63,0.00117511,7.36693e-06,5.36534e-05,2.06212e-09,0.00118247,0.00103418,2.75229e-05,1.77802,1.86436,1.72659,325.79,0.090646,321.544,0.13096,3.94748e-08,1.77088e-06,3.62999,27.5229
ff_125c_2.97v,ff,125,2.97,1.79909,49.9747,49991.2,2.2088,18.7615,0.1439,2.97,2.97,0.162404,0.00169934,0.000313278,3.13924e-08,0.164103,0.168321,2.95602e-05,1.82967,1.85147,1.72223,207.297,1.39667,204.802,0.117315,6.06416e-06,7.72919e-06,2.96997,29.5602
ff_125c_3.30v,ff,125,3.30,1.79902,49.9729,49991.8,2.20882,21.1481,0.160446,3.3,3.3,0.180878,0.00169934,0.000328243,3.06867e-08,0.182578,0.189141,2.75781e-05,1.82574,1.84208,1.72443,248.802,0.925758,246.683,0.1159,6.81044e-06,8.52635e-06,3.29999,27.5781
ff_125c_3.63v,ff,125,3.63,1.79886,49.9682,49989.6,2.20884,23.5801,0.17962,3.63,3.63,0.202315,0.00169934,0.000363217,3.1117e-08,0.204014,0.214294,2.76419e-05,1.77203,1.84248,1.76002,299.92,0.823522,296.977,0.0806128,7.71901e-06,9.43207e-06,3.62997,27.6419
ss_-40c_2.97v,ss,-40,2.97,1.79948,49.9856,49994.1,1.02613,9.58834,2.49872e-05,2.97,2.97,9.24916e-05,2.39811e-06,7.11178e-06,6.60744e-10,9.48897e-05,2.78142e-05,0.00201469,1.86327,1.97464,1.66406,157.078,2.91826,156.45,0.296912,1.34099e-08,1.78955e-06,2.96994,2014.69
ss_-40c_3.30v,ss,-40,3.30,1.79946,49.9849,49994.7,1.02613,10.8445,7.35876e-05,3.3,3.3,0.000156928,2.39811e-06,1.16394e-05,7.95926e-10,0.000159326,8.19319e-05,0.000195656,1.75491,1.93413,1.66874,187.463,3.10596,187.463,0.234843,-1.13935e-09,1.78887e-06,3.30002,195.656
ss_-40c_3.63v,ss,-40,3.63,1.7994,49.9832,49994.3,1.02613,12.1337,0.000210324,3.63,3.63,0.000332061,2.39811e-06,2.33372e-05,1.11225e-09,0.000334459,0.000234261,5.66364e-05,1.83457,1.90964,1.66679,245.51,1.6328,245.51,0.230226,4.86261e-09,1.70303e-06,3.63002,56.6364
ss_27c_2.97v,ss,27,2.97,1.79939,49.9831,49992.5,1.15756,10.5635,2.6003e-05,2.97,2.97,9.50993e-05,2.42161e-06,7.02835e-06,8.46153e-10,9.75209e-05,2.89457e-05,0.00186522,1.8243,1.91944,1.66828,145.825,2.92089,145.825,0.235456,-1.60727e-09,1.72417e-06,2.97002,1865.22
ss_27c_3.30v,ss,27,3.30,1.79936,49.9823,49993.1,1.15756,11.9312,7.48622e-05,3.3,3.3,0.000160977,2.42161e-06,1.16757e-05,1.01012e-09,0.000163398,8.33512e-05,0.000196459,1.80462,1.90464,1.67473,176.389,1.84027,175.283,0.223119,3.42919e-09,1.67313e-06,3.3,196.459
ss_27c_3.63v,ss,27,3.63,1.79928,49.9801,49992.3,1.15757,13.3326,0.000211999,3.63,3.63,0.000334446,2.42161e-06,2.33523e-05,1.39909e-09,0.000336867,0.000236127,5.50209e-05,1.80811,1.88258,1.69425,224.374,0.950477,224.374,0.186675,8.80819e-09,1.70959e-06,3.63,55.0209
ss_125c_2.97v,ss,125,2.97,1.79924,49.9788,49989.3,1.32537,11.8078,0.00119984,2.97,2.97,0.00145357,2.71009e-05,1.17455e-05,2.01484e-09,0.00148067,0.00133612,0.0016163,1.83322,1.90814,1.6914,141.149,2.37293,141.149,0.18678,4.54633e-08,1.7467e-06,2.97002,1616.3
ss_125c_3.30v,ss,125,3.30,1.7992,49.9778,49989.8,1.32538,13.3017,0.00137062,3.3,3.3,0.00165737,2.71009e-05,1.64947e-05,2.15889e-09,0.00168447,0.00152663,0.000128238,1.72988,1.86985,1.71321,168.089,1.33036,167.366,0.153641,5.89425e-08,1.8386e-06,3.29997,128.238
ss_125c_3.63v,ss,125,3.63,1.79909,49.9746,49988.1,1.32539,14.8302,0.00164907,3.63,3.63,0.00199053,2.71009e-05,2.81663e-05,2.60586e-09,0.00201763,0.00183762,5.40957e-05,1.79606,1.86275,1.71573,206.571,1.06771,202.388,0.122417,6.64754e-08,1.80259e-06,3.63,54.0957
fs_-40c_2.97v,fs,-40,2.97,1.79946,49.985,49995.6,1.28264,11.851,3.0616e-05,2.97,2.97,0.000100562,2.39977e-06,7.60032e-06,5.89296e-10,0.000102962,3.40811e-05,0.00122853,1.74369,1.93181,1.67364,159.829,2.9164,159.186,0.205833,2.41837e-09,1.80792e-06,2.97,1228.53
fs_-40c_3.30v,fs,-40,3.30,1.79944,49.9845,49996.6,1.28264,13.3911,9.41584e-05,3.3,3.3,0.000182336,2.39977e-06,1.31634e-05,7.4579e-10,0.000184736,0.000104843,9.67273e-05,1.86199,1.9065,1.68237,210.057,1.15159,210.057,0.20912,8.45757e-09,1.72704e-06,3.29998,96.7273
fs_-40c_3.63v,fs,-40,3.63,1.7994,49.9832,49996.9,1.28264,14.9687,0.000269132,3.63,3.63,0.000402597,2.39977e-06,2.81736e-05,1.10807e-09,0.000404997,0.000299814,3.97923e-05,1.74144,1.88435,1.69955,258.491,0.730277,258.341,0.184807,1.1737e-08,1.77852e-06,3.63,39.7923
fs_27c_2.97v,fs,27,2.97,1.79937,49.9826,49994.3,1.44692,13.0786,3.31926e-05,2.97,2.97,0.000107005,4.77389e-06,7.63703e-06,7.45214e-10,0.000111779,3.69501e-05,0.00112275,1.782,1.91573,1.66759,154.914,2.06739,154.914,0.227744,6.12431e-09,1.72125e-06,2.96997,1122.75
fs_27c_3.30v,fs,27,3.30,1.79935,49.982,49995.3,1.44693,14.7542,9.70794e-05,3.3,3.3,0.000191578,4.77389e-06,1.33076e-05,9.3447e-10,0.000196352,0.000108094,8.95876e-05,1.80447,1.87085,1.70638,198.403,1.17503,191.565,0.147836,-3.38492e-09,1.71504e-06,3.30005,89.5876
fs_27c_3.63v,fs,27,3.63,1.7993,49.9805,49995.5,1.44693,16.4688,0.000272558,3.63,3.63,0.000411907,4.77389e-06,2.82745e-05,1.37613e-09,0.000416681,0.000303633,3.89129e-05,1.82884,1.86202,1.72154,233.918,0.926607,232.636,0.132501,3.16197e-09,1.70665e-06,3.63005,38.9129
fs_125c_2.97v,fs,125,2.97,1.79922,49.9783,49991.3,1.65669,14.6371,0.00250123,2.97,2.97,0.00378262,0.000957194,2.1901e-05,1.96156e-09,0.00473981,0.00278616,0.000945002,1.80962,1.88239,1.70037,149.724,1.70272,147.925,0.162597,9.83715e-08,1.79121e-06,2.97001,945.002
fs_125c_3.30v,fs,125,3.30,1.79919,49.9776,49992.4,1.6567,16.4667,0.00278443,3.3,3.3,0.00412708,0.000957194,2.78765e-05,2.14523e-09,0.00508427,0.00310259,7.03551e-05,1.81987,1.849,1.72568,187.34,1.21271,187.34,0.115277,1.10536e-07,1.83594e-06,3.30001,70.3551
fs_125c_3.63v,fs,125,3.63,1.79911,49.9754,49992.1,1.65671,18.3367,0.00321825,3.63,3.63,0.00466172,0.000957194,4.30261e-05,2.66115e-09,0.00561891,0.00358827,3.83303e-05,1.80926,1.84832,1.72794,230.01,0.87051,230.01,0.116405,1.31175e-07,1.90083e-06,3.62999,38.3303
sf_-40c_2.97v,sf,-40,2.97,1.79947,49.9854,49995.8,1.28263,11.6357,4.91142e-05,2.97,2.97,0.000121454,2.39812e-06,8.92959e-06,6.97859e-10,0.000123852,5.46771e-05,4.61057e-05,1.77542,1.91648,1.67826,226.614,2.92375,226.614,0.220636,3.43286e-09,1.64271e-06,2.96999,46.1057
sf_-40c_3.30v,sf,-40,3.30,1.79943,49.9843,49996.2,1.28263,13.2003,0.000158389,3.3,3.3,0.000263904,2.39812e-06,1.84866e-05,9.5759e-10,0.000266302,0.000176397,3.96361e-05,1.78101,1.91492,1.6863,283.626,2.49123,283.626,0.21751,8.3567e-09,1.64701e-06,3.29999,39.6361
sf_-40c_3.63v,sf,-40,3.63,1.79933,49.9813,49994.8,1.28264,14.7965,0.000445661,3.63,3.63,0.000618695,2.39812e-06,4.25223e-05,1.57047e-09,0.000621093,0.000496709,3.93245e-05,1.74123,1.92775,1.66666,350.301,0.404754,347.98,0.256361,2.34517e-08,1.65496e-06,3.62997,39.3245
sf_27c_2.97v,sf,27,2.97,1.79938,49.9827,49994.1,1.44691,12.8601,0.000167494,2.97,2.97,0.000256336,2.43549e-06,9.20006e-06,9.03007e-10,0.000258772,0.000186484,4.32873e-05,1.83768,1.89871,1.69261,211.597,2.28387,206.31,0.201262,1.00165e-08,1.70638e-06,2.96998,43.2873
sf_27c_3.30v,sf,27,3.30,1.79932,49.9812,49994.3,1.44692,14.5612,0.00029567,3.3,3.3,0.000416226,2.43549e-06,1.87744e-05,1.22254e-09,0.000418661,0.000329309,3.87322e-05,1.79266,1.88565,1.69634,263.919,1.64471,263.919,0.187002,1.69039e-08,1.68106e-06,3.29997,38.7322
sf_27c_3.63v,sf,27,3.63,1.79917,49.9771,49991.9,1.44692,16.2964,0.000606007,3.63,3.63,0.000796347,2.43549e-06,4.25551e-05,1.97889e-09,0.000798783,0.000675478,3.85008e-05,1.77761,1.88577,1.69996,317.457,0.567235,317.457,0.180734,2.76238e-08,1.68596e-06,3.62998,38.5008
sf_125c_2.97v,sf,125,2.97,1.79916,49.9767,49989.5,1.65666,14.4249,0.0792764,2.97,2.97,0.0886684,4.27613e-05,0.000166819,2.08549e-08,0.0887112,0.0906766,3.88046e-05,1.82889,1.88023,1.7135,196.522,2.15113,188.576,0.155599,3.26984e-06,5.02501e-06,2.96997,38.8046
sf_125c_3.30v,sf,125,3.30,1.79908,49.9745,49989.2,1.65668,16.2807,0.0886123,3.3,3.3,0.0990822,4.27613e-05,0.00017761,2.02454e-08,0.099125,0.101805,3.81465e-05,1.79225,1.85805,1.71233,234.236,1.2175,232.038,0.12377,3.66629e-06,5.32559e-06,3.29999,38.1465
sf_125c_3.63v,sf,125,3.63,1.79886,49.9683,49984.8,1.65669,18.1735,0.0995915,3.63,3.63,0.111345,4.27613e-05,0.000203455,2.05761e-08,0.111388,0.115212,3.79657e-05,1.79651,1.85766,1.72199,280.449,0.108497,280.449,0.134832,4.14868e-06,5.87973e-06,3.62999,37.9657
res_ff_-40c_2.97v,res_ff,-40,2.97,1.79943,49.9843,49996.9,1.71011,14.35,3.83925e-05,2.97,2.97,0.00011066,2.39823e-06,8.12502e-06,6.38031e-10,0.000113059,4.2738e-05,0.000138846,1.81668,1.92132,1.68881,195.018,2.92228,195.018,0.201006,1.37691e-09,1.66446e-06,2.97,138.846
res_ff_-40c_3.30v,res_ff,-40,3.30,1.7994,49.9835,49998.1,1.71012,16.3276,0.000121651,3.3,3.3,0.000217468,2.39823e-06,1.55805e-05,8.37795e-10,0.000219867,0.000135467,3.69769e-05,1.824,1.8938,1.68785,246.524,2.11805,246.524,0.1966,2.17505e-08,1.70782e-06,3.29993,36.9769
res_ff_-40c_3.63v,res_ff,-40,3.63,1.79933,49.9813,49998,1.71012,18.3493,0.000345765,3.63,3.63,0.000497088,2.39823e-06,3.4592e-05,1.30708e-09,0.000499487,0.000385266,2.8408e-05,1.83138,1.88376,1.69763,308.897,1.06257,303.811,0.177184,2.23639e-08,1.80792e-06,3.62996,28.408
res_ff_27c_2.97v,res_ff,27,2.97,1.79934,49.9817,49995.6,1.92913,15.891,4.94245e-05,2.97,2.97,0.000124473,2.68514e-06,8.29374e-06,8.11674e-10,0.000127158,5.50219e-05,0.000125031,1.80884,1.89835,1.69193,185.511,2.88579,183.254,0.206417,8.37008e-10,1.76157e-06,2.97001,125.031
res_ff_27c_3.30v,res_ff,27,3.30,1.7993,49.9806,49996.8,1.92914,18.0413,0.000134457,3.3,3.3,0.000233479,2.68514e-06,1.54832e-05,1.05554e-09,0.000236164,0.000149729,3.66323e-05,1.76281,1.8731,1.70418,232.469,1.32493,229.426,0.161124,9.88035e-10,1.74075e-06,3.30003,36.6323
res_ff_27c_3.63v,res_ff,27,3.63,1.7992,49.9779,49996.2,1.92915,20.2387,0.00036085,3.63,3.63,0.000514128,2.68514e-06,3.45155e-05,1.63134e-09,0.000516813,0.000402077,2.76673e-05,1.78009,1.86226,1.69627,275.717,0.775744,271.917,0.141352,2.22352e-08,1.69479e-06,3.62996,27.6673
res_ff_125c_2.97v,res_ff,125,2.97,1.79916,49.9766,49992.2,2.20877,17.8521,0.0126427,2.97,2.97,0.0143953,0.000192535,3.88244e-05,4.67486e-09,0.0145878,0.0141316,8.47995e-05,1.74739,1.8811,1.69793,175.244,2.56276,169.996,0.156417,5.04297e-07,2.21248e-06,2.97003,84.7995
res_ff_125c_3.30v,res_ff,125,3.30,1.79911,49.9752,49993.2,2.20879,20.1983,0.014144,3.3,3.3,0.0160857,0.000192535,4.62696e-05,4.80316e-09,0.0162782,0.0158237,3.39061e-05,1.83603,1.85825,1.72769,215.619,1.40264,215.619,0.124548,5.71115e-07,2.32876e-06,3.29999,33.9061
res_ff_125c_3.63v,res_ff,125,3.63,1.79896,49.9712,49991.6,2.20881,22.5949,0.0160272,3.63,3.63,0.0182143,0.000192535,6.56512e-05,5.41434e-09,0.0184068,0.0179582,2.73018e-05,1.82688,1.84642,1.73461,249.88,0.944714,249.709,0.107468,6.41609e-07,2.32879e-06,3.63003,27.3018
res_ss_-40c_2.97v,res_ss,-40,2.97,1.7995,49.986,49995,1.02613,10.0536,3.83927e-05,2.97,2.97,0.000109751,2.39822e-06,8.12502e-06,6.38031e-10,0.000112149,4.27384e-05,0.00022115,1.79216,1.92354,1.67109,188.834,2.91483,186.37,0.221688,3.53931e-10,1.71634e-06,2.97001,221.15
res_ss_-40c_3.30v,res_ss,-40,3.30,1.79947,49.9853,49995.6,1.02613,11.3339,0.000121651,3.3,3.3,0.000217471,2.39822e-06,1.55805e-05,8.37793e-10,0.00021987,0.000135468,5.66581e-05,1.76037,1.91571,1.67369,245.866,1.52564,245.866,0.23148,1.6915e-09,1.75586e-06,3.30002,56.6581
res_ss_-40c_3.63v,res_ss,-40,3.63,1.7994,49.9835,49995.1,1.02614,12.6415,0.000345765,3.63,3.63,0.000497085,2.39822e-06,3.46178e-05,1.30707e-09,0.000499483,0.000385267,5.61504e-05,1.75992,1.91728,1.66245,302.034,1.1279,298.663,0.224724,1.50691e-08,1.77528e-06,3.62999,56.1504
res_ss_27c_2.97v,res_ss,27,2.97,1.79941,49.9836,49993.5,1.15757,11.0747,4.9422e-05,2.97,2.97,0.000124472,2.68513e-06,8.29375e-06,8.11673e-10,0.000127158,5.50215e-05,0.000193705,1.73615,1.9176,1.6754,175.227,2.14315,175.227,0.199562,1.11114e-08,1.60462e-06,2.96994,193.705
res_ss_27c_3.30v,res_ss,27,3.30,1.79938,49.9827,49994,1.15757,12.4673,0.000134458,3.3,3.3,0.000232567,2.68513e-06,1.55067e-05,1.05554e-09,0.000235252,0.000149729,5.50192e-05,1.74053,1.88669,1.69427,227.158,1.10084,226.562,0.179377,-9.06915e-10,1.68452e-06,3.30004,55.0192
res_ss_27c_3.63v,res_ss,27,3.63,1.79929,49.9803,49993,1.15757,13.8887,0.000360847,3.63,3.63,0.000514127,2.68513e-06,3.45155e-05,1.63133e-09,0.000516813,0.000402079,5.46124e-05,1.8237,1.88583,1.70141,273.598,0.324068,273.598,0.18283,9.60662e-09,1.71122e-06,3.63003,54.6124
res_ss_125c_2.97v,res_ss,125,2.97,1.79924,49.9789,49989.9,1.32539,12.3758,0.0126427,2.97,2.97,0.0143953,0.000192532,3.88244e-05,4.67486e-09,0.0145878,0.0141316,9.86215e-05,1.82871,1.8744,1.7158,165.542,1.83687,165.542,0.147351,5.12546e-07,2.30117e-06,2.96997,98.6215
res_ss_125c_3.30v,res_ss,125,3.30,1.7992,49.9777,49990.3,1.3254,13.8958,0.014144,3.3,3.3,0.0160857,0.000192532,4.62696e-05,4.80315e-09,0.0162782,0.0158237,5.40421e-05,1.75998,1.85996,1.72304,205.254,0.953724,205.254,0.128366,5.68704e-07,2.32219e-06,3.30001,54.0421
res_ss_125c_3.63v,res_ss,125,3.63,1.79907,49.9741,49988.2,1.3254,15.4464,0.0160272,3.63,3.63,0.0182143,0.000192532,6.5677e-05,5.41432e-09,0.0184068,0.0179582,5.3686e-05,1.75948,1.8591,1.72612,250.587,0.381606,248.817,0.131585,6.5397e-07,2.35183e-06,3.62996,53.686
