scenario,corner,status,diagnostics,solver_path,tran_trouble,label,window,servo,ibias_rel,vx_err_mv,vx_set_dev_mv,icv_ua,ist_na,r_eff_kohm,ist_frac,ist_peak_ua,t_acq_us,en0_icv_na,en0_vx,en0_shutdown_ok,verdict,control_detects_inactive
encycle,ss_-40c_2.97v,pass,,direct,,en_from_shutdown,1,il,0.9999504066666667,-0.010000000000065512,0.010000000000065512,0.7542719999999999,-0.128413,1590.5322688610029,-0.00017024760298672096,0.00189535,0.5750999999999973,0.00572283,1.13136,True,ACQUIRED,
encycle,ss_-40c_2.97v,pass,,direct,,en_from_shutdown,1,ss,0.9999713740833335,-0.01999999999990898,0.01999999999990898,0.27198,0.00270137,4420.674794432738,9.932237664534157e-06,0.00128337,42.816,0.00655163,1.19993,True,ACQUIRED,
encycle,ss_-40c_2.97v,pass,,direct,,en_off100u,2,il,0.999926258,-0.010000000000065512,0.010000000000065512,0.7544310000000001,0.0125977,1590.4074256297151,1.6698279895709483e-05,0.000900828,0.363999999999985,0.0262269,1.27364,True,ACQUIRED,
encycle,ss_-40c_2.97v,pass,,direct,,en_off100u,2,ss,0.9999601355000001,-0.01999999999990898,0.01999999999990898,0.27173200000000003,0.00200794,4416.3786555271345,7.389413098199696e-06,0.00122784,12.891999999999971,0.0066484099999999996,1.29716,True,ACQUIRED,
encycle,ss_-40c_2.97v,pass,,direct,,en_off1u,3,il,0.999924851,-0.010000000000065512,0.010000000000065512,0.753854,-0.0198443,1590.2850418475198,-2.6323797446189847e-05,0.000897615,0.187000000000017,4.43423,1.26336,,ACQUIRED,
encycle,ss_-40c_2.97v,pass,,direct,,en_off1u,3,ss,0.9999572951666668,-0.01999999999990898,0.01999999999990898,0.271706,0.002883,4416.8050199132795,1.0610733660647908e-05,0.00112038,1.5160000000000173,57.52,1.24026,,ACQUIRED,
encycle,ss_-40c_2.97v,pass,,direct,,en_off10u,4,il,0.9999274867499999,-0.010000000000065512,0.010000000000065512,0.75425,-0.010575600000000001,1590.5000286310765,-1.4021345707656612e-05,0.00207619,0.2819999999999949,0.0961125,1.27524,,ACQUIRED,
encycle,ss_-40c_2.97v,pass,,direct,,en_off10u,4,ss,0.9999605821666667,-0.01999999999990898,0.01999999999990898,0.27170300000000003,0.00180536,4416.348119849691,6.644608267115196e-06,0.00181928,6.818000000000015,0.0995671,1.29904,,ACQUIRED,
encycle,ss_-40c_3.30v,pass,,dyn_gmin,,en_from_shutdown,1,il,0.9999245479166667,-0.010000000000065512,0.010000000000065512,0.754265,-0.0449553,1590.877033824598,-5.960146632814727e-05,0.00225536,0.4251999999999972,0.00624471,1.19574,True,ACQUIRED,
encycle,ss_-40c_3.30v,pass,,dyn_gmin,,en_from_shutdown,1,ss,0.9999583013333334,-0.01999999999990898,0.01999999999990898,0.271781,0.0037122899999999996,4419.8517136848,1.3659122602389423e-05,0.00165479,43.151799999999994,0.00687986,1.19995,True,ACQUIRED,
encycle,ss_-40c_3.30v,pass,,dyn_gmin,,en_off100u,2,il,0.9999328128333334,-0.010000000000065512,0.010000000000065512,0.7543380000000001,0.0320267,1590.2492292074196,4.245669713046406e-05,0.00228197,0.3590000000000147,-0.0135648,1.2734,True,ACQUIRED,
encycle,ss_-40c_3.30v,pass,,dyn_gmin,,en_off100u,2,ss,0.9999628265833335,-0.01999999999990898,0.01999999999990898,0.271741,0.0017183200000000002,4414.603284954841,6.323374095186225e-06,0.00174682,12.894000000000002,0.00658116,1.297,True,ACQUIRED,
encycle,ss_-40c_3.30v,pass,,dyn_gmin,,en_off1u,3,il,0.9999312941666666,-0.010000000000065512,0.010000000000065512,0.754405,0.007430910000000001,1590.4112197966786,9.85002750511993e-06,0.00226185,0.1849999999999855,4.29165,1.26318,,ACQUIRED,
encycle,ss_-40c_3.30v,pass,,dyn_gmin,,en_off1u,3,ss,0.99996189275,-0.01999999999990898,0.01999999999990898,0.271708,0.00210876,4416.483944732959,7.761125914584774e-06,0.00168549,1.4990000000000208,58.397,1.23987,,ACQUIRED,
encycle,ss_-40c_3.30v,pass,,dyn_gmin,,en_off10u,4,il,0.9999294143333332,-0.010000000000065512,0.010000000000065512,0.7545080000000001,0.0106167,1590.5094193965708,1.4071023766480936e-05,0.00199571,0.2789999999999477,0.0473569,1.27499,,ACQUIRED,
encycle,ss_-40c_3.30v,pass,,dyn_gmin,,en_off10u,4,ss,0.9999609097500001,-0.01999999999990898,0.01999999999990898,0.271704,0.0024178100000000003,4416.463348178138,8.898691222801285e-06,0.00177732,6.799000000000041,0.0961494,1.29889,,ACQUIRED,
encycle,ss_27c_2.97v,pass,,direct,,en_from_shutdown,1,il,0.999898955,-0.010000000000065512,0.010000000000065512,0.8512569999999999,0.009202630000000002,1409.8439920476762,1.0810636505779102e-05,0.00206079,0.5246999999999985,0.00608029,1.19211,True,ACQUIRED,
encycle,ss_27c_2.97v,pass,,direct,,en_from_shutdown,1,ss,0.9999582009999999,-0.010000000000065512,0.010000000000065512,0.306525,0.00205469,3914.1264811510614,6.703172661283745e-06,0.00152703,39.3455,0.0065603300000000005,1.19996,True,ACQUIRED,
encycle,ss_27c_2.97v,pass,,direct,,en_off100u,2,il,0.9999131753333333,-0.010000000000065512,0.010000000000065512,0.849959,-0.058099899999999996,1409.8375378339256,-6.83561207069988e-05,0.00209727,0.42400000000000815,-0.013348,1.29432,True,ACQUIRED,
encycle,ss_27c_2.97v,pass,,direct,,en_off100u,2,ss,0.9999620979166667,-0.010000000000065512,0.010000000000065512,0.306263,0.000379122,3911.1054099156795,1.2378968402973914e-06,0.00140593,15.391999999999978,0.007752600000000001,1.32585,True,ACQUIRED,
encycle,ss_27c_2.97v,pass,,direct,,en_off1u,3,il,0.9998958941666666,-0.010000000000065512,0.010000000000065512,0.850888,0.00056421,1409.80157679225,6.630837431013248e-07,0.00213956,0.21599999999998573,4.9454899999999995,1.28182,,ACQUIRED,
encycle,ss_27c_2.97v,pass,,direct,,en_off1u,3,ss,0.99995728575,-0.010000000000065512,0.010000000000065512,0.306509,0.002288,3914.991281920776,7.464707398477696e-06,0.00151796,1.899999999999992,57.622,1.25343,,ACQUIRED,
encycle,ss_27c_2.97v,pass,,direct,,en_off10u,4,il,0.9998786224999999,-0.010000000000065512,0.010000000000065512,0.8477950000000001,-0.00040271,1408.55253306098,-4.750086990369134e-07,0.00139861,0.3219999999999742,0.115006,1.29545,,ACQUIRED,
encycle,ss_27c_2.97v,pass,,direct,,en_off10u,4,ss,0.9999490315,-0.010000000000065512,0.010000000000065512,0.306454,0.00445882,3916.313379134777,1.454972034954675e-05,0.00141306,8.08899999999997,0.125228,1.32757,,ACQUIRED,
encycle,ss_27c_3.30v,pass,,direct,,en_from_shutdown,1,il,0.9999047766666666,-0.010000000000065512,0.010000000000065512,0.851036,0.00341207,1409.8505439603884,4.0093133545466935e-06,0.0022684899999999997,0.5205999999999997,0.0064135799999999995,1.19493,True,ACQUIRED,
encycle,ss_27c_3.30v,pass,,direct,,en_from_shutdown,1,ss,0.9999605239166667,-0.010000000000065512,0.010000000000065512,0.306494,0.00235505,3914.7357406646174,7.683837203990943e-06,0.0017512200000000002,39.710899999999995,0.00688981,1.19998,True,ACQUIRED,
encycle,ss_27c_3.30v,pass,,direct,,en_off100u,2,il,0.9998750216666665,-0.010000000000065512,0.010000000000065512,0.8506159999999999,0.122878,1408.577224920376,0.00014445766362259821,0.00227691,0.4180000000000221,0.0310998,1.29406,True,ACQUIRED,
encycle,ss_27c_3.30v,pass,,direct,,en_off100u,2,ss,0.9999471234166667,-0.010000000000065512,0.010000000000065512,0.30683299999999997,0.00621977,3918.6207949342615,2.0270863955311196e-05,0.00176859,15.377000000000011,0.00782009,1.32572,True,ACQUIRED,
encycle,ss_27c_3.30v,pass,,direct,,en_off1u,3,il,0.9998964974999999,-0.010000000000065512,0.010000000000065512,0.851368,0.0112523,1410.069167526506,1.3216728841112187e-05,0.00229111,0.2129999999999927,4.87739,1.28154,,ACQUIRED,
encycle,ss_27c_3.30v,pass,,direct,,en_off1u,3,ss,0.9999569094166666,-0.010000000000065512,0.010000000000065512,0.30651,0.00319663,3915.1941899277285,1.0429121398975563e-05,0.00170643,1.8890000000000355,57.9837,1.25325,,ACQUIRED,
encycle,ss_27c_3.30v,pass,,direct,,en_off10u,4,il,0.9999142967499999,-0.010000000000065512,0.010000000000065512,0.8512489999999999,0.138308,1408.4969651331903,0.00016247654916481545,0.00226939,0.3149999999999724,0.0690744,1.29519,,ACQUIRED,
encycle,ss_27c_3.30v,pass,,direct,,en_off10u,4,ss,0.9999625950833334,-0.010000000000065512,0.010000000000065512,0.306291,0.00105337,3909.2343285964675,3.4391150898981686e-06,0.00123508,8.060999999999963,0.121268,1.32745,,ACQUIRED,
encycle,tt_-40c_2.97v,pass,nonconvergence,true_gmin,,en_from_shutdown,1,il,0.9999216085,-0.010000000000065512,0.010000000000065512,0.943048,-0.0518752,1272.9179584614305,-5.500801655907229e-05,0.0017014900000000002,0.34549999999999864,0.00603184,1.19481,True,ACQUIRED,
encycle,tt_-40c_2.97v,pass,nonconvergence,true_gmin,,en_from_shutdown,1,ss,0.9999595444166667,-0.01999999999990898,0.01999999999990898,0.339703,0.00177373,3534.6228943841406,5.2214139998763625e-06,0.00131814,30.1408,0.00655004,1.19994,True,ACQUIRED,
encycle,tt_-40c_2.97v,pass,nonconvergence,true_gmin,,en_off100u,2,il,0.9999158741666666,-0.010000000000065512,0.010000000000065512,0.9429249999999999,-0.00523002,1272.4382062626191,-5.546591722565422e-06,0.0014513,0.2949999999999828,0.025998999999999998,1.27395,True,ACQUIRED,
encycle,tt_-40c_2.97v,pass,nonconvergence,true_gmin,,en_off100u,2,ss,0.9999560336666667,-0.01999999999990898,0.01999999999990898,0.33962600000000004,0.00220184,3533.1846594154676,6.483131444589047e-06,0.000786507,10.774000000000015,0.00596643,1.29565,True,ACQUIRED,
encycle,tt_-40c_2.97v,pass,nonconvergence,true_gmin,,en_off1u,3,il,0.9999158748333333,-0.010000000000065512,0.010000000000065512,0.943049,0.00695231,1272.4287616423771,7.372161997944964e-06,0.00155947,0.16200000000000286,3.35006,1.26684,,ACQUIRED,
encycle,tt_-40c_2.97v,pass,nonconvergence,true_gmin,,en_off1u,3,ss,0.9999560384166667,-0.01999999999990898,0.01999999999990898,0.33962600000000004,0.00220101,3533.1846761988327,6.480687579867266e-06,0.000883023,1.609000000000018,48.6476,1.24901,,ACQUIRED,
encycle,tt_-40c_2.97v,pass,nonconvergence,true_gmin,,en_off10u,4,il,0.9999158648333333,-0.010000000000065512,0.010000000000065512,0.943019,0.00396745,1272.4314476079985,4.207179282707983e-06,0.0016015299999999999,0.23199999999996662,0.0980225,1.27576,,ACQUIRED,
encycle,tt_-40c_2.97v,pass,nonconvergence,true_gmin,,en_off10u,4,ss,0.9999560302500001,-0.01999999999990898,0.01999999999990898,0.33962600000000004,0.00220232,3533.184647343223,6.484544763946222e-06,0.0014272199999999999,6.010999999999994,0.0742917,1.29854,,ACQUIRED,
encycle,tt_-40c_3.30v,pass,,direct,,en_from_shutdown,1,il,0.9999201424999998,-0.010000000000065512,0.010000000000065512,0.943123,0.015436599999999998,1272.4827707980057,1.6367536365882286e-05,0.00157762,0.34509999999999774,0.00636299,1.19677,True,ACQUIRED,
encycle,tt_-40c_3.30v,pass,,direct,,en_from_shutdown,1,ss,0.9999577336666667,-0.01999999999990898,0.01999999999990898,0.339651,0.00243319,3533.0970388450996,7.163794600928601e-06,0.00134724,30.359599999999997,0.0068822,1.19996,True,ACQUIRED,
encycle,tt_-40c_3.30v,pass,,direct,,en_off100u,2,il,0.9999159674999999,-0.010000000000065512,0.010000000000065512,0.943179,-0.010176000000000001,1272.6556095419007,-1.0789044285337143e-05,0.00191187,0.29199999999998977,-0.00894057,1.27364,True,ACQUIRED,
encycle,tt_-40c_3.30v,pass,,direct,,en_off100u,2,ss,0.99995512325,-0.01999999999990898,0.01999999999990898,0.339592,0.00288229,3533.2230561984343,8.487508539659356e-06,0.00155756,10.781000000000018,0.00594619,1.29549,True,ACQUIRED,
encycle,tt_-40c_3.30v,pass,,direct,,en_off1u,3,il,0.9999359595,-0.010000000000065512,0.010000000000065512,0.94346,0.0397122,1272.2128287555477,4.209208657494753e-05,0.00189256,0.15900000000000983,3.23408,1.2664,,ACQUIRED,
encycle,tt_-40c_3.30v,pass,,direct,,en_off1u,3,ss,0.9999681405000002,-0.01999999999990898,0.01999999999990898,0.339621,0.000486146,3532.436954589077,1.4314368075001253e-06,0.00149687,1.602000000000016,48.5855,1.24894,,ACQUIRED,
encycle,tt_-40c_3.30v,pass,,direct,,en_off10u,4,il,0.9999191328333333,-0.010000000000065512,0.010000000000065512,0.94298,4.79909e-05,1272.4342569125279,5.08928079068485e-08,0.0018163099999999998,0.22699999999999632,0.0170791,1.27549,,ACQUIRED,
encycle,tt_-40c_3.30v,pass,,direct,,en_off10u,4,ss,0.9999572108333334,-0.01999999999990898,0.01999999999990898,0.33962600000000004,0.00253157,3533.1784154783395,7.4539935105086175e-06,0.0015304,5.993999999999943,0.0716893,1.29838,,ACQUIRED,
encycle,tt_27c_2.97v,pass,,dyn_gmin,,en_from_shutdown,1,il,0.9999013133333333,-0.010000000000065512,0.010000000000065512,1.06244,0.0112467,1127.1256173970219,1.0585727194006249e-05,0.0019034100000000001,0.4206999999999975,0.0063355600000000005,1.19418,True,ACQUIRED,
encycle,tt_27c_2.97v,pass,,dyn_gmin,,en_from_shutdown,1,ss,0.9999612324166667,-0.010000000000065512,0.010000000000065512,0.38334300000000004,0.00124172,3132.6697356707436,3.239187881349079e-06,0.00183466,27.386599999999998,0.00669027,1.19996,True,ACQUIRED,
encycle,tt_27c_2.97v,pass,,dyn_gmin,,en_off100u,2,il,0.9999050849999999,-0.010000000000065512,0.010000000000065512,1.06521,-0.0572357,1128.624736158925,-5.3731846302607e-05,0.0020461100000000003,0.3450000000000111,-0.0206516,1.2944,True,ACQUIRED,
encycle,tt_27c_2.97v,pass,,dyn_gmin,,en_off100u,2,ss,0.9999629646666666,-0.010000000000065512,0.010000000000065512,0.382841,-0.000160995,3131.497922957078,-4.2052705953646556e-07,0.00196517,12.816999999999982,0.00699328,1.32395,True,ACQUIRED,
encycle,tt_27c_2.97v,pass,,dyn_gmin,,en_off1u,3,il,0.9998876174999999,-0.010000000000065512,0.010000000000065512,1.06384,-0.00809142,1127.9684330757516,-7.605861783726877e-06,0.0019856599999999998,0.1819999999999925,3.8688800000000003,1.28509,,ACQUIRED,
encycle,tt_27c_2.97v,pass,,dyn_gmin,,en_off1u,3,ss,0.9999547304999999,-0.010000000000065512,0.010000000000065512,0.38313,0.0018458799999999998,3131.8235779572274,4.817894709367577e-06,0.0019206499999999999,1.9549999999999905,47.727199999999996,1.26506,,ACQUIRED,
encycle,tt_27c_2.97v,pass,,dyn_gmin,,en_off10u,4,il,0.9998839891666667,-0.010000000000065512,0.010000000000065512,1.06491,-0.102123,1128.9619749717726,-9.58982449221061e-05,0.00114666,0.26400000000003676,0.056410100000000005,1.29599,,ACQUIRED,
encycle,tt_27c_2.97v,pass,,dyn_gmin,,en_off10u,4,ss,0.99995328175,-0.010000000000065512,0.010000000000065512,0.383411,0.00288692,3135.763850532059,7.529570095797982e-06,0.00161363,7.069999999999971,0.0937819,1.32702,,ACQUIRED,
encycle,tt_27c_3.30v,pass,,direct,,en_from_shutdown,1,il,0.9999024383333333,-0.010000000000065512,0.010000000000065512,1.06361,-0.0238002,1127.995756441954,-2.237681104916276e-05,0.00152955,0.4190999999999974,0.00666697,1.19581,True,ACQUIRED,
encycle,tt_27c_3.30v,pass,,direct,,en_from_shutdown,1,ss,0.9999614547499999,-0.010000000000065512,0.010000000000065512,0.38331899999999997,0.00235319,3133.684874164644,6.1389860664355275e-06,0.0016720300000000001,27.618399999999998,0.00702513,1.19998,True,ACQUIRED,
encycle,tt_27c_3.30v,pass,,direct,,en_off100u,2,il,0.9998903766666666,-0.010000000000065512,0.010000000000065512,1.06416,-0.036548000000000004,1128.3321910851982,-3.434445947977748e-05,0.00232799,0.34399999999999537,0.00992646,1.29422,True,ACQUIRED,
encycle,tt_27c_3.30v,pass,,direct,,en_off100u,2,ss,0.9999546869166667,-0.010000000000065512,0.010000000000065512,0.383128,0.00256928,3131.4801723957958,6.706061681735608e-06,0.00175943,12.816999999999982,0.00707874,1.32383,True,ACQUIRED,
encycle,tt_27c_3.30v,pass,,direct,,en_off1u,3,il,0.9998863633333333,-0.010000000000065512,0.010000000000065512,1.06373,0.008485409999999999,1127.8927966460176,7.977033645755971e-06,0.00230534,0.1800000000000152,3.81884,1.28489,,ACQUIRED,
encycle,tt_27c_3.30v,pass,,direct,,en_off1u,3,ss,0.9999536661666666,-0.010000000000065512,0.010000000000065512,0.38313,0.00276178,3131.9919070799347,7.2084670999399676e-06,0.00169225,1.9460000000000115,47.8148,1.26499,,ACQUIRED,
encycle,tt_27c_3.30v,pass,,direct,,en_off10u,4,il,0.9999110641666666,-0.010000000000065512,0.010000000000065512,1.06082,0.0651485,1126.2479251729412,6.141334062329142e-05,0.00217273,0.2620000000000053,0.0923703,1.29574,,ACQUIRED,
encycle,tt_27c_3.30v,pass,,direct,,en_off10u,4,ss,0.9999652011666665,-0.010000000000065512,0.010000000000065512,0.382747,0.00017379,3127.5464102336878,4.540597313630153e-07,0.0022161999999999998,7.048999999999966,0.09174120000000001,1.32692,,ACQUIRED,
powerup,ss_-40c_2.97v,pass,,direct,,vin_ramp_100u,1,il,0.9999260370833334,-0.010000000000065512,0.010000000000065512,0.7545000000000001,0.00982916,1590.5103722202116,1.3027382372432073e-05,1.32351,80.0305,,,,ACQUIRED,
powerup,ss_-40c_2.97v,pass,,direct,,vin_ramp_100u,1,ss,0.9999596977500002,-0.01999999999990898,0.01999999999990898,0.27170300000000003,0.00208519,4416.457995215312,7.674519604126564e-06,1.32342,82.933,,,,ACQUIRED,
powerup,ss_-40c_3.30v,pass,,direct,,vin_ramp_100u,1,il,0.9999294219999999,-0.010000000000065512,0.010000000000065512,0.754509,0.0107511,1590.5094315913373,1.4249134205158587e-05,1.32556,72.0376,,,,ACQUIRED,
powerup,ss_-40c_3.30v,pass,,direct,,vin_ramp_100u,1,ss,0.9999609167500001,-0.01999999999990898,0.01999999999990898,0.271704,0.00241597,4416.46337909459,8.891919147307363e-06,1.32542,78.8914,,,,ACQUIRED,
powerup,ss_27c_2.97v,pass,,direct,,vin_ramp_100u,1,il,0.9998970958333333,-0.010000000000065512,0.010000000000065512,0.850797,-0.022513599999999998,1409.9043222714956,-2.646177642845473e-05,1.257,77.8171,,,,ACQUIRED,
powerup,ss_27c_2.97v,pass,,direct,,vin_ramp_100u,1,ss,0.999957608,-0.010000000000065512,0.010000000000065512,0.306509,0.0021802699999999998,3914.9414515260764,7.113233216642905e-06,1.25735,90.454,,,,ACQUIRED,
powerup,ss_27c_3.30v,pass,,direct,,vin_ramp_100u,1,il,0.9999028083333332,-0.010000000000065512,0.010000000000065512,0.851415,0.0377058,1409.8543948845509,4.4286041472137555e-05,1.25732,70.0458,,,,ACQUIRED,
powerup,ss_27c_3.30v,pass,,direct,,vin_ramp_100u,1,ss,0.9999596654166667,-0.010000000000065512,0.010000000000065512,0.30651,0.00251041,3914.936733701787,8.190303742129131e-06,1.25785,85.79990000000001,,,,ACQUIRED,
powerup,tt_-40c_2.97v,pass,,direct,,vin_ramp_100u,1,il,0.9999158709999999,-0.010000000000065512,0.010000000000065512,0.9430620000000001,0.00813931,1272.428756764323,8.630726293711336e-06,2.28694,76.0024,,,,ACQUIRED,
powerup,tt_-40c_2.97v,pass,,direct,,vin_ramp_100u,1,ss,0.9999560360833334,-0.01999999999990898,0.01999999999990898,0.33962600000000004,0.00220171,3533.184667954373,6.482748670596479e-06,2.28639,74.7581,,,,ACQUIRED,
powerup,tt_-40c_3.30v,pass,,direct,,vin_ramp_100u,1,il,0.9999191328333333,-0.010000000000065512,0.010000000000065512,0.942874,-0.010489700000000001,1272.4423530634404,-1.1125240488124607e-05,2.28762,68.41290000000001,,,,ACQUIRED,
powerup,tt_-40c_3.30v,pass,,direct,,vin_ramp_100u,1,ss,0.9999572108333334,-0.01999999999990898,0.01999999999990898,0.33962600000000004,0.00253131,3533.1784154783395,7.453227962523481e-06,2.28708,67.41199999999999,,,,ACQUIRED,
powerup,tt_27c_2.97v,pass,,dyn_gmin,,vin_ramp_100u,1,il,0.9998833108333333,-0.010000000000065512,0.010000000000065512,1.0636,-0.015625700000000003,1127.9317643851584,-1.4691331327566754e-05,2.0527100000000003,73.831,,,,ACQUIRED,
powerup,tt_27c_2.97v,pass,,dyn_gmin,,vin_ramp_100u,1,ss,0.9999526428333333,-0.010000000000065512,0.010000000000065512,0.38313200000000003,0.00229552,3131.9641775072555,5.991459862397294e-06,2.05303,72.6442,,,,ACQUIRED,
powerup,tt_27c_3.30v,pass,,dyn_gmin,,vin_ramp_100u,1,il,0.9998889474999999,-0.010000000000065512,0.010000000000065512,1.0639,0.0134956,1127.916916872691,1.2685026788231975e-05,2.0528,66.45870000000001,,,,ACQUIRED,
powerup,tt_27c_3.30v,pass,,dyn_gmin,,vin_ramp_100u,1,ss,0.9999546727499999,-0.010000000000065512,0.010000000000065512,0.383133,0.00262501,3131.962360719235,6.851432792267959e-06,2.05331,69.3612,,,,ACQUIRED,
forced,ss_-40c_2.97v,pass,,dyn_gmin,,release,1,il,0.9999260345,-0.010000000000065512,0.010000000000065512,0.755157,-0.0268149,1585.5462034591249,-3.550903984204609e-05,1.3394300000000001,21.1033,,,,ACQUIRED,
forced,ss_-40c_2.97v,pass,,dyn_gmin,,release,1,ss,0.9999596976666668,-0.01999999999990898,0.01999999999990898,0.27170300000000003,0.0018411999999999999,4416.783116902237,6.776517005701077e-06,1.33926,48.736200000000004,,,,ACQUIRED,
forced,ss_-40c_3.30v,pass,,dyn_gmin,,release,1,il,0.9999294222499999,-0.010000000000065512,0.010000000000065512,0.7541749999999999,-0.015183799999999999,1590.5621399607899,-2.0132993005602147e-05,1.3418800000000002,21.020799999999998,,,,ACQUIRED,
forced,ss_-40c_3.30v,pass,,dyn_gmin,,release,1,ss,0.9999609167500001,-0.01999999999990898,0.01999999999990898,0.27170300000000003,0.0026856000000000002,4417.113671869249,9.884322219482303e-06,1.34186,48.51310000000001,,,,ACQUIRED,
forced,ss_27c_2.97v,pass,,dyn_gmin,,release,1,il,0.9998970974999999,-0.010000000000065512,0.010000000000065512,0.8472580000000001,-0.29503999999999997,1412.9609134790321,-0.0003482292288771543,1.27902,22.7309,,,,ACQUIRED,
forced,ss_27c_2.97v,pass,,dyn_gmin,,release,1,ss,0.999957608,-0.010000000000065512,0.010000000000065512,0.306509,0.00203417,3915.0819578849832,6.6365751087243775e-06,1.27902,53.417500000000004,,,,ACQUIRED,
forced,ss_27c_3.30v,pass,,dyn_gmin,,release,1,il,0.9999028091666666,-0.010000000000065512,0.010000000000065512,0.850825,-0.015881199999999998,1410.0664687681046,-1.8665648047483323e-05,1.2890000000000001,22.647199999999998,,,,ACQUIRED,
forced,ss_27c_3.30v,pass,,dyn_gmin,,release,1,ss,0.9999596654166667,-0.010000000000065512,0.010000000000065512,0.30651,0.0025038,3914.949506533336,8.168738377214447e-06,1.2890000000000001,53.1912,,,,ACQUIRED,
forced,tt_-40c_2.97v,pass,,dyn_gmin,,release,1,il,0.9999158709999999,-0.010000000000065512,0.010000000000065512,0.943022,0.0042822699999999995,1272.4301061083902,4.541007526865757e-06,2.33181,15.180399999999997,,,,ACQUIRED,
forced,tt_-40c_2.97v,pass,,dyn_gmin,,release,1,ss,0.9999560360833334,-0.01999999999990898,0.01999999999990898,0.33962600000000004,0.00220156,3533.184667954373,6.4823070082973625e-06,2.3299,36.4094,,,,ACQUIRED,
forced,tt_-40c_3.30v,pass,,dyn_gmin,,release,1,il,0.9999191328333333,-0.010000000000065512,0.010000000000065512,0.943015,0.00297747,1272.4464011775324,3.1573941029570045e-06,2.34152,15.133899999999997,,,,ACQUIRED,
forced,tt_-40c_3.30v,pass,,dyn_gmin,,release,1,ss,0.9999572108333334,-0.01999999999990898,0.01999999999990898,0.339627,0.00253205,3533.1784154783395,7.455384878116286e-06,2.34152,36.2655,,,,ACQUIRED,
forced,tt_27c_2.97v,pass,,dyn_gmin,,release,1,il,0.9998833108333333,-0.010000000000065512,0.010000000000065512,1.06381,0.004266310000000001,1127.9211613303503,4.01040599355148e-06,2.09585,16.4739,,,,ACQUIRED,
forced,tt_27c_2.97v,pass,,dyn_gmin,,release,1,ss,0.9999526429166666,-0.010000000000065512,0.010000000000065512,0.38313,0.00421253,3132.4302061497738,1.0995040847754026e-05,2.09585,39.5165,,,,ACQUIRED,
forced,tt_27c_3.30v,pass,,dyn_gmin,,release,1,il,0.9998889474999999,-0.010000000000065512,0.010000000000065512,1.06384,0.008227960000000001,1127.906314156796,7.734208151601745e-06,2.10908,16.4266,,,,ACQUIRED,
forced,tt_27c_3.30v,pass,,dyn_gmin,,release,1,ss,0.9999546727499999,-0.010000000000065512,0.010000000000065512,0.383133,0.0026259,3131.962360719235,6.853755745393897e-06,2.10908,39.372,,,,ACQUIRED,
vreflate,ss_-40c_2.97v,pass,nonconvergence,true_gmin,,vref_ramp_100u,1,il,0.999926037,-0.010000000000065512,0.010000000000065512,0.754432,0.00241962,1590.5588635146528,3.2072075415676964e-06,1.17057,115.36099999999999,,,,ACQUIRED,
vreflate,ss_-40c_2.97v,pass,nonconvergence,true_gmin,,vref_ramp_100u,1,ss,0.9999596977500002,-0.01999999999990898,0.01999999999990898,0.271704,0.0022180100000000003,4416.181679099946,8.163332155581075e-06,1.33914,139.18099999999998,,,,ACQUIRED,
vreflate,ss_-40c_3.30v,pass,nonconvergence,true_gmin,,vref_ramp_100u,1,il,0.9999294220833332,-0.010000000000065512,0.010000000000065512,0.754422,0.00238329,1590.5115399756899,3.159093981882819e-06,1.17185,115.298,,,,ACQUIRED,
vreflate,ss_-40c_3.30v,pass,nonconvergence,true_gmin,,vref_ramp_100u,1,ss,0.9999609167500001,-0.01999999999990898,0.01999999999990898,0.271704,0.0023959299999999997,4416.479634080361,8.818162412036628e-06,1.34175,139.037,,,,ACQUIRED,
vreflate,ss_27c_2.97v,pass,nonconvergence,true_gmin,,vref_ramp_100u,1,il,0.9998970958333333,-0.010000000000065512,0.010000000000065512,0.8510719999999999,0.00423504,1409.8844422040643,4.9761242292074e-06,0.908351,112.51499999999999,,,,ACQUIRED,
vreflate,ss_27c_2.97v,pass,nonconvergence,true_gmin,,vref_ramp_100u,1,ss,0.999957608,-0.010000000000065512,0.010000000000065512,0.306508,0.00240778,3915.1586019681035,7.855520899943885e-06,1.20451,141.524,,,,ACQUIRED,
vreflate,ss_27c_3.30v,pass,nonconvergence,true_gmin,,vref_ramp_100u,1,il,0.9999028083333332,-0.010000000000065512,0.010000000000065512,0.851062,0.00292305,1409.8858703953936,3.434591134370939e-06,0.910426,112.467,,,,ACQUIRED,
vreflate,ss_27c_3.30v,pass,nonconvergence,true_gmin,,vref_ramp_100u,1,ss,0.9999596654166667,-0.010000000000065512,0.010000000000065512,0.30651,0.00252059,3914.936733701787,8.223516361619523e-06,1.20945,141.375,,,,ACQUIRED,
vreflate,tt_-40c_2.97v,pass,nonconvergence,true_gmin,,vref_ramp_100u,1,il,0.9999158709999999,-0.010000000000065512,0.010000000000065512,0.942999,0.0020486899999999997,1272.4328048051102,2.1725261638665576e-06,0.9691970000000001,100.97800000000001,,,,ACQUIRED,
vreflate,tt_-40c_2.97v,pass,nonconvergence,true_gmin,,vref_ramp_100u,1,ss,0.9999560360833334,-0.01999999999990898,0.01999999999990898,0.33962600000000004,0.00220124,3533.184667954373,6.481364795392578e-06,1.31261,124.346,,,,ACQUIRED,
vreflate,tt_-40c_3.30v,pass,nonconvergence,true_gmin,,vref_ramp_100u,1,il,0.9999191328333333,-0.010000000000065512,0.010000000000065512,0.9430050000000001,0.00255671,1272.432907564059,2.7112369499631494e-06,0.970578,100.94000000000001,,,,ACQUIRED,
vreflate,tt_-40c_3.30v,pass,nonconvergence,true_gmin,,vref_ramp_100u,1,ss,0.9999572108333334,-0.01999999999990898,0.01999999999990898,0.33962600000000004,0.00253147,3533.1784154783395,7.4536990689758725e-06,1.31599,124.215,,,,ACQUIRED,
vreflate,tt_27c_2.97v,pass,nonconvergence,true_gmin,,vref_ramp_100u,1,il,0.9998833108333333,-0.010000000000065512,0.010000000000065512,1.06378,0.00210387,1127.9211613303503,1.977730357780744e-06,0.712809,100.266,,,,ACQUIRED,
vreflate,tt_27c_2.97v,pass,nonconvergence,true_gmin,,vref_ramp_100u,1,ss,0.9999526428333333,-0.010000000000065512,0.010000000000065512,0.38313200000000003,0.00229561,3131.9641775072555,5.991694768382698e-06,1.07653,125.04900000000002,,,,ACQUIRED,
vreflate,tt_27c_3.30v,pass,nonconvergence,true_gmin,,vref_ramp_100u,1,il,0.9998889474999999,-0.010000000000065512,0.010000000000065512,1.06381,0.0042996200000000005,1127.916916872691,4.041717975954353e-06,0.714582,100.26100000000001,,,,ACQUIRED,
vreflate,tt_27c_3.30v,pass,nonconvergence,true_gmin,,vref_ramp_100u,1,ss,0.9999546727499999,-0.010000000000065512,0.010000000000065512,0.383133,0.00262546,3131.962360719235,6.852607319129389e-06,1.08072,124.931,,,,ACQUIRED,
negctl,ss_-40c_2.97v,pass,,dyn_gmin,,release,1,il,7.1868199975e-08,-1199.9999137524999,1199.9999221491998,1.4586700000000001e-06,0.00280747,1677.1096140046554,1.924677960059506,7.26574e-06,,,,,INACTIVE,True
negctl,ss_-40c_2.97v,pass,,dyn_gmin,,release,1,ss,7.772782948333333e-06,-1199.99067244,1199.99067242,1.60017e-06,0.00297035,4416.521240387893,1.8562715211508778,2.97096e-06,,,,,INACTIVE,True
negctl,ss_-40c_3.30v,pass,,dyn_gmin,,release,1,il,6.981457070833334e-08,-1199.9999162172999,1199.9999193413998,-1.3522300000000001e-05,0.00151643,8394.327281380727,inf,7.573940000000001e-06,,,,,INACTIVE,True
negctl,ss_-40c_3.30v,pass,,dyn_gmin,,release,1,ss,8.632139825833334e-06,-1199.9896412,1199.9896412,1.79528e-06,0.0033001199999999997,4416.678160855828,1.8382202219152444,3.30136e-06,,,,,INACTIVE,True
negctl,ss_27c_2.97v,pass,,dyn_gmin,,release,1,il,7.535619631666668e-08,-1199.9999095639998,1199.9999209138,-7.06849e-06,0.00190411,2337.5987317721333,inf,6.59073e-06,,,,,INACTIVE,True
negctl,ss_27c_2.97v,pass,,dyn_gmin,,release,1,ss,7.210679398333332e-06,-1199.99134689,1199.99168837,1.80949e-06,0.00297036,3913.7957247212603,1.6415454078220935,2.97096e-06,,,,,INACTIVE,True
negctl,ss_27c_3.30v,pass,,dyn_gmin,,release,1,il,7.363753403333334e-08,-1199.9999116271,1199.9999158352,7.68296e-05,0.0110821,348.4741945838936,0.1442425835875756,1.24176e-05,,,,,INACTIVE,True
negctl,ss_27c_3.30v,pass,,dyn_gmin,,release,1,ss,8.272393590833333e-06,-1199.99007281,1199.99067172,2.10429e-06,0.00330088,3913.023993645738,1.5686431052754135,3.30136e-06,,,,,INACTIVE,True
negctl,tt_-40c_2.97v,pass,,dyn_gmin,,release,1,il,4.8757801775e-08,-1199.9999414862,1199.9999467886998,-4.8430499999999997e-05,-0.0024968,,inf,9.33431e-06,,,,,INACTIVE,True
negctl,tt_-40c_2.97v,pass,,dyn_gmin,,release,1,ss,5.376428235e-06,-1199.99354811,1199.9935481999999,1.8337000000000001e-06,0.00297004,3533.0368280114553,1.619697878606097,2.97096e-06,,,,,INACTIVE,True
negctl,tt_-40c_3.30v,pass,,dyn_gmin,,release,1,il,5.1541844841666665e-08,-1199.9999381453,1199.9999425613,2.79509e-06,0.0032413999999999998,1277.4034373083127,1.1596764326014546,6.80522e-06,,,,,INACTIVE,True
negctl,tt_-40c_3.30v,pass,,dyn_gmin,,release,1,ss,6.02197602e-06,-1199.99277344,1199.99277349,2.0495400000000003e-06,0.0033000300000000002,3532.952266038271,1.6101320296261599,3.30136e-06,,,,,INACTIVE,True
negctl,tt_27c_2.97v,pass,,dyn_gmin,,release,1,il,1.0022232816666666e-07,-1199.99987972,1199.999881741,5.03236e-05,0.00799672,582.4875832441359,0.15890596062284892,1.5663e-05,,,,,INACTIVE,True
negctl,tt_27c_2.97v,pass,,dyn_gmin,,release,1,ss,1.1992698507500001e-05,-1199.9856082,1199.99111146,4.75019e-06,0.0029712700000000002,3125.6625897546164,0.6255055060955457,2.97229e-06,,,,,INACTIVE,True
negctl,tt_27c_3.30v,pass,,dyn_gmin,,release,1,il,1.0532903883333335e-07,-1199.9998735919999,1199.9998744339998,3.47114e-06,0.003308,1115.0945010542662,0.9530010313614548,3.84226e-06,,,,,INACTIVE,True
negctl,tt_27c_3.30v,pass,,dyn_gmin,,release,1,ss,1.7207779926666666e-05,-1199.9793499,1199.9889222,6.8402e-06,0.00330138,3123.9634479983297,0.48264378234554545,3.30269e-06,,,,,INACTIVE,True
