scenario,corner,status,diagnostics,solver_path,tran_trouble,label,window,servo,ibias_rel,vx_err_mv,vx_set_dev_mv,icv_ua,ist_na,r_eff_kohm,ist_frac,ist_peak_ua,t_acq_us,en0_icv_na,en0_vx,en0_shutdown_ok,verdict
encycle,ff_-40c_2.97v,pass,,direct,,en_from_shutdown,1,il,0.9998979899999999,-0.010000000000065512,0.010000000000065512,1.2573100000000001,0.0051354999999999994,954.3439711122421,4.0845137635109875e-06,0.0010927,0.26649999999999824,0.00615528,1.19632,True,ACQUIRED
encycle,ff_-40c_2.97v,pass,,direct,,en_from_shutdown,1,ss,0.9999495957500001,-0.01999999999990898,0.01999999999990898,0.452826,0.00231568,2649.908496034875,5.1138406363592196e-06,0.0009034179999999999,19.5856,0.00655269,1.19995,True,ACQUIRED
encycle,ff_-40c_2.97v,pass,,direct,,en_off100u,2,il,0.9998909866666666,-0.010000000000065512,0.010000000000065512,1.25635,0.0529447,953.7228528960567,4.214168026425757e-05,0.00123963,0.23500000000001384,0.0452537,1.27422,True,ACQUIRED
encycle,ff_-40c_2.97v,pass,,direct,,en_off100u,2,ss,0.9999445070833334,-0.01999999999990898,0.01999999999990898,0.45292299999999996,0.00299444,2650.9429231360623,6.611366611984819e-06,0.00103258,8.602999999999986,0.00530626,1.29416,True,ACQUIRED
encycle,ff_-40c_2.97v,pass,,direct,,en_off1u,3,il,0.9998979899999999,-0.010000000000065512,0.010000000000065512,1.25723,-0.00226565,954.3515617170535,-1.802096672844269e-06,0.0011572700000000002,0.13100000000000264,2.50739,1.26989,,ACQUIRED
encycle,ff_-40c_2.97v,pass,,direct,,en_off1u,3,ss,0.9999495956666667,-0.01999999999990898,0.01999999999990898,0.452826,0.00231554,2649.908495814038,5.113531466832735e-06,0.00102809,1.593000000000037,34.484199999999994,1.26123,,ACQUIRED
encycle,ff_-40c_2.97v,pass,,direct,,en_off10u,4,il,0.9999046766666666,-0.010000000000065512,0.010000000000065512,1.2555699999999999,-0.08171830000000001,954.4945962500695,-6.508462292026729e-05,0.00124727,0.18299999999995403,0.0711782,1.27632,,ACQUIRED
encycle,ff_-40c_2.97v,pass,,direct,,en_off10u,4,ss,0.9999538815000002,-0.01999999999990898,0.01999999999990898,0.45242000000000004,0.0013508399999999999,2647.306589449997,2.985809645904248e-06,0.00109103,5.037999999999961,0.0527045,1.29778,,ACQUIRED
encycle,ff_-40c_3.30v,pass,,dyn_gmin,,en_from_shutdown,1,il,0.9999012749999999,-0.010000000000065512,0.010000000000065512,1.2572800000000002,0.00159548,954.3471064520232,1.2689933825400864e-06,0.000625856,0.2673,0.00648508,1.19736,True,ACQUIRED
encycle,ff_-40c_3.30v,pass,,dyn_gmin,,en_from_shutdown,1,ss,0.9999507809166668,-0.01999999999990898,0.01999999999990898,0.452828,0.00264519,2649.911636776401,5.841489483865839e-06,0.000628044,19.717499999999998,0.00688201,1.19996,True,ACQUIRED
encycle,ff_-40c_3.30v,pass,,dyn_gmin,,en_off100u,2,il,0.9998843175,-0.010000000000065512,0.010000000000065512,1.25779,0.11841999999999998,954.019814898743,9.414926180045954e-05,0.00146385,0.23299999999998236,0.00598556,1.27403,True,ACQUIRED
encycle,ff_-40c_3.30v,pass,,dyn_gmin,,en_off100u,2,ss,0.9999403116666666,-0.01999999999990898,0.01999999999990898,0.452558,0.00358735,2649.6030304435476,7.926829268292683e-06,0.00107332,8.615999999999973,0.00568388,1.294,True,ACQUIRED
encycle,ff_-40c_3.30v,pass,,dyn_gmin,,en_off1u,3,il,0.9999012691666667,-0.010000000000065512,0.010000000000065512,1.25735,0.00949763,954.3471008844489,7.5536883127212e-06,0.00148775,0.1299999999999869,2.42091,1.26965,,ACQUIRED
encycle,ff_-40c_3.30v,pass,,dyn_gmin,,en_off1u,3,ss,0.9999507750833335,-0.01999999999990898,0.01999999999990898,0.452828,0.00264529,2649.911621317822,5.841710318266538e-06,0.00108564,1.5860000000000354,34.637299999999996,1.26109,,ACQUIRED
encycle,ff_-40c_3.30v,pass,,dyn_gmin,,en_off10u,4,il,0.9999012749999999,-0.010000000000065512,0.010000000000065512,1.25777,0.016886,954.3926520418065,1.3425348036604466e-05,0.000616762,0.18100000000003097,0.061991899999999996,1.27615,,ACQUIRED
encycle,ff_-40c_3.30v,pass,,dyn_gmin,,en_off10u,4,ss,0.9999501806666666,-0.01999999999990898,0.01999999999990898,0.45292099999999996,0.00283197,2650.600759434952,6.252679827166328e-06,0.000703645,5.029000000000036,0.0514333,1.29763,,ACQUIRED
encycle,ff_-40c_3.63v,pass,,dyn_gmin,,en_from_shutdown,1,il,0.9998970008333332,-0.010000000000065512,0.010000000000065512,1.25737,-0.0532566,954.5783916879478,-4.235555166736919e-05,0.000914369,0.2659999999999971,0.00681735,1.19792,True,ACQUIRED
encycle,ff_-40c_3.63v,pass,,dyn_gmin,,en_from_shutdown,1,ss,0.9999491106666668,-0.01999999999990898,0.01999999999990898,0.452683,0.00307625,2649.2578009158065,6.795594267953513e-06,0.00034799399999999996,19.793499999999995,0.007213150000000001,1.19997,True,ACQUIRED
encycle,ff_-40c_3.63v,pass,,dyn_gmin,,en_off100u,2,il,0.9999065866666667,-0.010000000000065512,0.010000000000065512,1.2567599999999999,0.0864393,953.8666242686339,6.87794805690824e-05,0.00120888,0.22699999999999632,0.0111545,1.27398,True,ACQUIRED
encycle,ff_-40c_3.63v,pass,,dyn_gmin,,en_off100u,2,ss,0.9999537517500001,-0.01999999999990898,0.01999999999990898,0.45261199999999996,0.00250756,2648.755473464865,5.5401977852995505e-06,0.00105594,8.633999999999986,0.00610128,1.29385,True,ACQUIRED
encycle,ff_-40c_3.63v,pass,,dyn_gmin,,en_off1u,3,il,0.9999034333333333,-0.010000000000065512,0.010000000000065512,1.2573,0.00323004,954.3491664545684,2.569028871391076e-06,0.00144506,0.1299999999999869,2.3627000000000002,1.26972,,ACQUIRED
encycle,ff_-40c_3.63v,pass,,dyn_gmin,,en_off1u,3,ss,0.9999515558333333,-0.01999999999990898,0.01999999999990898,0.45284599999999997,0.00297562,2649.9078383654573,6.5709313983120095e-06,0.00121977,1.5820000000000265,34.5785,1.26101,,ACQUIRED
encycle,ff_-40c_3.63v,pass,,dyn_gmin,,en_off10u,4,il,0.9999122979999999,-0.010000000000065512,0.010000000000065512,1.25914,0.13159,954.3879908370716,0.00010450783868354592,0.000730982,0.1800000000000152,0.0541825,1.27607,,ACQUIRED
encycle,ff_-40c_3.63v,pass,,dyn_gmin,,en_off10u,4,ss,0.9999586232500001,-0.01999999999990898,0.01999999999990898,0.45307000000000003,0.00220999,2649.4760397967766,4.877811375725605e-06,0.000833896,5.022000000000034,0.0505444,1.2975,,ACQUIRED
encycle,ff_125c_2.97v,pass,,dyn_gmin,,en_from_shutdown,1,il,0.9998053100000001,0.0,0.0,1.62453,0.00284778,738.8770404675539,1.752987017783605e-06,0.0573715,1.079099999999998,0.849395,1.13893,True,ACQUIRED
encycle,ff_125c_2.97v,pass,,dyn_gmin,,en_from_shutdown,1,ss,0.9999295414166667,0.0,0.0,0.5849219999999999,0.007575739999999999,2051.54432280589,1.2951709800622988e-05,0.0272211,7.001399999999997,0.855019,1.18787,True,ACQUIRED
encycle,ff_125c_2.97v,pass,,dyn_gmin,,en_off100u,2,il,0.9998009125,0.0,0.0,1.62377,0.00965045,738.7918932233135,5.943237034801726e-06,0.050151600000000005,0.27699999999997044,0.85379,1.16325,True,ACQUIRED
encycle,ff_125c_2.97v,pass,,dyn_gmin,,en_off100u,2,ss,0.99992826225,0.0,0.0,0.584909,0.009722940000000001,2051.4890856370075,1.6622996055796712e-05,0.0924725,9.817000000000018,0.839705,1.11934,True,ACQUIRED
encycle,ff_125c_2.97v,pass,,dyn_gmin,,en_off1u,3,il,0.9998003858333334,0.0,0.0,1.62402,-0.030107699999999998,738.8825022324866,-1.8538995825174567e-05,0.0587243,0.17199999999999768,3.82216,1.31591,,ACQUIRED
encycle,ff_125c_2.97v,pass,,dyn_gmin,,en_off1u,3,ss,0.9999281734166667,0.0,0.0,0.5849219999999999,0.00893547,2051.464351707796,1.5276344538246126e-05,0.11250800000000001,2.2810000000000277,35.3956,1.30933,,ACQUIRED
encycle,ff_125c_2.97v,pass,,dyn_gmin,,en_off10u,4,il,0.9998038766666667,0.0,0.0,1.62418,-0.0495229,738.9761029842014,-3.0491017005504318e-05,0.040247899999999996,0.24900000000001743,0.257482,1.25856,,ACQUIRED
encycle,ff_125c_2.97v,pass,,dyn_gmin,,en_off10u,4,ss,0.9999290621666667,0.0,0.0,0.5850730000000001,0.0106437,2052.403063428885,1.819208885045114e-05,0.0566052,6.928000000000012,0.178492,1.32564,,ACQUIRED
encycle,ff_125c_3.30v,pass,,dyn_gmin,,en_from_shutdown,1,il,0.9998132650000001,0.0,0.0,1.62463,0.0282975,738.846517843397,1.741781205566806e-05,0.0693718,1.0163999999999993,0.850065,1.14119,True,ACQUIRED
encycle,ff_125c_3.30v,pass,,dyn_gmin,,en_from_shutdown,1,ss,0.9999335515833334,0.0,0.0,0.584845,0.0119151,2051.1492530756464,2.0373090305978508e-05,0.0810187,6.926499999999999,0.856059,1.19285,True,ACQUIRED
encycle,ff_125c_3.30v,pass,,dyn_gmin,,en_off100u,2,il,0.9998138241666668,0.0,0.0,1.62413,0.013345000000000001,738.8196322456294,8.216706790712566e-06,0.016010299999999998,0.2739999999999774,0.849666,1.1634,True,ACQUIRED
encycle,ff_125c_3.30v,pass,,dyn_gmin,,en_off100u,2,ss,0.9999330453333333,0.0,0.0,0.584881,0.00834096,2051.330555417841,1.4260952227889093e-05,0.0907464,9.768000000000006,0.845822,1.12039,True,ACQUIRED
encycle,ff_125c_3.30v,pass,,dyn_gmin,,en_off1u,3,il,0.9998113333333333,0.0,0.0,1.62386,0.0155027,738.7813964371701,9.546820538716391e-06,0.026997700000000003,0.17199999999999768,3.7523,1.31569,,ACQUIRED
encycle,ff_125c_3.30v,pass,,dyn_gmin,,en_off1u,3,ss,0.9999320110000001,0.0,0.0,0.584923,0.0101367,2051.5669278602927,1.7329973346919167e-05,0.11741499999999999,2.274000000000026,35.0619,1.30945,,ACQUIRED
encycle,ff_125c_3.30v,pass,,dyn_gmin,,en_off10u,4,il,0.9998150833333332,0.0,0.0,1.6243,-0.0492661,739.002593146947,-3.033066551745367e-05,0.026683799999999997,0.24699999999998595,0.263411,1.25789,,ACQUIRED
encycle,ff_125c_3.30v,pass,,dyn_gmin,,en_off10u,4,ss,0.9999333573333334,0.0,0.0,0.584954,0.013412799999999999,2052.208287027298,2.2929666264355827e-05,0.100027,6.914000000000009,0.176762,1.3253,,ACQUIRED
encycle,ff_125c_3.63v,pass,,dyn_gmin,,en_from_shutdown,1,il,0.9998212783333332,0.0,0.0,1.62508,0.0449648,738.8433396762056,2.766928397371206e-05,0.0714184,0.9554999999999979,0.851118,1.1433,True,ACQUIRED
encycle,ff_125c_3.63v,pass,,dyn_gmin,,en_from_shutdown,1,ss,0.9999367352499999,0.0,0.0,0.584836,0.0151688,2050.6825484418955,2.5936843833142965e-05,0.101232,6.903899999999997,0.8574080000000001,1.19581,True,ACQUIRED
encycle,ff_125c_3.63v,pass,,dyn_gmin,,en_off100u,2,il,0.9998248108333334,0.0,0.0,1.62448,0.033990200000000005,738.8960024880524,2.092374175120654e-05,0.051001500000000005,0.27000000000002283,0.85214,1.16357,True,ACQUIRED
encycle,ff_125c_3.63v,pass,,dyn_gmin,,en_off100u,2,ss,0.9999377889166666,0.0,0.0,0.5849019999999999,0.0106537,2050.954602201153,1.821450431012375e-05,0.0388303,9.72099999999997,0.8483820000000001,1.12147,True,ACQUIRED
encycle,ff_125c_3.63v,pass,,dyn_gmin,,en_off1u,3,il,0.9998180408333334,0.0,0.0,1.6239700000000001,-0.0106366,738.886448819722,-6.549751534818993e-06,0.0358688,0.17000000000002038,3.74525,1.31539,,ACQUIRED
encycle,ff_125c_3.63v,pass,,dyn_gmin,,en_off1u,3,ss,0.9999338641666666,0.0,0.0,0.585091,0.012499,2051.981211159412,2.1362488911981212e-05,0.0721153,2.2679999999999856,35.2184,1.30937,,ACQUIRED
encycle,ff_125c_3.63v,pass,,dyn_gmin,,en_off10u,4,il,0.9998314825000001,0.0,0.0,1.62521,0.00034713,739.0693419326226,2.1359085902744878e-07,0.0270456,0.24300000000003139,0.266267,1.25735,,ACQUIRED
encycle,ff_125c_3.63v,pass,,dyn_gmin,,en_off10u,4,ss,0.9999408795,0.0,0.0,0.584663,0.00236153,2050.3336353197683,4.039130233998046e-06,0.10721199999999999,6.90399999999996,0.175732,1.32501,,ACQUIRED
encycle,ff_27c_2.97v,pass,,dyn_gmin,,en_from_shutdown,1,il,0.9998610599999999,-0.010000000000065512,0.010000000000065512,1.41783,-0.00860781,845.9061421319794,-6.071115719091852e-06,0.00196327,0.31069999999999687,0.008773389999999999,1.19177,True,ACQUIRED
encycle,ff_27c_2.97v,pass,,dyn_gmin,,en_from_shutdown,1,ss,0.9999452367499999,-0.010000000000065512,0.010000000000065512,0.510903,0.00263282,2349.407983529748,5.153267841449355e-06,0.0044531300000000005,16.863699999999994,0.00903276,1.19996,True,ACQUIRED
encycle,ff_27c_2.97v,pass,,dyn_gmin,,en_off100u,2,il,0.9998496808333334,-0.010000000000065512,0.010000000000065512,1.41815,0.043049699999999996,845.8130310037079,3.035623876176709e-05,0.005486189999999999,0.27499999999999314,0.0023120600000000003,1.29254,True,ACQUIRED
encycle,ff_27c_2.97v,pass,,dyn_gmin,,en_off100u,2,ss,0.9999393676666667,-0.010000000000065512,0.010000000000065512,0.511478,-0.00162324,2350.7059229626957,-3.1736262361235477e-06,0.00747153,10.21399999999998,0.00634709,1.3206,True,ACQUIRED
encycle,ff_27c_2.97v,pass,,dyn_gmin,,en_off1u,3,il,0.9998594991666665,-0.010000000000065512,0.010000000000065512,1.4183000000000001,-0.00196365,845.9704284737252,-1.3845096241979834e-06,0.0048268899999999995,0.149000000000015,2.98037,1.28869,,ACQUIRED
encycle,ff_27c_2.97v,pass,,dyn_gmin,,en_off1u,3,ss,0.9999441461666666,-0.010000000000065512,0.010000000000065512,0.5108349999999999,0.00272707,2348.977697951577,5.338455665723766e-06,0.00735306,1.8829999999999953,34.108200000000004,1.28061,,ACQUIRED
encycle,ff_27c_2.97v,pass,,dyn_gmin,,en_off10u,4,il,0.9998483933333332,-0.010000000000065512,0.010000000000065512,1.41714,0.21345799999999998,845.0791832479908,0.00015062590851997685,0.004241549999999999,0.2080000000000224,0.06898,1.29684,,ACQUIRED
encycle,ff_27c_2.97v,pass,,dyn_gmin,,en_off10u,4,ss,0.9999405317499999,-0.010000000000065512,0.010000000000065512,0.5104700000000001,0.00040229800000000004,2344.952557029706,7.880933257586146e-07,0.00259215,5.884999999999962,0.0675042,1.32603,,ACQUIRED
encycle,ff_27c_3.30v,pass,,dyn_gmin,,en_from_shutdown,1,il,0.9998652583333333,-0.010000000000065512,0.010000000000065512,1.4182100000000002,5.6913199999999996e-05,845.9454785171396,4.013030510291141e-08,0.00256487,0.31019999999999914,0.009161270000000001,1.19519,True,ACQUIRED
encycle,ff_27c_3.30v,pass,,dyn_gmin,,en_from_shutdown,1,ss,0.9999461215,-0.010000000000065512,0.010000000000065512,0.5108659999999999,0.0028814699999999997,2349.198480378241,5.640363617856737e-06,0.0023492300000000003,17.0268,0.00936123,1.19998,True,ACQUIRED
encycle,ff_27c_3.30v,pass,,dyn_gmin,,en_off100u,2,il,0.9998672541666667,-0.010000000000065512,0.010000000000065512,1.41755,0.040530899999999995,845.5954169691246,2.859221896934852e-05,0.00598969,0.2669999999999756,0.00762513,1.29245,True,ACQUIRED
encycle,ff_27c_3.30v,pass,,dyn_gmin,,en_off100u,2,ss,0.9999470842499999,-0.010000000000065512,0.010000000000065512,0.5105620000000001,0.00364284,2348.414542739492,7.134961082101684e-06,0.00836545,10.223999999999975,0.00662335,1.32046,True,ACQUIRED
encycle,ff_27c_3.30v,pass,,dyn_gmin,,en_off1u,3,il,0.9998647291666667,-0.010000000000065512,0.010000000000065512,1.41835,0.005344949999999999,845.9569596423937,3.76842810307752e-06,0.00540194,0.1470000000000377,2.92185,1.28863,,ACQUIRED
encycle,ff_27c_3.30v,pass,,dyn_gmin,,en_off1u,3,ss,0.9999459482499999,-0.010000000000065512,0.010000000000065512,0.510837,0.0027593,2348.991127968208,5.401527297357083e-06,0.0082839,1.8770000000000093,34.0372,1.28057,,ACQUIRED
encycle,ff_27c_3.30v,pass,,dyn_gmin,,en_off10u,4,il,0.9998642908333333,-0.010000000000065512,0.010000000000065512,1.41852,0.004417839999999999,845.9923772792013,3.11440092490765e-06,0.00604361,0.21099999999996122,0.0599396,1.29664,,ACQUIRED
encycle,ff_27c_3.30v,pass,,dyn_gmin,,en_off10u,4,ss,0.9999457510833332,-0.010000000000065512,0.010000000000065512,0.510869,0.00260779,2349.1240254032386,5.104615860426058e-06,0.00841444,5.87299999999999,0.066171,1.32593,,ACQUIRED
encycle,ff_27c_3.63v,pass,,direct,,en_from_shutdown,1,il,0.9998612491666666,-0.010000000000065512,0.010000000000065512,1.4189699999999998,0.012474899999999999,846.2404072391806,8.791517791073807e-06,0.0043437499999999995,0.31009999999999893,0.009451610000000001,1.19646,True,ACQUIRED
encycle,ff_27c_3.63v,pass,,direct,,en_from_shutdown,1,ss,0.9999436744166667,-0.010000000000065512,0.010000000000065512,0.5110260000000001,0.00210581,2349.3997127697066,4.12074923780786e-06,0.0048221800000000006,17.131800000000002,0.009695770000000001,1.19998,True,ACQUIRED
encycle,ff_27c_3.63v,pass,,direct,,en_off100u,2,il,0.999873375,-0.010000000000065512,0.010000000000065512,1.41981,-0.0635613,846.429765650352,-4.476746888668202e-05,0.0022823400000000003,0.26900000000000707,0.0129269,1.29247,True,ACQUIRED
encycle,ff_27c_3.63v,pass,,direct,,en_off100u,2,ss,0.999952705,-0.010000000000065512,0.010000000000065512,0.5114949999999999,0.0055019100000000005,2351.3913958519493,1.075652743428577e-05,0.00352404,10.236000000000002,0.007703410000000001,1.32035,True,ACQUIRED
encycle,ff_27c_3.63v,pass,,direct,,en_off1u,3,il,0.9998688291666665,-0.010000000000065512,0.010000000000065512,1.41819,-0.013050299999999999,845.9663931016489,-9.202081526452733e-06,0.00221209,0.14600000000002197,2.8612,1.28876,,ACQUIRED
encycle,ff_27c_3.63v,pass,,direct,,en_off1u,3,ss,0.9999474261666665,-0.010000000000065512,0.010000000000065512,0.510871,0.0030908700000000003,2348.990001389892,6.050196624979692e-06,0.0032180999999999998,1.872000000000039,33.8578,1.28057,,ACQUIRED
encycle,ff_27c_3.63v,pass,,direct,,en_off10u,4,il,0.9998744833333333,-0.010000000000065512,0.010000000000065512,1.4147,-0.014352700000000001,844.9405509703951,-1.0145401851982753e-05,0.00679216,0.20700000000000665,0.0576858,1.29658,,ACQUIRED
encycle,ff_27c_3.63v,pass,,direct,,en_off10u,4,ss,0.9999488196666666,-0.010000000000065512,0.010000000000065512,0.51064,0.00415105,2348.262360515861,8.129112486291713e-06,0.00933949,5.864999999999972,0.0651037,1.32584,,ACQUIRED
encycle,tt_-40c_2.97v,pass,nonconvergence,true_gmin,,en_from_shutdown,1,il,0.9999216085,-0.010000000000065512,0.010000000000065512,0.943048,-0.0518752,1272.9179584614305,-5.500801655907229e-05,0.0017014900000000002,0.34549999999999864,0.00603184,1.19481,True,ACQUIRED
encycle,tt_-40c_2.97v,pass,nonconvergence,true_gmin,,en_from_shutdown,1,ss,0.9999595444166667,-0.01999999999990898,0.01999999999990898,0.339703,0.00177373,3534.6228943841406,5.2214139998763625e-06,0.00131814,30.1408,0.00655004,1.19994,True,ACQUIRED
encycle,tt_-40c_2.97v,pass,nonconvergence,true_gmin,,en_off100u,2,il,0.9999158741666666,-0.010000000000065512,0.010000000000065512,0.9429249999999999,-0.00523002,1272.4382062626191,-5.546591722565422e-06,0.0014513,0.2949999999999828,0.025998999999999998,1.27395,True,ACQUIRED
encycle,tt_-40c_2.97v,pass,nonconvergence,true_gmin,,en_off100u,2,ss,0.9999560336666667,-0.01999999999990898,0.01999999999990898,0.33962600000000004,0.00220184,3533.1846594154676,6.483131444589047e-06,0.000786507,10.774000000000015,0.00596643,1.29565,True,ACQUIRED
encycle,tt_-40c_2.97v,pass,nonconvergence,true_gmin,,en_off1u,3,il,0.9999158748333333,-0.010000000000065512,0.010000000000065512,0.943049,0.00695231,1272.4287616423771,7.372161997944964e-06,0.00155947,0.16200000000000286,3.35006,1.26684,,ACQUIRED
encycle,tt_-40c_2.97v,pass,nonconvergence,true_gmin,,en_off1u,3,ss,0.9999560384166667,-0.01999999999990898,0.01999999999990898,0.33962600000000004,0.00220101,3533.1846761988327,6.480687579867266e-06,0.000883023,1.609000000000018,48.6476,1.24901,,ACQUIRED
encycle,tt_-40c_2.97v,pass,nonconvergence,true_gmin,,en_off10u,4,il,0.9999158648333333,-0.010000000000065512,0.010000000000065512,0.943019,0.00396745,1272.4314476079985,4.207179282707983e-06,0.0016015299999999999,0.23199999999996662,0.0980225,1.27576,,ACQUIRED
encycle,tt_-40c_2.97v,pass,nonconvergence,true_gmin,,en_off10u,4,ss,0.9999560302500001,-0.01999999999990898,0.01999999999990898,0.33962600000000004,0.00220232,3533.184647343223,6.484544763946222e-06,0.0014272199999999999,6.010999999999994,0.0742917,1.29854,,ACQUIRED
encycle,tt_-40c_3.30v,pass,,direct,,en_from_shutdown,1,il,0.9999201424999998,-0.010000000000065512,0.010000000000065512,0.943123,0.015436599999999998,1272.4827707980057,1.6367536365882286e-05,0.00157762,0.34509999999999774,0.00636299,1.19677,True,ACQUIRED
encycle,tt_-40c_3.30v,pass,,direct,,en_from_shutdown,1,ss,0.9999577336666667,-0.01999999999990898,0.01999999999990898,0.339651,0.00243319,3533.0970388450996,7.163794600928601e-06,0.00134724,30.359599999999997,0.0068822,1.19996,True,ACQUIRED
encycle,tt_-40c_3.30v,pass,,direct,,en_off100u,2,il,0.9999159674999999,-0.010000000000065512,0.010000000000065512,0.943179,-0.010176000000000001,1272.6556095419007,-1.0789044285337143e-05,0.00191187,0.29199999999998977,-0.00894057,1.27364,True,ACQUIRED
encycle,tt_-40c_3.30v,pass,,direct,,en_off100u,2,ss,0.99995512325,-0.01999999999990898,0.01999999999990898,0.339592,0.00288229,3533.2230561984343,8.487508539659356e-06,0.00155756,10.781000000000018,0.00594619,1.29549,True,ACQUIRED
encycle,tt_-40c_3.30v,pass,,direct,,en_off1u,3,il,0.9999359595,-0.010000000000065512,0.010000000000065512,0.94346,0.0397122,1272.2128287555477,4.209208657494753e-05,0.00189256,0.15900000000000983,3.23408,1.2664,,ACQUIRED
encycle,tt_-40c_3.30v,pass,,direct,,en_off1u,3,ss,0.9999681405000002,-0.01999999999990898,0.01999999999990898,0.339621,0.000486146,3532.436954589077,1.4314368075001253e-06,0.00149687,1.602000000000016,48.5855,1.24894,,ACQUIRED
encycle,tt_-40c_3.30v,pass,,direct,,en_off10u,4,il,0.9999191328333333,-0.010000000000065512,0.010000000000065512,0.94298,4.79909e-05,1272.4342569125279,5.08928079068485e-08,0.0018163099999999998,0.22699999999999632,0.0170791,1.27549,,ACQUIRED
encycle,tt_-40c_3.30v,pass,,direct,,en_off10u,4,ss,0.9999572108333334,-0.01999999999990898,0.01999999999990898,0.33962600000000004,0.00253157,3533.1784154783395,7.4539935105086175e-06,0.0015304,5.993999999999943,0.0716893,1.29838,,ACQUIRED
encycle,tt_-40c_3.63v,pass,nonconvergence,true_gmin,,en_from_shutdown,1,il,0.9999213396666666,-0.010000000000065512,0.010000000000065512,0.9430000000000001,0.00177524,1272.4330171442023,1.8825450689289501e-06,0.0012630599999999999,0.34399999999999875,0.00669424,1.19758,True,ACQUIRED
encycle,tt_-40c_3.63v,pass,nonconvergence,true_gmin,,en_from_shutdown,1,ss,0.9999580060833334,-0.01999999999990898,0.01999999999990898,0.339632,0.0028611,3533.1812253587063,8.424117868752062e-06,0.00116777,30.4856,0.0072115,1.19997,True,ACQUIRED
encycle,tt_-40c_3.63v,pass,nonconvergence,true_gmin,,en_off100u,2,il,0.9999220219999999,-0.010000000000065512,0.010000000000065512,0.943064,-0.011004799999999999,1272.567484637852,-1.1669197424565034e-05,0.0018754,0.2949999999999828,0.00692392,1.27351,True,ACQUIRED
encycle,tt_-40c_3.63v,pass,nonconvergence,true_gmin,,en_off100u,2,ss,0.9999582288333335,-0.01999999999990898,0.01999999999990898,0.339615,0.0027787600000000003,3532.9947638830413,8.182088541436628e-06,0.00129772,10.796999999999999,0.00630451,1.29534,True,ACQUIRED
encycle,tt_-40c_3.63v,pass,nonconvergence,true_gmin,,en_off1u,3,il,0.99992353375,-0.010000000000065512,0.010000000000065512,0.943021,0.00159687,1272.4074735265983,1.6933557153022043e-06,0.0019333099999999997,0.1560000000000168,3.18834,1.26627,,ACQUIRED
encycle,tt_-40c_3.63v,pass,nonconvergence,true_gmin,,en_off1u,3,ss,0.9999592891666667,-0.01999999999990898,0.01999999999990898,0.339631,0.00261652,3533.071326781182,7.704008173576617e-06,0.0012922900000000002,1.59600000000003,48.639399999999995,1.24885,,ACQUIRED
encycle,tt_-40c_3.63v,pass,nonconvergence,true_gmin,,en_off10u,4,il,0.99992133875,-0.010000000000065512,0.010000000000065512,0.9430740000000001,0.00934128,1272.42626929203,9.90513999961827e-06,0.00200442,0.2249999999999648,0.046894899999999996,1.27529,,ACQUIRED
encycle,tt_-40c_3.63v,pass,nonconvergence,true_gmin,,en_off10u,4,ss,0.9999580051666668,-0.01999999999990898,0.01999999999990898,0.339632,0.00286171,3533.1812221198215,8.425913930371696e-06,0.00161278,5.981999999999971,0.0702124,1.29825,,ACQUIRED
encycle,tt_125c_2.97v,pass,,dyn_gmin,,en_from_shutdown,1,il,0.9998407366666666,0.0,0.0,1.21866,0.00601441,985.0809405737368,4.935264963156253e-06,0.016338699999999998,2.525099999999997,0.10131,1.09498,True,ACQUIRED
encycle,tt_125c_2.97v,pass,,dyn_gmin,,en_from_shutdown,1,ss,0.99994248,0.0,0.0,0.438653,-0.0106198,2735.0537263831616,-2.4210024780407293e-05,0.0330229,15.201399999999996,0.10308400000000001,1.19992,True,ACQUIRED
encycle,tt_125c_2.97v,pass,,dyn_gmin,,en_off100u,2,il,0.9998340775,0.0,0.0,1.21757,-0.000390212,984.9773360151054,-3.2048424320572943e-07,0.0266332,0.4110000000000203,0.0507091,1.24065,True,ACQUIRED
encycle,tt_125c_2.97v,pass,,dyn_gmin,,en_off100u,2,ss,0.9999403778333332,0.0,0.0,0.438718,0.009226390000000001,2735.9522214976582,2.1030342953788083e-05,0.042362800000000006,15.556999999999974,0.011679499999999999,1.30525,True,ACQUIRED
encycle,tt_125c_2.97v,pass,,dyn_gmin,,en_off1u,3,il,0.9998313783333334,0.0,0.0,1.2183400000000002,0.00325964,985.2415924189296,2.6754764679810233e-06,0.0287192,0.21200000000003116,4.71964,1.31363,,ACQUIRED
encycle,tt_125c_2.97v,pass,,dyn_gmin,,en_off1u,3,ss,0.99993965425,0.0,0.0,0.438702,0.0165471,2735.39515190338,3.771831448226815e-05,0.0430008,2.439000000000022,47.9423,1.28966,,ACQUIRED
encycle,tt_125c_2.97v,pass,,dyn_gmin,,en_off10u,4,il,0.9998369349999999,0.0,0.0,1.21824,0.00237891,985.1338128433133,1.9527433018124505e-06,0.0024357299999999997,0.31399999999995665,0.09455999999999999,1.31898,,ACQUIRED
encycle,tt_125c_2.97v,pass,,dyn_gmin,,en_off10u,4,ss,0.9999413044166666,0.0,0.0,0.438708,0.0019009099999999998,2735.324839575179,4.332973184897471e-06,0.0321928,8.468999999999989,0.133545,1.36455,,ACQUIRED
encycle,tt_125c_3.30v,pass,,direct,,en_from_shutdown,1,il,0.9998436475,0.0,0.0,1.21787,-0.00944422,985.1323379203889,-7.754702882902115e-06,0.0029181199999999997,2.005299999999999,0.101967,1.1156,True,ACQUIRED
encycle,tt_125c_3.30v,pass,,direct,,en_from_shutdown,1,ss,0.9999441978333333,0.0,0.0,0.438683,0.00393277,2735.3265191027626,8.96494735378394e-06,0.0222177,15.789499999999999,0.103432,1.19996,True,ACQUIRED
encycle,tt_125c_3.30v,pass,,direct,,en_off100u,2,il,0.9998415141666667,0.0,0.0,1.21879,0.058889800000000006,985.0089214905547,4.831825006769009e-05,0.0116492,0.4089999999999888,0.0384696,1.23999,True,ACQUIRED
encycle,tt_125c_3.30v,pass,,direct,,en_off100u,2,ss,0.9999429785833333,0.0,0.0,0.43911799999999995,0.00764996,2737.095170348269,1.7421194303125813e-05,0.0243294,15.54999999999997,0.011569,1.30477,True,ACQUIRED
encycle,tt_125c_3.30v,pass,,direct,,en_off1u,3,il,0.9998410974999999,0.0,0.0,1.21879,0.055395700000000006,985.1136484555889,4.5451390313343565e-05,0.00738238,0.2099999999999997,4.622920000000001,1.3135,,ACQUIRED
encycle,tt_125c_3.30v,pass,,direct,,en_off1u,3,ss,0.9999428801666665,0.0,0.0,0.438653,0.00759545,2735.1732744629635,1.7315395084497313e-05,0.025752,2.4299999999999886,47.975300000000004,1.28965,,ACQUIRED
encycle,tt_125c_3.30v,pass,,direct,,en_off10u,4,il,0.9998483625000001,0.0,0.0,1.21647,0.0471419,984.1915158027709,3.87530313119107e-05,0.030184799999999998,0.3089999999999864,0.0966511,1.31871,,ACQUIRED
encycle,tt_125c_3.30v,pass,,direct,,en_off10u,4,ss,0.9999458359166667,0.0,0.0,0.438643,0.00344378,2734.0844948505282,7.85098588145713e-06,0.0500028,8.445999999999954,0.13078,1.36446,,ACQUIRED
encycle,tt_125c_3.63v,pass,,direct,,en_from_shutdown,1,il,0.9998500075,0.0,0.0,1.21678,-0.0355942,984.9525994335673,-2.925278193264189e-05,0.023738000000000002,1.5256999999999978,0.10255700000000001,1.12957,True,ACQUIRED
encycle,tt_125c_3.63v,pass,,direct,,en_from_shutdown,1,ss,0.9999450201666668,0.0,0.0,0.438975,0.0103224,2737.46292632626,2.3514778745942252e-05,0.00239746,16.239699999999996,0.103849,1.19999,True,ACQUIRED
encycle,tt_125c_3.63v,pass,,direct,,en_off100u,2,il,0.999859015,0.0,0.0,1.21773,-0.0350571,985.2202836192243,-2.8788894089822865e-05,0.0303337,0.40599999999999575,0.0266566,1.23946,True,ACQUIRED
encycle,tt_125c_3.63v,pass,,direct,,en_off100u,2,ss,0.9999498824166666,0.0,0.0,0.438218,0.00157421,2733.4104624251117,3.5922988101812337e-06,0.0511931,15.546999999999978,0.01172,1.30436,True,ACQUIRED
encycle,tt_125c_3.63v,pass,,direct,,en_off1u,3,il,0.9998559266666667,0.0,0.0,1.21793,-0.0154022,985.1282591917499,-1.2646211194403619e-05,0.0311547,0.2099999999999997,4.5309,1.3134,,ACQUIRED
encycle,tt_125c_3.63v,pass,,direct,,en_off1u,3,ss,0.99994832725,0.0,0.0,0.438745,0.0035453,2735.4313489792894,8.080547926472097e-06,0.0507068,2.4240000000000026,47.7121,1.28973,,ACQUIRED
encycle,tt_125c_3.63v,pass,,direct,,en_off10u,4,il,0.9998605483333334,0.0,0.0,1.21694,0.015214,984.5184688602609,1.2501848899699246e-05,0.00276625,0.30799999999997063,0.0924575,1.31871,,ACQUIRED
encycle,tt_125c_3.63v,pass,,direct,,en_off10u,4,ss,0.9999507693333334,0.0,0.0,0.43882499999999997,-0.0045731,2735.4941530493143,-1.042123853472341e-05,0.0282541,8.427999999999994,0.12951100000000001,1.36439,,ACQUIRED
encycle,tt_27c_2.97v,pass,,dyn_gmin,,en_from_shutdown,1,il,0.9999013133333333,-0.010000000000065512,0.010000000000065512,1.06244,0.0112467,1127.1256173970219,1.0585727194006249e-05,0.0019034100000000001,0.4206999999999975,0.0063355600000000005,1.19418,True,ACQUIRED
encycle,tt_27c_2.97v,pass,,dyn_gmin,,en_from_shutdown,1,ss,0.9999612324166667,-0.010000000000065512,0.010000000000065512,0.38334300000000004,0.00124172,3132.6697356707436,3.239187881349079e-06,0.00183466,27.386599999999998,0.00669027,1.19996,True,ACQUIRED
encycle,tt_27c_2.97v,pass,,dyn_gmin,,en_off100u,2,il,0.9999050849999999,-0.010000000000065512,0.010000000000065512,1.06521,-0.0572357,1128.624736158925,-5.3731846302607e-05,0.0020461100000000003,0.3450000000000111,-0.0206516,1.2944,True,ACQUIRED
encycle,tt_27c_2.97v,pass,,dyn_gmin,,en_off100u,2,ss,0.9999629646666666,-0.010000000000065512,0.010000000000065512,0.382841,-0.000160995,3131.497922957078,-4.2052705953646556e-07,0.00196517,12.816999999999982,0.00699328,1.32395,True,ACQUIRED
encycle,tt_27c_2.97v,pass,,dyn_gmin,,en_off1u,3,il,0.9998876174999999,-0.010000000000065512,0.010000000000065512,1.06384,-0.00809142,1127.9684330757516,-7.605861783726877e-06,0.0019856599999999998,0.1819999999999925,3.8688800000000003,1.28509,,ACQUIRED
encycle,tt_27c_2.97v,pass,,dyn_gmin,,en_off1u,3,ss,0.9999547304999999,-0.010000000000065512,0.010000000000065512,0.38313,0.0018458799999999998,3131.8235779572274,4.817894709367577e-06,0.0019206499999999999,1.9549999999999905,47.727199999999996,1.26506,,ACQUIRED
encycle,tt_27c_2.97v,pass,,dyn_gmin,,en_off10u,4,il,0.9998839891666667,-0.010000000000065512,0.010000000000065512,1.06491,-0.102123,1128.9619749717726,-9.58982449221061e-05,0.00114666,0.26400000000003676,0.056410100000000005,1.29599,,ACQUIRED
encycle,tt_27c_2.97v,pass,,dyn_gmin,,en_off10u,4,ss,0.99995328175,-0.010000000000065512,0.010000000000065512,0.383411,0.00288692,3135.763850532059,7.529570095797982e-06,0.00161363,7.069999999999971,0.0937819,1.32702,,ACQUIRED
encycle,tt_27c_3.30v,pass,,direct,,en_from_shutdown,1,il,0.9999024383333333,-0.010000000000065512,0.010000000000065512,1.06361,-0.0238002,1127.995756441954,-2.237681104916276e-05,0.00152955,0.4190999999999974,0.00666697,1.19581,True,ACQUIRED
encycle,tt_27c_3.30v,pass,,direct,,en_from_shutdown,1,ss,0.9999614547499999,-0.010000000000065512,0.010000000000065512,0.38331899999999997,0.00235319,3133.684874164644,6.1389860664355275e-06,0.0016720300000000001,27.618399999999998,0.00702513,1.19998,True,ACQUIRED
encycle,tt_27c_3.30v,pass,,direct,,en_off100u,2,il,0.9998903766666666,-0.010000000000065512,0.010000000000065512,1.06416,-0.036548000000000004,1128.3321910851982,-3.434445947977748e-05,0.00232799,0.34399999999999537,0.00992646,1.29422,True,ACQUIRED
encycle,tt_27c_3.30v,pass,,direct,,en_off100u,2,ss,0.9999546869166667,-0.010000000000065512,0.010000000000065512,0.383128,0.00256928,3131.4801723957958,6.706061681735608e-06,0.00175943,12.816999999999982,0.00707874,1.32383,True,ACQUIRED
encycle,tt_27c_3.30v,pass,,direct,,en_off1u,3,il,0.9998863633333333,-0.010000000000065512,0.010000000000065512,1.06373,0.008485409999999999,1127.8927966460176,7.977033645755971e-06,0.00230534,0.1800000000000152,3.81884,1.28489,,ACQUIRED
encycle,tt_27c_3.30v,pass,,direct,,en_off1u,3,ss,0.9999536661666666,-0.010000000000065512,0.010000000000065512,0.38313,0.00276178,3131.9919070799347,7.2084670999399676e-06,0.00169225,1.9460000000000115,47.8148,1.26499,,ACQUIRED
encycle,tt_27c_3.30v,pass,,direct,,en_off10u,4,il,0.9999110641666666,-0.010000000000065512,0.010000000000065512,1.06082,0.0651485,1126.2479251729412,6.141334062329142e-05,0.00217273,0.2620000000000053,0.0923703,1.29574,,ACQUIRED
encycle,tt_27c_3.30v,pass,,direct,,en_off10u,4,ss,0.9999652011666665,-0.010000000000065512,0.010000000000065512,0.382747,0.00017379,3127.5464102336878,4.540597313630153e-07,0.0022161999999999998,7.048999999999966,0.09174120000000001,1.32692,,ACQUIRED
encycle,tt_27c_3.63v,pass,,direct,,en_from_shutdown,1,il,0.9998887916666666,-0.010000000000065512,0.010000000000065512,1.06477,-0.0115026,1128.1818737424073,-1.0802896400161538e-05,0.000651404,0.41919999999999763,0.00699874,1.19669,True,ACQUIRED
encycle,tt_27c_3.63v,pass,,direct,,en_from_shutdown,1,ss,0.999954817,-0.010000000000065512,0.010000000000065512,0.382992,0.00274465,3130.9331395546046,7.166337678071604e-06,0.00116555,27.7752,0.007353159999999999,1.19999,True,ACQUIRED
encycle,tt_27c_3.63v,pass,,direct,,en_off100u,2,il,0.9998954083333332,-0.010000000000065512,0.010000000000065512,1.06437,-0.11122900000000001,1128.6562788072615,-0.00010450219378599548,0.0025205,0.3429999999999796,0.0074597000000000005,1.29417,True,ACQUIRED
encycle,tt_27c_3.63v,pass,,direct,,en_off100u,2,ss,0.9999552551666667,-0.010000000000065512,0.010000000000065512,0.383403,0.00339911,3133.305409632734,8.865632245965733e-06,0.0021556500000000003,12.825,0.007364259999999999,1.32373,True,ACQUIRED
encycle,tt_27c_3.63v,pass,,direct,,en_off1u,3,il,0.99989294,-0.010000000000065512,0.010000000000065512,1.06384,0.0073862400000000005,1127.9214205811297,6.942998947210108e-06,0.0024785199999999997,0.17800000000003793,3.74731,1.28482,,ACQUIRED
encycle,tt_27c_3.63v,pass,,direct,,en_off1u,3,ss,0.9999561095833334,-0.010000000000065512,0.010000000000065512,0.383145,0.00295553,3131.9586863466707,7.713868117814404e-06,0.00213699,1.940999999999987,47.766200000000005,1.26497,,ACQUIRED
encycle,tt_27c_3.63v,pass,,direct,,en_off10u,4,il,0.9998899241666667,-0.010000000000065512,0.010000000000065512,1.0626,-0.0362293,1127.7695985638152,-3.409495576886881e-05,0.00226513,0.2599999999999738,0.0730525,1.2956,,ACQUIRED
encycle,tt_27c_3.63v,pass,,direct,,en_off10u,4,ss,0.9999551279999999,-0.010000000000065512,0.010000000000065512,0.383039,0.0030157499999999998,3132.3807517006976,7.873219176115226e-06,0.00230919,7.034999999999962,0.0900971,1.32684,,ACQUIRED
