scenario,corner,status,diagnostics,solver_path,tran_trouble,servo,ibias_rel,vx_err_uv,icv_ua,ist_na,ist_frac,pb,vg,vsu,vout,verdict
op,ff_-40c_2.97v,pass,,dyn_gmin,,il,0.9998979899999999,-10.000000000065512,1.2572800000000002,0.00215739,1.7159184907101043e-06,2.15745,2.14973,3.68924e-08,1.79945,ACQUIRED
op,ff_-40c_2.97v,pass,,dyn_gmin,,ss,0.9999495957500001,-19.99999999990898,0.452826,0.00231526,5.1129131277797655e-06,2.31542,2.11161,3.68925e-08,1.79945,ACQUIRED
op,ff_-40c_3.30v,pass,nonconvergence,true_gmin,,il,0.9999012716666666,-10.000000000065512,1.2572800000000002,0.00248712,1.9781751081700176e-06,2.48745,2.1489,3.68924e-08,1.79942,ACQUIRED
op,ff_-40c_3.30v,pass,nonconvergence,true_gmin,,ss,0.9999507775833333,-19.99999999990898,0.452828,0.002645,5.8410698985045095e-06,2.64542,2.11078,3.68925e-08,1.79942,ACQUIRED
op,ff_-40c_3.63v,pass,nonconvergence,true_gmin,,il,0.9999034333333333,-10.000000000065512,1.2573,0.00281819,2.2414618627217055e-06,2.81745,2.1481,3.68924e-08,1.79933,ACQUIRED
op,ff_-40c_3.63v,pass,nonconvergence,true_gmin,,ss,0.9999515558333333,-19.99999999990898,0.45284599999999997,0.00297584,6.571417214682254e-06,2.97542,2.10999,3.68925e-08,1.79933,ACQUIRED
op,ff_125c_2.97v,pass,,dyn_gmin,,il,0.9998009225000001,0.0,1.6239100000000002,0.00942557,5.804244077565875e-06,2.2845,1.9991,2.17988e-07,1.79901,ACQUIRED
op,ff_125c_2.97v,pass,,dyn_gmin,,ss,0.99992829975,0.0,0.584905,0.00976641,1.669742949709782e-05,2.53969,1.94223,2.17998e-07,1.79901,ACQUIRED
op,ff_125c_3.30v,pass,,dyn_gmin,,il,0.9998123624999999,0.0,1.6239400000000002,0.00982814,6.05203394214072e-06,2.6145,1.99835,2.17987e-07,1.79839,ACQUIRED
op,ff_125c_3.30v,pass,,dyn_gmin,,ss,0.9999324198333334,0.0,0.584915,0.0101852,1.7413128403272272e-05,2.86968,1.94146,2.17998e-07,1.79839,ACQUIRED
op,ff_125c_3.63v,pass,,dyn_gmin,,il,0.9998209525,0.0,1.62398,0.0102562,6.315471865417063e-06,2.94449,1.99763,2.17986e-07,1.79354,ACQUIRED
op,ff_125c_3.63v,pass,,dyn_gmin,,ss,0.9999355135833332,0.0,0.5849949999999999,0.0106479,1.820169403157292e-05,3.19968,1.94071,2.17998e-07,1.79354,ACQUIRED
op,ff_27c_2.97v,pass,nonconvergence,true_gmin,,il,0.999858885,-10.000000000065512,1.4183100000000002,0.00223288,1.574324371963816e-06,2.20811,2.08686,4.93558e-08,1.79934,ACQUIRED
op,ff_27c_2.97v,pass,nonconvergence,true_gmin,,ss,0.9999438448333333,-10.000000000065512,0.510833,0.0024309400000000004,4.758776351566951e-06,2.4059,2.04154,4.93559e-08,1.79934,ACQUIRED
op,ff_27c_3.30v,pass,nonconvergence,true_gmin,,il,0.9998647341666667,-10.000000000065512,1.41832,0.00256373,1.8075822099385189e-06,2.53811,2.08608,4.93557e-08,1.7993,ACQUIRED
op,ff_27c_3.30v,pass,nonconvergence,true_gmin,,ss,0.9999459514166666,-10.000000000065512,0.510837,0.0027609,5.404659411906342e-06,2.7359,2.04075,4.93559e-08,1.7993,ACQUIRED
op,ff_27c_3.63v,pass,,dyn_gmin,,il,0.9998688291666665,-10.000000000065512,1.41835,0.00289369,2.040180491416082e-06,2.86811,2.08532,4.93557e-08,1.79918,ACQUIRED
op,ff_27c_3.63v,pass,,dyn_gmin,,ss,0.9999474261666665,-10.000000000065512,0.510871,0.0030913,6.051038324743428e-06,3.0659,2.03998,4.93559e-08,1.79918,ACQUIRED
op,fs_-40c_2.97v,pass,,dyn_gmin,,il,0.99991982625,-10.000000000065512,0.943003,0.0019575499999999997,2.075868263409554e-06,1.95766,2.1778,4.00019e-08,1.79946,ACQUIRED
op,fs_-40c_2.97v,pass,,dyn_gmin,,ss,0.9999574605833333,-19.99999999990898,0.33962600000000004,0.00211187,6.218222397578512e-06,2.11216,2.14077,4.00021e-08,1.79946,ACQUIRED
op,fs_-40c_3.30v,pass,nonconvergence,true_gmin,,il,0.99992254725,-10.000000000065512,0.943006,0.00228728,2.425520092130909e-06,2.28766,2.17694,4.00019e-08,1.79944,ACQUIRED
op,fs_-40c_3.30v,pass,nonconvergence,true_gmin,,ss,0.9999584405,-19.99999999990898,0.339627,0.0024418200000000004,7.189711065374662e-06,2.44216,2.13992,4.00021e-08,1.79944,ACQUIRED
op,fs_-40c_3.63v,pass,nonconvergence,true_gmin,,il,0.9999243635833333,-10.000000000065512,0.94301,0.00261746,2.7756439486325705e-06,2.61766,2.17611,4.00019e-08,1.79939,ACQUIRED
op,fs_-40c_3.63v,pass,nonconvergence,true_gmin,,ss,0.9999590945833333,-19.99999999990898,0.33963,0.0027719999999999997,8.16182316049819e-06,2.77216,2.13911,4.00021e-08,1.79939,ACQUIRED
op,fs_125c_2.97v,pass,,dyn_gmin,,il,0.9998543558333334,10.000000000065512,1.21801,0.00612155,5.025861856635003e-06,2.09006,2.02223,8.0821e-08,1.79921,ACQUIRED
op,fs_125c_2.97v,pass,,dyn_gmin,,ss,0.9999445448333333,0.0,0.438689,0.00641309,1.4618761810758874e-05,2.34125,1.96643,8.08216e-08,1.79921,ACQUIRED
op,fs_125c_3.30v,pass,,dyn_gmin,,il,0.9998635983333334,10.000000000065512,1.21803,0.0064879199999999995,5.326568311125341e-06,2.42006,2.02144,8.08209e-08,1.79918,ACQUIRED
op,fs_125c_3.30v,pass,,dyn_gmin,,ss,0.9999478733333333,0.0,0.438692,0.00678479,1.5465953334001986e-05,2.67125,1.96563,8.08216e-08,1.79918,ACQUIRED
op,fs_125c_3.63v,pass,,dyn_gmin,,il,0.9998705441666667,10.000000000065512,1.21804,0.00686251,5.6340596367935366e-06,2.75006,2.02069,8.08209e-08,1.7991,ACQUIRED
op,fs_125c_3.63v,pass,,dyn_gmin,,ss,0.9999503749166666,0.0,0.438709,0.00717248,1.6349060538990537e-05,3.00125,1.96486,8.08216e-08,1.7991,ACQUIRED
op,fs_27c_2.97v,pass,nonconvergence,true_gmin,,il,0.9998894458333334,-10.000000000065512,1.06379,0.0020223800000000003,1.9011083014504744e-06,2.01066,2.11302,5.30631e-08,1.79937,ACQUIRED
op,fs_27c_2.97v,pass,nonconvergence,true_gmin,,ss,0.9999548523333334,-10.000000000065512,0.38313200000000003,0.00221623,5.784507689255922e-06,2.20469,2.06876,5.30633e-08,1.79937,ACQUIRED
op,fs_27c_3.30v,pass,nonconvergence,true_gmin,,il,0.9998942391666665,-10.000000000065512,1.0638,0.00235234,2.2112615153224288e-06,2.34066,2.1122,5.30631e-08,1.79935,ACQUIRED
op,fs_27c_3.30v,pass,nonconvergence,true_gmin,,ss,0.99995657875,-10.000000000065512,0.38313400000000003,0.0025468500000000002,6.6474131765909575e-06,2.53469,2.06795,5.30633e-08,1.79935,ACQUIRED
op,fs_27c_3.63v,pass,nonconvergence,true_gmin,,il,0.9998976183333332,-10.000000000065512,1.0638,0.00268274,2.5218462116939273e-06,2.67066,2.11142,5.3063e-08,1.79929,ACQUIRED
op,fs_27c_3.63v,pass,nonconvergence,true_gmin,,ss,0.9999577955833333,-10.000000000065512,0.38314,0.00287681,7.508508639139741e-06,2.86469,2.06716,5.30633e-08,1.79929,ACQUIRED
op,res_ff_-40c_2.97v,pass,nonconvergence,true_gmin,,il,0.9998906091666665,-10.000000000065512,1.25727,0.00203038,1.6149116737057276e-06,2.03064,2.27813,4.83643e-08,1.79943,ACQUIRED
op,res_ff_-40c_2.97v,pass,nonconvergence,true_gmin,,ss,0.9999469375000002,-19.99999999990898,0.452825,0.00219114,4.838822944846243e-06,2.19155,2.23929,4.83645e-08,1.79943,ACQUIRED
op,res_ff_-40c_3.30v,pass,nonconvergence,true_gmin,,il,0.9998949583333333,-10.000000000065512,1.2572800000000002,0.00236033,1.8773304275897172e-06,2.36064,2.27728,4.83643e-08,1.7994,ACQUIRED
op,res_ff_-40c_3.30v,pass,nonconvergence,true_gmin,,ss,0.99994850375,-19.99999999990898,0.452826,0.00252154,5.568452341517493e-06,2.52155,2.23845,4.83645e-08,1.7994,ACQUIRED
op,res_ff_-40c_3.63v,pass,nonconvergence,true_gmin,,il,0.9998978991666667,-10.000000000065512,1.2572800000000002,0.0026902899999999997,2.139769979638585e-06,2.69064,2.27646,4.83642e-08,1.79933,ACQUIRED
op,res_ff_-40c_3.63v,pass,nonconvergence,true_gmin,,ss,0.9999495629166668,-19.99999999990898,0.452833,0.00285105,6.296029662149181e-06,2.85155,2.23763,4.83645e-08,1.79933,ACQUIRED
op,res_ff_125c_2.97v,pass,nonconvergence,true_gmin,,il,0.9997815283333333,0.0,1.62388,0.00302203,1.860993423159347e-06,2.15426,2.12848,1.07368e-07,1.79914,ACQUIRED
op,res_ff_125c_2.97v,pass,nonconvergence,true_gmin,,ss,0.9999213148333332,0.0,0.5849,0.00329159,5.627611557531202e-06,2.41452,2.07066,1.0737e-07,1.79914,ACQUIRED
op,res_ff_125c_3.30v,pass,nonconvergence,true_gmin,,il,0.9997956874999999,0.0,1.6239100000000002,0.00335953,2.0687907581085156e-06,2.48425,2.12771,1.07368e-07,1.79909,ACQUIRED
op,res_ff_125c_3.30v,pass,nonconvergence,true_gmin,,ss,0.9999264145833333,0.0,0.5849059999999999,0.00363132,6.208382201584529e-06,2.74452,2.06988,1.0737e-07,1.79909,ACQUIRED
op,res_ff_125c_3.63v,pass,nonconvergence,true_gmin,,il,0.9998063016666666,0.0,1.62393,0.0036992600000000002,2.277967646388699e-06,2.81425,2.12698,1.07368e-07,1.79889,ACQUIRED
op,res_ff_125c_3.63v,pass,nonconvergence,true_gmin,,ss,0.9999302372500001,0.0,0.584943,0.003973709999999999,6.7933285807335066e-06,3.07452,2.06912,1.0737e-07,1.79889,ACQUIRED
op,res_ff_27c_2.97v,pass,nonconvergence,true_gmin,,il,0.9998471975,-10.000000000065512,1.4183000000000001,0.00208122,1.4674046393569764e-06,2.07998,2.21562,6.28328e-08,1.79934,ACQUIRED
op,res_ff_27c_2.97v,pass,nonconvergence,true_gmin,,ss,0.9999396356666667,-10.000000000065512,0.5108309999999999,0.00228284,4.4688752248786785e-06,2.28156,2.16949,6.28331e-08,1.79934,ACQUIRED
op,res_ff_27c_3.30v,pass,nonconvergence,true_gmin,,il,0.9998547125,-10.000000000065512,1.4183100000000002,0.00241096,1.6998822542321495e-06,2.40998,2.21482,6.28328e-08,1.7993,ACQUIRED
op,res_ff_27c_3.30v,pass,nonconvergence,true_gmin,,ss,0.9999423421666667,-10.000000000065512,0.510833,0.00261258,5.114352440034219e-06,2.61156,2.16868,6.28331e-08,1.7993,ACQUIRED
op,res_ff_27c_3.63v,pass,nonconvergence,true_gmin,,il,0.9998600341666666,-10.000000000065512,1.41832,0.00274136,1.9328219301709063e-06,2.73998,2.21405,6.28328e-08,1.7992,ACQUIRED
op,res_ff_27c_3.63v,pass,nonconvergence,true_gmin,,ss,0.9999442586666667,-10.000000000065512,0.5108469999999999,0.00294298,5.760981272279176e-06,2.94156,2.1679,6.28331e-08,1.7992,ACQUIRED
op,res_ss_-40c_2.97v,pass,nonconvergence,true_gmin,,il,0.9999310289166665,-10.000000000065512,0.754422,0.0020614599999999998,2.7325024986015785e-06,2.06178,2.25818,4.83643e-08,1.7995,ACQUIRED
op,res_ss_-40c_2.97v,pass,nonconvergence,true_gmin,,ss,0.9999614954166668,-19.99999999990898,0.271704,0.0022093399999999997,8.131422430291788e-06,2.2094,2.2218,4.83645e-08,1.7995,ACQUIRED
op,res_ss_-40c_3.30v,pass,nonconvergence,true_gmin,,il,0.9999336384166667,-10.000000000065512,0.754425,0.00239142,3.169857838751367e-06,2.39178,2.25732,4.83643e-08,1.79947,ACQUIRED
op,res_ss_-40c_3.30v,pass,nonconvergence,true_gmin,,ss,0.9999624351666668,-19.99999999990898,0.27170500000000003,0.0025393,9.345797832207724e-06,2.5394,2.22096,4.83645e-08,1.79947,ACQUIRED
op,res_ss_-40c_3.63v,pass,nonconvergence,true_gmin,,il,0.9999354030833334,-10.000000000065512,0.754429,0.00272182,3.607788141760192e-06,2.72178,2.25649,4.83642e-08,1.79941,ACQUIRED
op,res_ss_-40c_3.63v,pass,nonconvergence,true_gmin,,ss,0.9999630706666668,-19.99999999990898,0.27171,0.0028692599999999998,1.0560008832946892e-05,2.8694,2.22016,4.83645e-08,1.79941,ACQUIRED
op,res_ss_125c_2.97v,pass,nonconvergence,true_gmin,,il,0.9998689066666666,0.0,0.9744430000000001,0.00307465,3.1552897398821685e-06,2.20339,2.09903,1.07368e-07,1.79923,ACQUIRED
op,res_ss_125c_2.97v,pass,nonconvergence,true_gmin,,ss,0.9999527875833333,0.0,0.35095699999999996,0.00332356,9.469992050308157e-06,2.44445,2.0438,1.0737e-07,1.79923,ACQUIRED
op,res_ss_125c_3.30v,pass,nonconvergence,true_gmin,,il,0.9998774033333334,0.0,0.9744520000000001,0.00341238,3.5018451396271953e-06,2.53339,2.09825,1.07368e-07,1.79918,ACQUIRED
op,res_ss_125c_3.30v,pass,nonconvergence,true_gmin,,ss,0.9999558475,0.0,0.35096,0.00366285,1.0436659448370185e-05,2.77445,2.043,1.0737e-07,1.79918,ACQUIRED
op,res_ss_125c_3.63v,pass,,dyn_gmin,,il,0.9998837725,0.0,0.9744689999999999,0.0037516700000000004,3.849963415973212e-06,2.86339,2.09749,1.07368e-07,1.79899,ACQUIRED
op,res_ss_125c_3.63v,pass,,dyn_gmin,,ss,0.9999581411666666,0.0,0.350987,0.00400568,1.1412616421690832e-05,3.10445,2.04223,1.0737e-07,1.79899,ACQUIRED
op,res_ss_27c_2.97v,pass,nonconvergence,true_gmin,,il,0.9999049799999998,-10.000000000065512,0.851056,0.00211964,2.4905999135192044e-06,2.11851,2.19202,6.28328e-08,1.79941,ACQUIRED
op,res_ss_27c_2.97v,pass,nonconvergence,true_gmin,,ss,0.9999604473333333,-10.000000000065512,0.30651,0.0023054900000000003,7.521744804410949e-06,2.30432,2.14836,6.28331e-08,1.79941,ACQUIRED
op,res_ss_27c_3.30v,pass,nonconvergence,true_gmin,,il,0.9999094892499999,-10.000000000065512,0.85106,0.00244937,2.878022701102155e-06,2.44851,2.19121,6.28328e-08,1.79938,ACQUIRED
op,res_ss_27c_3.30v,pass,nonconvergence,true_gmin,,ss,0.9999620713333334,-10.000000000065512,0.306511,0.0026356699999999997,8.598940984173488e-06,2.63432,2.14755,6.28331e-08,1.79938,ACQUIRED
op,res_ss_27c_3.63v,pass,nonconvergence,true_gmin,,il,0.9999126823333332,-10.000000000065512,0.8510679999999999,0.00277911,3.265438249352578e-06,2.77851,2.19043,6.28328e-08,1.79929,ACQUIRED
op,res_ss_27c_3.63v,pass,nonconvergence,true_gmin,,ss,0.99996322125,-10.000000000065512,0.306521,0.0029656300000000003,9.675128294635604e-06,2.96432,2.14677,6.28331e-08,1.79929,ACQUIRED
op,sf_-40c_2.97v,pass,nonconvergence,true_gmin,,il,0.9999115689166665,-10.000000000065512,0.942995,0.00213962,2.268962189619245e-06,2.13985,2.35566,6.02211e-08,1.79948,ACQUIRED
op,sf_-40c_2.97v,pass,nonconvergence,true_gmin,,ss,0.9999544868333334,-19.99999999990898,0.339625,0.0022908299999999998,6.745174825174825e-06,2.29116,2.31789,6.02214e-08,1.79948,ACQUIRED
op,sf_-40c_3.30v,pass,nonconvergence,true_gmin,,il,0.9999154548333333,-10.000000000065512,0.9430000000000001,0.00246958,2.6188547189819724e-06,2.46985,2.35481,6.02211e-08,1.79944,ACQUIRED
op,sf_-40c_3.30v,pass,nonconvergence,true_gmin,,ss,0.9999558862500001,-19.99999999990898,0.33962600000000004,0.00262101,7.717342017395605e-06,2.62116,2.31706,6.02214e-08,1.79944,ACQUIRED
op,sf_-40c_3.63v,pass,nonconvergence,true_gmin,,il,0.9999181049166667,-10.000000000065512,0.94301,0.00279954,2.9687277971601574e-06,2.79985,2.35399,6.02211e-08,1.79933,ACQUIRED
op,sf_-40c_3.63v,pass,nonconvergence,true_gmin,,ss,0.9999568405833333,-19.99999999990898,0.339638,0.00295053,8.687278808613878e-06,2.95116,2.31625,6.02214e-08,1.79933,ACQUIRED
op,sf_125c_2.97v,pass,,dyn_gmin,,il,0.9998254325,0.0,1.21799,0.0025222,2.070788758528395e-06,2.27574,2.20116,2.19878e-07,1.79914,ACQUIRED
op,sf_125c_2.97v,pass,,dyn_gmin,,ss,0.9999371295833334,0.0,0.438686,0.00276978,6.313809877680163e-06,2.52173,2.14442,2.19887e-07,1.79914,ACQUIRED
op,sf_125c_3.30v,pass,nonconvergence,true_gmin,,il,0.99983762,0.0,1.218,0.00285372,2.3429556650246307e-06,2.60574,2.20039,2.19878e-07,1.79889,ACQUIRED
op,sf_125c_3.30v,pass,nonconvergence,true_gmin,,ss,0.9999415188333333,0.0,0.438693,0.00310196,7.070912916321892e-06,2.85173,2.14363,2.19887e-07,1.79889,ACQUIRED
op,sf_125c_3.63v,pass,,direct,,il,0.9998467225000001,0.0,1.21804,0.0031863399999999997,2.615956783028472e-06,2.93573,2.19965,2.19877e-07,1.79721,ACQUIRED
op,sf_125c_3.63v,pass,,direct,,ss,0.9999447970833333,0.0,0.438747,0.00343459,7.828178882134806e-06,3.18172,2.14287,2.19887e-07,1.79721,ACQUIRED
op,sf_27c_2.97v,pass,,dyn_gmin,,il,0.9998766508333333,-10.000000000065512,1.06378,0.00219402,2.062475323845156e-06,2.19416,2.29128,7.60566e-08,1.79938,ACQUIRED
op,sf_27c_2.97v,pass,,dyn_gmin,,ss,0.9999502443333332,-10.000000000065512,0.383131,0.00238387,6.22207547810018e-06,2.38422,2.24621,7.6057e-08,1.79938,ACQUIRED
op,sf_27c_3.30v,pass,nonconvergence,true_gmin,,il,0.9998832533333334,-10.000000000065512,1.06378,0.0025237600000000003,2.372445430446145e-06,2.52416,2.29048,7.60565e-08,1.79932,ACQUIRED
op,sf_27c_3.30v,pass,nonconvergence,true_gmin,,ss,0.9999526222499999,-10.000000000065512,0.383133,0.00271383,7.083258294117186e-06,2.71422,2.24541,7.6057e-08,1.79932,ACQUIRED
op,sf_27c_3.63v,pass,nonconvergence,true_gmin,,il,0.9998879391666665,-10.000000000065512,1.0638,0.00285372,2.682571912013536e-06,2.85416,2.28971,7.60565e-08,1.79917,ACQUIRED
op,sf_27c_3.63v,pass,nonconvergence,true_gmin,,ss,0.9999543097499999,-10.000000000065512,0.383155,0.0030446799999999997,7.946340253944226e-06,3.04422,2.24463,7.60569e-08,1.79917,ACQUIRED
op,ss_-40c_2.97v,pass,nonconvergence,true_gmin,,il,0.9999260370833334,-10.000000000065512,0.754418,0.00193578,2.565924991185258e-06,1.93589,2.3862,6.69555e-08,1.79948,ACQUIRED
op,ss_-40c_2.97v,pass,nonconvergence,true_gmin,,ss,0.9999596977500002,-19.99999999990898,0.27170300000000003,0.00208544,7.675439726466031e-06,2.08582,2.34918,6.6956e-08,1.79948,ACQUIRED
op,ss_-40c_3.30v,pass,nonconvergence,true_gmin,,il,0.9999294220833332,-10.000000000065512,0.754421,0.00226552,3.0029916982692684e-06,2.26589,2.38532,6.69554e-08,1.79946,ACQUIRED
op,ss_-40c_3.30v,pass,nonconvergence,true_gmin,,ss,0.9999609167500001,-19.99999999990898,0.271704,0.0024156200000000003,8.890630980773195e-06,2.41582,2.34832,6.6956e-08,1.79946,ACQUIRED
op,ss_-40c_3.63v,pass,nonconvergence,true_gmin,,il,0.9999317434166666,-10.000000000065512,0.754424,0.0025957,3.440638155732055e-06,2.59589,2.38448,6.69554e-08,1.7994,ACQUIRED
op,ss_-40c_3.63v,pass,nonconvergence,true_gmin,,ss,0.9999617526666668,-19.99999999990898,0.271706,0.00274536,1.0104156698784716e-05,2.74582,2.34749,6.6956e-08,1.7994,ACQUIRED
op,ss_125c_2.97v,pass,,dyn_gmin,,il,0.9998558616666666,0.0,0.9744299999999999,0.00225575,2.3149430949375536e-06,2.07492,2.22789,1.17434e-07,1.79923,ACQUIRED
op,ss_125c_2.97v,pass,,dyn_gmin,,ss,0.9999480895833334,0.0,0.35095499999999996,0.00250133,7.1272100411733695e-06,2.31987,2.17182,1.17435e-07,1.79923,ACQUIRED
op,ss_125c_3.30v,pass,nonconvergence,true_gmin,,il,0.9998663091666667,0.0,0.974441,0.0025866,2.654444958699398e-06,2.40492,2.22708,1.17434e-07,1.79919,ACQUIRED
op,ss_125c_3.30v,pass,nonconvergence,true_gmin,,ss,0.999951852,0.0,0.35095699999999996,0.00283285,8.071786572144165e-06,2.64987,2.17101,1.17435e-07,1.79919,ACQUIRED
op,ss_125c_3.63v,pass,nonconvergence,true_gmin,,il,0.9998741066666667,0.0,0.9744520000000001,0.00291722,2.9937031275014056e-06,2.73492,2.22631,1.17434e-07,1.79908,ACQUIRED
op,ss_125c_3.63v,pass,nonconvergence,true_gmin,,ss,0.9999546604166667,0.0,0.350969,0.0031641399999999997,9.015440110095194e-06,2.97987,2.17022,1.17435e-07,1.79908,ACQUIRED
op,ss_27c_2.97v,pass,nonconvergence,true_gmin,,il,0.9998970958333333,-10.000000000065512,0.8510489999999999,0.00199152,2.340076775837819e-06,1.99163,2.32035,8.33286e-08,1.79939,ACQUIRED
op,ss_27c_2.97v,pass,nonconvergence,true_gmin,,ss,0.999957608,-10.000000000065512,0.306509,0.00218026,7.1132005911735054e-06,2.18038,2.27598,8.33292e-08,1.79939,ACQUIRED
op,ss_27c_3.30v,pass,nonconvergence,true_gmin,,il,0.9999028083333332,-10.000000000065512,0.851054,0.00232125,2.727500252627918e-06,2.32163,2.31951,8.33286e-08,1.79936,ACQUIRED
op,ss_27c_3.30v,pass,nonconvergence,true_gmin,,ss,0.9999596654166667,-10.000000000065512,0.30651,0.0025099899999999997,8.18893347688493e-06,2.51038,2.27515,8.33292e-08,1.79936,ACQUIRED
op,ss_27c_3.63v,pass,nonconvergence,true_gmin,,il,0.9999068733333333,-10.000000000065512,0.85106,0.0026512099999999998,3.1151857683359573e-06,2.65163,2.31872,8.33285e-08,1.79928,ACQUIRED
op,ss_27c_3.63v,pass,nonconvergence,true_gmin,,ss,0.9999611291666666,-10.000000000065512,0.306514,0.00283995,9.265319039260849e-06,2.84038,2.27435,8.33292e-08,1.79928,ACQUIRED
op,tt_-40c_2.97v,pass,nonconvergence,true_gmin,,il,0.9999158709999999,-10.000000000065512,0.942999,0.00204881,2.1726534174479507e-06,2.04882,2.26671,4.83643e-08,1.79947,ACQUIRED
op,tt_-40c_2.97v,pass,nonconvergence,true_gmin,,ss,0.9999560360833334,-19.99999999990898,0.33962600000000004,0.00220135,6.481688681078598e-06,2.20167,2.22932,4.83645e-08,1.79947,ACQUIRED
op,tt_-40c_3.30v,pass,nonconvergence,true_gmin,,il,0.9999191328333333,-10.000000000065512,0.943003,0.0023787599999999997,2.522537043890634e-06,2.37882,2.26586,4.83643e-08,1.79944,ACQUIRED
op,tt_-40c_3.30v,pass,nonconvergence,true_gmin,,ss,0.9999572108333334,-19.99999999990898,0.33962600000000004,0.00253131,7.453227962523481e-06,2.53167,2.22848,4.83645e-08,1.79944,ACQUIRED
op,tt_-40c_3.63v,pass,nonconvergence,true_gmin,,il,0.99992133875,-10.000000000065512,0.9430090000000001,0.0027085,2.8721889186635546e-06,2.70882,2.26503,4.83642e-08,1.79937,ACQUIRED
op,tt_-40c_3.63v,pass,nonconvergence,true_gmin,,ss,0.9999580051666668,-19.99999999990898,0.339632,0.00286171,8.425913930371696e-06,2.86167,2.22766,4.83645e-08,1.79937,ACQUIRED
op,tt_125c_2.97v,pass,nonconvergence,true_gmin,,il,0.9998361383333334,0.0,1.218,0.00305334,2.506847290640394e-06,2.18286,2.11168,1.07368e-07,1.7992,ACQUIRED
op,tt_125c_2.97v,pass,nonconvergence,true_gmin,,ss,0.9999409850833334,0.0,0.438688,0.00331024,7.545772849952585e-06,2.43148,2.05542,1.0737e-07,1.7992,ACQUIRED
op,tt_125c_3.30v,pass,nonconvergence,true_gmin,,il,0.9998467583333334,0.0,1.21801,0.0033904,2.7835567852480686e-06,2.51286,2.11091,1.07368e-07,1.79914,ACQUIRED
op,tt_125c_3.30v,pass,nonconvergence,true_gmin,,ss,0.9999448100000001,0.0,0.438692,0.0036490799999999994,8.318091052492408e-06,2.76148,2.05462,1.0737e-07,1.79914,ACQUIRED
op,tt_125c_3.63v,pass,,dyn_gmin,,il,0.9998547191666667,0.0,1.21803,0.00373035,3.062609295337553e-06,2.84286,2.11016,1.07368e-07,1.79895,ACQUIRED
op,tt_125c_3.63v,pass,,dyn_gmin,,ss,0.9999476770000001,0.0,0.438723,0.0039914700000000004,9.097927393822526e-06,3.09147,2.05386,1.0737e-07,1.79895,ACQUIRED
op,tt_27c_2.97v,pass,nonconvergence,true_gmin,,il,0.9998833108333333,-10.000000000065512,1.06378,0.00210387,1.977730357780744e-06,2.10245,2.20213,6.28328e-08,1.79938,ACQUIRED
op,tt_27c_2.97v,pass,nonconvergence,true_gmin,,ss,0.9999526428333333,-10.000000000065512,0.38313200000000003,0.0022955000000000002,5.991407661067204e-06,2.29446,2.15747,6.28331e-08,1.79938,ACQUIRED
op,tt_27c_3.30v,pass,nonconvergence,true_gmin,,il,0.9998889474999999,-10.000000000065512,1.06379,0.00243383,2.287885766927683e-06,2.43245,2.20133,6.28328e-08,1.79934,ACQUIRED
op,tt_27c_3.30v,pass,nonconvergence,true_gmin,,ss,0.9999546727499999,-10.000000000065512,0.383133,0.0026259,6.853755745393897e-06,2.62446,2.15666,6.28331e-08,1.79934,ACQUIRED
op,tt_27c_3.63v,pass,nonconvergence,true_gmin,,il,0.9998929383333333,-10.000000000065512,1.0638,0.00276357,2.5978285391990974e-06,2.76245,2.20055,6.28328e-08,1.79925,ACQUIRED
op,tt_27c_3.63v,pass,nonconvergence,true_gmin,,ss,0.9999561101666665,-10.000000000065512,0.383145,0.00295586,7.71472941053648e-06,2.95445,2.15588,6.28331e-08,1.79925,ACQUIRED
op_nodeset,ff_-40c_2.97v,pass,,dyn_gmin,,il,0.9998979899999999,-10.000000000065512,1.2572800000000002,0.00215739,1.7159184907101043e-06,2.15745,2.14973,3.68924e-08,1.79945,ACQUIRED
op_nodeset,ff_-40c_2.97v,pass,,dyn_gmin,,ss,0.9999495957500001,-19.99999999990898,0.452826,0.00231526,5.1129131277797655e-06,2.31542,2.11161,3.68925e-08,1.79945,ACQUIRED
op_nodeset,ff_-40c_3.30v,pass,nonconvergence,true_gmin,,il,0.9999012716666666,-10.000000000065512,1.2572800000000002,0.00248712,1.9781751081700176e-06,2.48745,2.1489,3.68924e-08,1.79942,ACQUIRED
op_nodeset,ff_-40c_3.30v,pass,nonconvergence,true_gmin,,ss,0.9999507775833333,-19.99999999990898,0.452828,0.002645,5.8410698985045095e-06,2.64542,2.11078,3.68925e-08,1.79942,ACQUIRED
op_nodeset,ff_-40c_3.63v,pass,nonconvergence,true_gmin,,il,0.9999034333333333,-10.000000000065512,1.2573,0.00281819,2.2414618627217055e-06,2.81745,2.1481,3.68924e-08,1.79933,ACQUIRED
op_nodeset,ff_-40c_3.63v,pass,nonconvergence,true_gmin,,ss,0.9999515558333333,-19.99999999990898,0.45284599999999997,0.0029754,6.570445581941764e-06,2.97542,2.10999,3.68925e-08,1.79933,ACQUIRED
op_nodeset,ff_125c_2.97v,pass,,dyn_gmin,,il,0.9998009225000001,0.0,1.6239100000000002,0.00942557,5.804244077565875e-06,2.2845,1.9991,2.17988e-07,1.79901,ACQUIRED
op_nodeset,ff_125c_2.97v,pass,,dyn_gmin,,ss,0.99992829975,0.0,0.584905,0.00976597,1.669667723818398e-05,2.53969,1.94223,2.17998e-07,1.79901,ACQUIRED
op_nodeset,ff_125c_3.30v,pass,,dyn_gmin,,il,0.9998123624999999,0.0,1.6239400000000002,0.00982814,6.05203394214072e-06,2.6145,1.99835,2.17987e-07,1.79839,ACQUIRED
op_nodeset,ff_125c_3.30v,pass,,dyn_gmin,,ss,0.9999324198333334,0.0,0.584915,0.0101852,1.7413128403272272e-05,2.86968,1.94146,2.17998e-07,1.79839,ACQUIRED
op_nodeset,ff_125c_3.63v,pass,,dyn_gmin,,il,0.9998209525,0.0,1.62398,0.0102562,6.315471865417063e-06,2.94449,1.99763,2.17986e-07,1.79354,ACQUIRED
op_nodeset,ff_125c_3.63v,pass,,dyn_gmin,,ss,0.9999355135833332,0.0,0.5849949999999999,0.0106479,1.820169403157292e-05,3.19968,1.94071,2.17998e-07,1.79354,ACQUIRED
op_nodeset,ff_27c_2.97v,pass,nonconvergence,true_gmin,,il,0.999858885,-10.000000000065512,1.4183100000000002,0.00223266,1.5741692577786237e-06,2.20811,2.08686,4.93558e-08,1.79934,ACQUIRED
op_nodeset,ff_27c_2.97v,pass,nonconvergence,true_gmin,,ss,0.9999438448333333,-10.000000000065512,0.510833,0.00243072,4.758345682444165e-06,2.4059,2.04154,4.93559e-08,1.79934,ACQUIRED
op_nodeset,ff_27c_3.30v,pass,nonconvergence,true_gmin,,il,0.9998647341666667,-10.000000000065512,1.41832,0.00256328,1.8072649331603588e-06,2.53811,2.08608,4.93557e-08,1.7993,ACQUIRED
op_nodeset,ff_27c_3.30v,pass,nonconvergence,true_gmin,,ss,0.9999459514166666,-10.000000000065512,0.510837,0.0027609,5.404659411906342e-06,2.7359,2.04075,4.93559e-08,1.7993,ACQUIRED
op_nodeset,ff_27c_3.63v,pass,,dyn_gmin,,il,0.9998688291666665,-10.000000000065512,1.41835,0.00289413,2.0404907110374732e-06,2.86811,2.08532,4.93557e-08,1.79918,ACQUIRED
op_nodeset,ff_27c_3.63v,pass,,dyn_gmin,,ss,0.9999474261666665,-10.000000000065512,0.510871,0.0030913,6.051038324743428e-06,3.0659,2.03998,4.93559e-08,1.79918,ACQUIRED
op_nodeset,fs_-40c_2.97v,pass,nonconvergence,true_gmin,,il,0.99991982625,-10.000000000065512,0.943003,0.0019575499999999997,2.075868263409554e-06,1.95766,2.1778,4.00019e-08,1.79946,ACQUIRED
op_nodeset,fs_-40c_2.97v,pass,nonconvergence,true_gmin,,ss,0.9999574605833333,-19.99999999990898,0.33962600000000004,0.00211187,6.218222397578512e-06,2.11216,2.14077,4.00021e-08,1.79946,ACQUIRED
op_nodeset,fs_-40c_3.30v,pass,nonconvergence,true_gmin,,il,0.99992254725,-10.000000000065512,0.943006,0.0022875,2.4257533886316736e-06,2.28766,2.17694,4.00019e-08,1.79944,ACQUIRED
op_nodeset,fs_-40c_3.30v,pass,nonconvergence,true_gmin,,ss,0.9999584405,-19.99999999990898,0.339627,0.0024418200000000004,7.189711065374662e-06,2.44216,2.13992,4.00021e-08,1.79944,ACQUIRED
op_nodeset,fs_-40c_3.63v,pass,nonconvergence,true_gmin,,il,0.9999243635833333,-10.000000000065512,0.94301,0.00261746,2.7756439486325705e-06,2.61766,2.17611,4.00019e-08,1.79939,ACQUIRED
op_nodeset,fs_-40c_3.63v,pass,nonconvergence,true_gmin,,ss,0.9999590945833333,-19.99999999990898,0.33963,0.0027719999999999997,8.16182316049819e-06,2.77216,2.13911,4.00021e-08,1.79939,ACQUIRED
op_nodeset,fs_125c_2.97v,pass,,dyn_gmin,,il,0.9998543558333334,10.000000000065512,1.21801,0.00612133,5.025681234144219e-06,2.09006,2.02223,8.0821e-08,1.79921,ACQUIRED
op_nodeset,fs_125c_2.97v,pass,,dyn_gmin,,ss,0.9999445448333333,0.0,0.438689,0.0064135400000000006,1.461978759440059e-05,2.34125,1.96643,8.08216e-08,1.79921,ACQUIRED
op_nodeset,fs_125c_3.30v,pass,,dyn_gmin,,il,0.9998635983333334,10.000000000065512,1.21803,0.0064879199999999995,5.326568311125341e-06,2.42006,2.02144,8.08209e-08,1.79918,ACQUIRED
op_nodeset,fs_125c_3.30v,pass,,dyn_gmin,,ss,0.9999478733333333,0.0,0.438692,0.0067852400000000005,1.5466979110628868e-05,2.67125,1.96563,8.08216e-08,1.79918,ACQUIRED
op_nodeset,fs_125c_3.63v,pass,,dyn_gmin,,il,0.9998705441666667,10.000000000065512,1.21804,0.0068629500000000005,5.634420872877738e-06,2.75006,2.02069,8.08209e-08,1.7991,ACQUIRED
op_nodeset,fs_125c_3.63v,pass,,dyn_gmin,,ss,0.9999503749166666,0.0,0.438709,0.00717293,1.6350086275868514e-05,3.00125,1.96486,8.08216e-08,1.7991,ACQUIRED
op_nodeset,fs_27c_2.97v,pass,nonconvergence,true_gmin,,il,0.9998894458333334,-10.000000000065512,1.06379,0.0020223800000000003,1.9011083014504744e-06,2.01066,2.11302,5.30631e-08,1.79937,ACQUIRED
op_nodeset,fs_27c_2.97v,pass,nonconvergence,true_gmin,,ss,0.9999548523333334,-10.000000000065512,0.38313200000000003,0.00221623,5.784507689255922e-06,2.20469,2.06876,5.30633e-08,1.79937,ACQUIRED
op_nodeset,fs_27c_3.30v,pass,nonconvergence,true_gmin,,il,0.9998942391666665,-10.000000000065512,1.0638,0.00235234,2.2112615153224288e-06,2.34066,2.1122,5.30631e-08,1.79935,ACQUIRED
op_nodeset,fs_27c_3.30v,pass,nonconvergence,true_gmin,,ss,0.99995657875,-10.000000000065512,0.38313400000000003,0.00254641,6.646264753323902e-06,2.53469,2.06795,5.30633e-08,1.79935,ACQUIRED
op_nodeset,fs_27c_3.63v,pass,nonconvergence,true_gmin,,il,0.9998976183333332,-10.000000000065512,1.0638,0.00268274,2.5218462116939273e-06,2.67066,2.11142,5.3063e-08,1.79929,ACQUIRED
op_nodeset,fs_27c_3.63v,pass,nonconvergence,true_gmin,,ss,0.9999577955833333,-10.000000000065512,0.38314,0.00287681,7.508508639139741e-06,2.86469,2.06716,5.30633e-08,1.79929,ACQUIRED
op_nodeset,res_ff_-40c_2.97v,pass,nonconvergence,true_gmin,,il,0.9998906091666665,-10.000000000065512,1.25727,0.00203038,1.6149116737057276e-06,2.03064,2.27813,4.83643e-08,1.79943,ACQUIRED
op_nodeset,res_ff_-40c_2.97v,pass,nonconvergence,true_gmin,,ss,0.9999469375000002,-19.99999999990898,0.452825,0.00219114,4.838822944846243e-06,2.19155,2.23929,4.83645e-08,1.79943,ACQUIRED
op_nodeset,res_ff_-40c_3.30v,pass,nonconvergence,true_gmin,,il,0.9998949583333333,-10.000000000065512,1.2572800000000002,0.00236033,1.8773304275897172e-06,2.36064,2.27728,4.83643e-08,1.7994,ACQUIRED
op_nodeset,res_ff_-40c_3.30v,pass,nonconvergence,true_gmin,,ss,0.99994850375,-19.99999999990898,0.452826,0.00252109,5.56745858232522e-06,2.52155,2.23845,4.83645e-08,1.7994,ACQUIRED
op_nodeset,res_ff_-40c_3.63v,pass,nonconvergence,true_gmin,,il,0.9998978991666667,-10.000000000065512,1.2572800000000002,0.0026902899999999997,2.139769979638585e-06,2.69064,2.27646,4.83642e-08,1.79933,ACQUIRED
op_nodeset,res_ff_-40c_3.63v,pass,nonconvergence,true_gmin,,ss,0.9999495629166668,-19.99999999990898,0.452833,0.00285105,6.296029662149181e-06,2.85155,2.23763,4.83645e-08,1.79933,ACQUIRED
op_nodeset,res_ff_125c_2.97v,pass,nonconvergence,true_gmin,,il,0.9997815283333333,0.0,1.62388,0.00302181,1.8608579451683623e-06,2.15426,2.12848,1.07368e-07,1.79914,ACQUIRED
op_nodeset,res_ff_125c_2.97v,pass,nonconvergence,true_gmin,,ss,0.9999213148333332,0.0,0.5849,0.00329181,5.627987690203453e-06,2.41452,2.07066,1.0737e-07,1.79914,ACQUIRED
op_nodeset,res_ff_125c_3.30v,pass,nonconvergence,true_gmin,,il,0.9997956874999999,0.0,1.6239100000000002,0.00335953,2.0687907581085156e-06,2.48425,2.12771,1.07368e-07,1.79909,ACQUIRED
op_nodeset,res_ff_125c_3.30v,pass,nonconvergence,true_gmin,,ss,0.9999264145833333,0.0,0.5849059999999999,0.00363132,6.208382201584529e-06,2.74452,2.06988,1.0737e-07,1.79909,ACQUIRED
op_nodeset,res_ff_125c_3.63v,pass,,dyn_gmin,,il,0.9998063016666666,0.0,1.62393,0.0036992600000000002,2.277967646388699e-06,2.81425,2.12698,1.07368e-07,1.79889,ACQUIRED
op_nodeset,res_ff_125c_3.63v,pass,,dyn_gmin,,ss,0.9999302372500001,0.0,0.584943,0.003973709999999999,6.7933285807335066e-06,3.07452,2.06912,1.0737e-07,1.79889,ACQUIRED
op_nodeset,res_ff_27c_2.97v,pass,nonconvergence,true_gmin,,il,0.9998471975,-10.000000000065512,1.4183000000000001,0.00208122,1.4674046393569764e-06,2.07998,2.21562,6.28328e-08,1.79934,ACQUIRED
op_nodeset,res_ff_27c_2.97v,pass,nonconvergence,true_gmin,,ss,0.9999396356666667,-10.000000000065512,0.5108309999999999,0.00228284,4.4688752248786785e-06,2.28156,2.16949,6.28331e-08,1.79934,ACQUIRED
op_nodeset,res_ff_27c_3.30v,pass,nonconvergence,true_gmin,,il,0.9998547125,-10.000000000065512,1.4183100000000002,0.00241096,1.6998822542321495e-06,2.40998,2.21482,6.28328e-08,1.7993,ACQUIRED
op_nodeset,res_ff_27c_3.30v,pass,nonconvergence,true_gmin,,ss,0.9999423421666667,-10.000000000065512,0.510833,0.00261258,5.114352440034219e-06,2.61156,2.16868,6.28331e-08,1.7993,ACQUIRED
op_nodeset,res_ff_27c_3.63v,pass,,dyn_gmin,,il,0.9998600341666666,-10.000000000065512,1.41832,0.00274092,1.9325117039878165e-06,2.73998,2.21405,6.28328e-08,1.7992,ACQUIRED
op_nodeset,res_ff_27c_3.63v,pass,,dyn_gmin,,ss,0.9999442586666667,-10.000000000065512,0.5108469999999999,0.00294298,5.760981272279176e-06,2.94156,2.1679,6.28331e-08,1.7992,ACQUIRED
op_nodeset,res_ss_-40c_2.97v,pass,nonconvergence,true_gmin,,il,0.9999310289166665,-10.000000000065512,0.754422,0.0020614599999999998,2.7325024986015785e-06,2.06178,2.25818,4.83643e-08,1.7995,ACQUIRED
op_nodeset,res_ss_-40c_2.97v,pass,nonconvergence,true_gmin,,ss,0.9999614954166668,-19.99999999990898,0.271704,0.00220912,8.130612725613169e-06,2.2094,2.2218,4.83645e-08,1.7995,ACQUIRED
op_nodeset,res_ss_-40c_3.30v,pass,nonconvergence,true_gmin,,il,0.9999336384166667,-10.000000000065512,0.754425,0.00239142,3.169857838751367e-06,2.39178,2.25732,4.83643e-08,1.79947,ACQUIRED
op_nodeset,res_ss_-40c_3.30v,pass,nonconvergence,true_gmin,,ss,0.9999624351666668,-19.99999999990898,0.27170500000000003,0.0025393,9.345797832207724e-06,2.5394,2.22096,4.83645e-08,1.79947,ACQUIRED
op_nodeset,res_ss_-40c_3.63v,pass,nonconvergence,true_gmin,,il,0.9999354030833334,-10.000000000065512,0.754429,0.00272138,3.60720491921705e-06,2.72178,2.25649,4.83642e-08,1.79941,ACQUIRED
op_nodeset,res_ss_-40c_3.63v,pass,nonconvergence,true_gmin,,ss,0.9999630706666668,-19.99999999990898,0.27171,0.0028692599999999998,1.0560008832946892e-05,2.8694,2.22016,4.83645e-08,1.79941,ACQUIRED
op_nodeset,res_ss_125c_2.97v,pass,nonconvergence,true_gmin,,il,0.9998689066666666,0.0,0.9744430000000001,0.00307487,3.1555155098861603e-06,2.20339,2.09903,1.07368e-07,1.79923,ACQUIRED
op_nodeset,res_ss_125c_2.97v,pass,nonconvergence,true_gmin,,ss,0.9999527875833333,0.0,0.35095699999999996,0.00332356,9.469992050308157e-06,2.44445,2.0438,1.0737e-07,1.79923,ACQUIRED
op_nodeset,res_ss_125c_3.30v,pass,nonconvergence,true_gmin,,il,0.9998774033333334,0.0,0.9744520000000001,0.00341238,3.5018451396271953e-06,2.53339,2.09825,1.07368e-07,1.79918,ACQUIRED
op_nodeset,res_ss_125c_3.30v,pass,nonconvergence,true_gmin,,ss,0.9999558475,0.0,0.35096,0.00366285,1.0436659448370185e-05,2.77445,2.043,1.0737e-07,1.79918,ACQUIRED
op_nodeset,res_ss_125c_3.63v,pass,,dyn_gmin,,il,0.9998837725,0.0,0.9744689999999999,0.00375211,3.850414943933568e-06,2.86339,2.09749,1.07368e-07,1.79899,ACQUIRED
op_nodeset,res_ss_125c_3.63v,pass,,dyn_gmin,,ss,0.9999581411666666,0.0,0.350987,0.00400568,1.1412616421690832e-05,3.10445,2.04223,1.0737e-07,1.79899,ACQUIRED
op_nodeset,res_ss_27c_2.97v,pass,nonconvergence,true_gmin,,il,0.9999049799999998,-10.000000000065512,0.851056,0.00211964,2.4905999135192044e-06,2.11851,2.19202,6.28328e-08,1.79941,ACQUIRED
op_nodeset,res_ss_27c_2.97v,pass,nonconvergence,true_gmin,,ss,0.9999604473333333,-10.000000000065512,0.30651,0.00230527,7.521027046425891e-06,2.30432,2.14836,6.28331e-08,1.79941,ACQUIRED
op_nodeset,res_ss_27c_3.30v,pass,nonconvergence,true_gmin,,il,0.9999094892499999,-10.000000000065512,0.85106,0.0024496,2.8782929523182852e-06,2.44851,2.19121,6.28328e-08,1.79938,ACQUIRED
op_nodeset,res_ss_27c_3.30v,pass,nonconvergence,true_gmin,,ss,0.9999620713333334,-10.000000000065512,0.306511,0.0026356699999999997,8.598940984173488e-06,2.63432,2.14755,6.28331e-08,1.79938,ACQUIRED
op_nodeset,res_ss_27c_3.63v,pass,nonconvergence,true_gmin,,il,0.9999126823333332,-10.000000000065512,0.8510679999999999,0.00277955,3.2659552468192907e-06,2.77851,2.19043,6.28328e-08,1.79929,ACQUIRED
op_nodeset,res_ss_27c_3.63v,pass,nonconvergence,true_gmin,,ss,0.99996322125,-10.000000000065512,0.306521,0.00296518,9.67366020598915e-06,2.96432,2.14677,6.28331e-08,1.79929,ACQUIRED
op_nodeset,sf_-40c_2.97v,pass,nonconvergence,true_gmin,,il,0.9999115689166665,-10.000000000065512,0.942995,0.00213962,2.268962189619245e-06,2.13985,2.35566,6.02211e-08,1.79948,ACQUIRED
op_nodeset,sf_-40c_2.97v,pass,nonconvergence,true_gmin,,ss,0.9999544868333334,-19.99999999990898,0.339625,0.0022908299999999998,6.745174825174825e-06,2.29116,2.31789,6.02214e-08,1.79948,ACQUIRED
op_nodeset,sf_-40c_3.30v,pass,nonconvergence,true_gmin,,il,0.9999154548333333,-10.000000000065512,0.9430000000000001,0.0024698,2.619088016967126e-06,2.46985,2.35481,6.02211e-08,1.79944,ACQUIRED
op_nodeset,sf_-40c_3.30v,pass,nonconvergence,true_gmin,,ss,0.9999558862500001,-19.99999999990898,0.33962600000000004,0.00262101,7.717342017395605e-06,2.62116,2.31706,6.02214e-08,1.79944,ACQUIRED
op_nodeset,sf_-40c_3.63v,pass,nonconvergence,true_gmin,,il,0.9999181049166667,-10.000000000065512,0.94301,0.00279954,2.9687277971601574e-06,2.79985,2.35399,6.02211e-08,1.79933,ACQUIRED
op_nodeset,sf_-40c_3.63v,pass,nonconvergence,true_gmin,,ss,0.9999568405833333,-19.99999999990898,0.339638,0.00295097,8.68857430558418e-06,2.95116,2.31625,6.02214e-08,1.79933,ACQUIRED
op_nodeset,sf_125c_2.97v,pass,nonconvergence,true_gmin,,il,0.9998254325,0.0,1.21799,0.0025222,2.070788758528395e-06,2.27574,2.20116,2.19878e-07,1.79914,ACQUIRED
op_nodeset,sf_125c_2.97v,pass,nonconvergence,true_gmin,,ss,0.9999371295833334,0.0,0.438686,0.00276978,6.313809877680163e-06,2.52173,2.14442,2.19887e-07,1.79914,ACQUIRED
op_nodeset,sf_125c_3.30v,pass,nonconvergence,true_gmin,,il,0.99983762,0.0,1.218,0.00285416,2.3433169129720855e-06,2.60574,2.20039,2.19878e-07,1.79889,ACQUIRED
op_nodeset,sf_125c_3.30v,pass,nonconvergence,true_gmin,,ss,0.9999415188333333,0.0,0.438693,0.00310196,7.070912916321892e-06,2.85173,2.14363,2.19887e-07,1.79889,ACQUIRED
op_nodeset,sf_125c_3.63v,pass,,dyn_gmin,,il,0.9998467225000001,0.0,1.21804,0.0031863399999999997,2.615956783028472e-06,2.93573,2.19965,2.19877e-07,1.79721,ACQUIRED
op_nodeset,sf_125c_3.63v,pass,,dyn_gmin,,ss,0.9999447970833333,0.0,0.438747,0.00343503,7.82918173799479e-06,3.18172,2.14287,2.19887e-07,1.79721,ACQUIRED
op_nodeset,sf_27c_2.97v,pass,nonconvergence,true_gmin,,il,0.9998766508333333,-10.000000000065512,1.06378,0.00219402,2.062475323845156e-06,2.19416,2.29128,7.60566e-08,1.79938,ACQUIRED
op_nodeset,sf_27c_2.97v,pass,nonconvergence,true_gmin,,ss,0.9999502443333332,-10.000000000065512,0.383131,0.00238409,6.222649694229911e-06,2.38422,2.24621,7.6057e-08,1.79938,ACQUIRED
op_nodeset,sf_27c_3.30v,pass,nonconvergence,true_gmin,,il,0.9998832533333334,-10.000000000065512,1.06378,0.0025242,2.372859049803531e-06,2.52416,2.29048,7.60565e-08,1.79932,ACQUIRED
op_nodeset,sf_27c_3.30v,pass,nonconvergence,true_gmin,,ss,0.9999526222499999,-10.000000000065512,0.383133,0.00271383,7.083258294117186e-06,2.71422,2.24541,7.6057e-08,1.79932,ACQUIRED
op_nodeset,sf_27c_3.63v,pass,,dyn_gmin,,il,0.9998879391666665,-10.000000000065512,1.0638,0.00285372,2.682571912013536e-06,2.85416,2.28971,7.60565e-08,1.79917,ACQUIRED
op_nodeset,sf_27c_3.63v,pass,,dyn_gmin,,ss,0.9999543097499999,-10.000000000065512,0.383155,0.0030442299999999998,7.945165794521798e-06,3.04422,2.24463,7.60569e-08,1.79917,ACQUIRED
op_nodeset,ss_-40c_2.97v,pass,nonconvergence,true_gmin,,il,0.9999260370833334,-10.000000000065512,0.754418,0.00193578,2.565924991185258e-06,1.93589,2.3862,6.69555e-08,1.79948,ACQUIRED
op_nodeset,ss_-40c_2.97v,pass,nonconvergence,true_gmin,,ss,0.9999596977500002,-19.99999999990898,0.27170300000000003,0.00208544,7.675439726466031e-06,2.08582,2.34918,6.6956e-08,1.79948,ACQUIRED
op_nodeset,ss_-40c_3.30v,pass,nonconvergence,true_gmin,,il,0.9999294220833332,-10.000000000065512,0.754421,0.00226552,3.0029916982692684e-06,2.26589,2.38532,6.69554e-08,1.79946,ACQUIRED
op_nodeset,ss_-40c_3.30v,pass,nonconvergence,true_gmin,,ss,0.9999609167500001,-19.99999999990898,0.271704,0.0024156200000000003,8.890630980773195e-06,2.41582,2.34832,6.6956e-08,1.79946,ACQUIRED
op_nodeset,ss_-40c_3.63v,pass,nonconvergence,true_gmin,,il,0.9999317434166666,-10.000000000065512,0.754424,0.0025957,3.440638155732055e-06,2.59589,2.38448,6.69554e-08,1.7994,ACQUIRED
op_nodeset,ss_-40c_3.63v,pass,nonconvergence,true_gmin,,ss,0.9999617526666668,-19.99999999990898,0.271706,0.0027458,1.0105776096221652e-05,2.74582,2.34749,6.6956e-08,1.7994,ACQUIRED
op_nodeset,ss_125c_2.97v,pass,nonconvergence,true_gmin,,il,0.9998558616666666,0.0,0.9744299999999999,0.0022555300000000004,2.314717321921534e-06,2.07492,2.22789,1.17434e-07,1.79923,ACQUIRED
op_nodeset,ss_125c_2.97v,pass,nonconvergence,true_gmin,,ss,0.9999480895833334,0.0,0.35095499999999996,0.00250133,7.1272100411733695e-06,2.31987,2.17182,1.17435e-07,1.79923,ACQUIRED
op_nodeset,ss_125c_3.30v,pass,,dyn_gmin,,il,0.9998663091666667,0.0,0.974441,0.0025866,2.654444958699398e-06,2.40492,2.22708,1.17434e-07,1.79919,ACQUIRED
op_nodeset,ss_125c_3.30v,pass,,dyn_gmin,,ss,0.999951852,0.0,0.35095699999999996,0.0028324,8.070504363782458e-06,2.64987,2.17101,1.17435e-07,1.79919,ACQUIRED
op_nodeset,ss_125c_3.63v,pass,nonconvergence,true_gmin,,il,0.9998741066666667,0.0,0.9744520000000001,0.00291767,2.994164925517111e-06,2.73492,2.22631,1.17434e-07,1.79908,ACQUIRED
op_nodeset,ss_125c_3.63v,pass,nonconvergence,true_gmin,,ss,0.9999546604166667,0.0,0.350969,0.00316369,9.01415794557354e-06,2.97987,2.17022,1.17435e-07,1.79908,ACQUIRED
op_nodeset,ss_27c_2.97v,pass,nonconvergence,true_gmin,,il,0.9998970958333333,-10.000000000065512,0.8510489999999999,0.00199152,2.340076775837819e-06,1.99163,2.32035,8.33286e-08,1.79939,ACQUIRED
op_nodeset,ss_27c_2.97v,pass,nonconvergence,true_gmin,,ss,0.999957608,-10.000000000065512,0.306509,0.00218026,7.1132005911735054e-06,2.18038,2.27598,8.33292e-08,1.79939,ACQUIRED
op_nodeset,ss_27c_3.30v,pass,nonconvergence,true_gmin,,il,0.9999028083333332,-10.000000000065512,0.851054,0.00232125,2.727500252627918e-06,2.32163,2.31951,8.33286e-08,1.79936,ACQUIRED
op_nodeset,ss_27c_3.30v,pass,nonconvergence,true_gmin,,ss,0.9999596654166667,-10.000000000065512,0.30651,0.00251021,8.189651234869988e-06,2.51038,2.27515,8.33292e-08,1.79936,ACQUIRED
op_nodeset,ss_27c_3.63v,pass,nonconvergence,true_gmin,,il,0.9999068733333333,-10.000000000065512,0.85106,0.0026512099999999998,3.1151857683359573e-06,2.65163,2.31872,8.33285e-08,1.79928,ACQUIRED
op_nodeset,ss_27c_3.63v,pass,nonconvergence,true_gmin,,ss,0.9999611291666666,-10.000000000065512,0.306514,0.0028403900000000004,9.266754536497518e-06,2.84038,2.27435,8.33292e-08,1.79928,ACQUIRED
op_nodeset,tt_-40c_2.97v,pass,nonconvergence,true_gmin,,il,0.9999158709999999,-10.000000000065512,0.942999,0.00204881,2.1726534174479507e-06,2.04882,2.26671,4.83643e-08,1.79947,ACQUIRED
op_nodeset,tt_-40c_2.97v,pass,nonconvergence,true_gmin,,ss,0.9999560360833334,-19.99999999990898,0.33962600000000004,0.00220135,6.481688681078598e-06,2.20167,2.22932,4.83645e-08,1.79947,ACQUIRED
op_nodeset,tt_-40c_3.30v,pass,,dyn_gmin,,il,0.9999191328333333,-10.000000000065512,0.943003,0.0023787599999999997,2.522537043890634e-06,2.37882,2.26586,4.83643e-08,1.79944,ACQUIRED
op_nodeset,tt_-40c_3.30v,pass,,dyn_gmin,,ss,0.9999572108333334,-19.99999999990898,0.33962600000000004,0.00253131,7.453227962523481e-06,2.53167,2.22848,4.83645e-08,1.79944,ACQUIRED
op_nodeset,tt_-40c_3.63v,pass,nonconvergence,true_gmin,,il,0.99992133875,-10.000000000065512,0.9430090000000001,0.0027085,2.8721889186635546e-06,2.70882,2.26503,4.83642e-08,1.79937,ACQUIRED
op_nodeset,tt_-40c_3.63v,pass,nonconvergence,true_gmin,,ss,0.9999580051666668,-19.99999999990898,0.339632,0.00286127,8.42461841051491e-06,2.86167,2.22766,4.83645e-08,1.79937,ACQUIRED
op_nodeset,tt_125c_2.97v,pass,nonconvergence,true_gmin,,il,0.9998361383333334,0.0,1.218,0.00305289,2.5064778325123153e-06,2.18286,2.11168,1.07368e-07,1.7992,ACQUIRED
op_nodeset,tt_125c_2.97v,pass,nonconvergence,true_gmin,,ss,0.9999409850833334,0.0,0.438688,0.00331024,7.545772849952585e-06,2.43148,2.05542,1.0737e-07,1.7992,ACQUIRED
op_nodeset,tt_125c_3.30v,pass,nonconvergence,true_gmin,,il,0.9998467583333334,0.0,1.21801,0.00339062,2.7837374077388524e-06,2.51286,2.11091,1.07368e-07,1.79914,ACQUIRED
op_nodeset,tt_125c_3.30v,pass,nonconvergence,true_gmin,,ss,0.9999448100000001,0.0,0.438692,0.0036495300000000002,8.319116829119292e-06,2.76148,2.05462,1.0737e-07,1.79914,ACQUIRED
op_nodeset,tt_125c_3.63v,pass,,dyn_gmin,,il,0.9998547191666667,0.0,1.21803,0.00373035,3.062609295337553e-06,2.84286,2.11016,1.07368e-07,1.79895,ACQUIRED
op_nodeset,tt_125c_3.63v,pass,,dyn_gmin,,ss,0.9999476770000001,0.0,0.438723,0.0039914700000000004,9.097927393822526e-06,3.09147,2.05386,1.0737e-07,1.79895,ACQUIRED
op_nodeset,tt_27c_2.97v,pass,,dyn_gmin,,il,0.9998833108333333,-10.000000000065512,1.06378,0.00210387,1.977730357780744e-06,2.10245,2.20213,6.28328e-08,1.79938,ACQUIRED
op_nodeset,tt_27c_2.97v,pass,,dyn_gmin,,ss,0.9999526428333333,-10.000000000065512,0.38313200000000003,0.00229572,5.991981875698192e-06,2.29446,2.15747,6.28331e-08,1.79938,ACQUIRED
op_nodeset,tt_27c_3.30v,pass,nonconvergence,true_gmin,,il,0.9998889474999999,-10.000000000065512,1.06379,0.00243361,2.287678959193074e-06,2.43245,2.20133,6.28328e-08,1.79934,ACQUIRED
op_nodeset,tt_27c_3.30v,pass,nonconvergence,true_gmin,,ss,0.9999546727499999,-10.000000000065512,0.383133,0.00262546,6.852607319129389e-06,2.62446,2.15666,6.28331e-08,1.79934,ACQUIRED
op_nodeset,tt_27c_3.63v,pass,nonconvergence,true_gmin,,il,0.9998929383333333,-10.000000000065512,1.0638,0.00276312,2.597405527354766e-06,2.76245,2.20055,6.28328e-08,1.79925,ACQUIRED
op_nodeset,tt_27c_3.63v,pass,nonconvergence,true_gmin,,ss,0.9999561101666665,-10.000000000065512,0.383145,0.00295541,7.713554920460922e-06,2.95445,2.15588,6.28331e-08,1.79925,ACQUIRED
