t_us,vout,pg,en,bg,fb,ssr,hg,enb,icap,ivin,iload,co,clg,i2,vth,isns
151.500,0.0186917,2.01016,3.3,1.21769,1.09677,0.000245086,2.53677,5.62107e-05,0.0754016,0.0759647,0.000519214,0.0410839,3.2939,0.0759647,0.12223,0.121933
151.520,0.0210091,1.97608,3.3,1.1823,1.09896,0.000246168,2.53715,5.62153e-05,0.0827657,0.0833934,0.000583585,0.0502914,3.29381,0.0833934,0.124548,0.134307
151.540,0.0235242,1.94099,3.3,1.14576,1.10134,0.000247257,2.53752,5.62236e-05,0.0905899,0.0912877,0.000653451,0.0628345,3.29371,0.0912877,0.127071,0.147502
151.560,0.0262518,1.90472,3.3,1.10785,1.10393,0.000248352,2.5379,5.62358e-05,0.0989231,0.0996968,0.000729217,0.0799096,3.29362,0.0996968,0.129814,0.161598
151.580,0.0292088,1.86705,3.3,1.06834,1.10672,0.000249454,2.53827,5.62526e-05,0.107828,0.108684,0.000811356,0.102457,3.29352,0.108684,0.132787,0.176694
151.600,0.0324155,1.82772,3.3,1.0269,1.10975,0.000250563,2.53864,5.62749e-05,0.117386,0.118331,0.000900431,0.130932,3.2934,0.118331,0.136002,0.19292
151.620,0.0358961,1.78641,3.3,0.983188,1.11304,0.000251679,2.539,5.63038e-05,0.127696,0.128739,0.000997113,0.165432,3.29325,0.128739,0.139475,0.210433
151.640,0.0396788,1.74274,3.3,0.936801,1.11661,0.000252801,2.53936,5.63409e-05,0.138881,0.14003,0.00110219,0.205813,3.29305,0.14003,0.143229,0.229423
151.660,0.0437967,1.69629,3.3,0.887324,1.12049,0.00025393,2.53972,5.63881e-05,0.151082,0.152345,0.00121657,0.25173,3.29279,0.152345,0.147291,0.25011
151.680,0.0482871,1.64662,3.3,0.834333,1.12472,0.000255066,2.54007,5.64476e-05,0.164454,0.165843,0.00134131,0.302633,3.29244,0.165843,0.151696,0.272735
151.700,0.0531921,1.59327,3.3,0.777406,1.12934,0.000256209,2.54041,5.65223e-05,0.179165,0.18069,0.00147756,0.35779,3.29194,0.18069,0.156485,0.297561
151.720,0.0585576,1.53579,3.3,0.716123,1.1344,0.00025736,2.54074,5.66159e-05,0.195391,0.197067,0.0016266,0.416344,3.29103,0.197067,0.161711,0.324862
151.740,0.0644338,1.47374,3.3,0.650102,1.13993,0.000258517,2.54107,5.67328e-05,0.213313,0.215152,0.00178983,0.477396,3.28827,0.215152,0.167434,0.354918
151.760,0.0708716,1.4068,3.3,0.579209,1.14599,0.000259681,2.54139,5.68778e-05,0.233082,0.235102,0.00196865,0.5401,3.27647,0.235102,0.173712,0.387969
151.780,0.0779063,1.33518,3.3,0.504458,1.15261,0.000260852,2.54169,5.70511e-05,0.254681,0.256897,0.00216406,0.603702,3.22389,0.256897,0.18059,0.424008
151.800,0.0854929,1.26145,3.3,0.431287,1.15974,0.000262031,2.542,5.723e-05,0.277347,0.279775,0.0023748,0.667492,3.01555,0.279775,0.188042,0.461955
151.820,0.0930724,1.20301,3.3,0.396353,1.16687,0.000263217,2.54235,5.6671e-05,0.295547,0.298186,0.00258534,0.730801,2.45521,0.298186,0.195539,0.493913
151.840,0.0663548,3.26325,3.3,3.28696,1.14155,0.00026441,2.54785,5.54942e-05,-0.00183522,5.67628e-05,0.00184319,0.772138,1.75226,5.67628e-05,0.151621,0.0663643
151.860,0.0663168,3.29996,3.3,3.29333,1.14132,0.000265611,2.54857,5.54287e-05,-0.0018476,3.39073e-05,0.00184213,0.725045,1.2345,3.39073e-05,0.167777,0.0663095
151.880,0.0662802,3.30018,3.3,3.29566,1.1411,0.000266819,2.54902,5.53996e-05,-0.00184635,3.18625e-05,0.00184112,0.674531,1.30323,3.18625e-05,0.168285,0.0662761
151.900,0.0662436,3.30027,3.3,3.29607,1.14091,0.000268034,2.54946,5.53699e-05,-0.00184514,3.10768e-05,0.0018401,0.624352,1.59634,3.10768e-05,0.16828,0.0662415
151.920,0.066207,3.30032,3.3,3.29537,1.14074,0.000269257,2.54989,5.53388e-05,-0.00184395,3.08607e-05,0.00183908,0.574342,1.92536,3.08607e-05,0.168249,0.0662061
151.940,0.0661705,3.30035,3.3,3.29261,1.14058,0.000270487,2.55031,5.53066e-05,-0.00184277,3.08624e-05,0.00183807,0.524462,2.21942,3.08624e-05,0.168215,0.0661703
151.960,0.0661339,3.30033,3.3,3.27875,1.14042,0.000271725,2.55069,5.52725e-05,-0.00184161,3.08478e-05,0.00183705,0.474736,2.46484,3.08478e-05,0.168182,0.0661341
151.980,0.0660974,3.29897,3.3,3.22004,1.14026,0.000272971,2.55096,5.52385e-05,-0.0018405,3.07875e-05,0.00183604,0.425214,2.68349,3.07875e-05,0.168151,0.0660978
