corner_id,status,iinj_settled_na,t8_na_per_v,psrr_1k_db,vin_minus_vceil_v,ssr_settled_v,vin_minus_ssr_v,dc_vout_v,T8,T1_settled
ff_-40c_2.97v,ok,0.000886137,0.0174483,77.9848,1.4495,2.3953,0.574703,1.79945,PASS,PASS
ff_-40c_3.30v,ok,0.00105111,0.0173741,75.0546,1.4495,2.72516,0.574841,1.79942,PASS,PASS
ff_-40c_3.63v,ok,0.00121506,0.0172147,67.8365,1.4495,3.05502,0.574981,1.79933,PASS,PASS
ff_125c_2.97v,ok,0.0339051,0.0297061,75.1643,1.44944,2.22754,0.742458,1.79907,PASS,PASS
ff_125c_3.30v,ok,0.0348915,0.0306774,69.9777,1.44945,2.55737,0.742631,1.79901,PASS,PASS
ff_125c_3.63v,ok,0.0366432,0.0327984,61.8942,1.44945,2.8872,0.742804,1.79884,PASS,PASS
ff_27c_2.97v,ok,0.000891058,0.0178297,77.4765,1.44948,2.32771,0.642291,1.79934,PASS,PASS
ff_27c_3.30v,ok,0.00105584,0.0177889,73.3881,1.44948,2.65756,0.64244,1.7993,PASS,PASS
ff_27c_3.63v,ok,0.00122214,0.0176558,65.4062,1.44948,2.98741,0.642588,1.79919,PASS,PASS
fs_-40c_2.97v,ok,0.000886102,0.0180612,78.415,1.44951,2.55348,0.416521,1.79946,PASS,PASS
fs_-40c_3.30v,ok,0.0010504,0.0178664,77.6072,1.44951,2.88334,0.416658,1.79944,PASS,PASS
fs_-40c_3.63v,ok,0.00121535,0.0176538,72.3379,1.44951,3.2132,0.416797,1.7994,PASS,PASS
fs_125c_2.97v,ok,0.00127242,0.0189732,78.5119,1.44947,2.38731,0.582691,1.79921,PASS,PASS
fs_125c_3.30v,ok,0.0014393,0.0189083,75.7539,1.44947,2.71714,0.582859,1.79918,PASS,PASS
fs_125c_3.63v,ok,0.00160443,0.0187725,67.7593,1.44948,3.04697,0.583028,1.79911,PASS,PASS
fs_27c_2.97v,ok,0.000885862,0.018621,78.4488,1.44949,2.4865,0.483503,1.79937,PASS,PASS
fs_27c_3.30v,ok,0.00105042,0.0184581,76.9024,1.4495,2.81635,0.48365,1.79935,PASS,PASS
fs_27c_3.63v,ok,0.00121591,0.0182412,70.4328,1.4495,3.1462,0.483798,1.79929,PASS,PASS
sf_-40c_2.97v,ok,0.000885164,0.017613,76.9,1.44951,2.41747,0.552529,1.79948,PASS,PASS
sf_-40c_3.30v,ok,0.00105106,0.017521,72.9862,1.44951,2.74733,0.552668,1.79944,PASS,PASS
sf_-40c_3.63v,ok,0.00121607,0.0173562,65.722,1.44951,3.07719,0.552809,1.79933,PASS,PASS
sf_125c_2.97v,ok,0.0117964,0.0179046,75.0501,1.44946,2.24709,0.722906,1.79916,PASS,PASS
sf_125c_3.30v,ok,0.0120201,0.017905,67.9282,1.44946,2.57693,0.72307,1.79908,PASS,PASS
sf_125c_3.63v,ok,0.0124339,0.0182846,59.5967,1.44947,2.90677,0.723232,1.79886,PASS,PASS
sf_27c_2.97v,ok,0.000886673,0.0180474,76.4684,1.44949,2.34865,0.621354,1.79938,PASS,PASS
sf_27c_3.30v,ok,0.00105182,0.0179927,71.0424,1.44949,2.6785,0.621504,1.79932,PASS,PASS
sf_27c_3.63v,ok,0.00121751,0.0178507,63.0775,1.44949,3.00835,0.621653,1.79918,PASS,PASS
ss_-40c_2.97v,ok,0.000886236,0.0182085,77.6981,1.44951,2.57508,0.394923,1.79948,PASS,PASS
ss_-40c_3.30v,ok,0.00105182,0.0180039,76.0389,1.44952,2.90494,0.395061,1.79946,PASS,PASS
ss_-40c_3.63v,ok,0.00121462,0.0177906,69.9477,1.44952,3.2348,0.3952,1.7994,PASS,PASS
ss_125c_2.97v,ok,0.00124333,0.0192435,78.126,1.44947,2.4073,0.562696,1.79923,PASS,PASS
ss_125c_3.30v,ok,0.00140891,0.019151,73.4077,1.44948,2.73714,0.562858,1.7992,PASS,PASS
ss_125c_3.63v,ok,0.00157345,0.0189787,64.6063,1.44948,3.06698,0.563019,1.79908,PASS,PASS
ss_27c_2.97v,ok,0.000886285,0.0187717,77.8041,1.4495,2.50733,0.462672,1.79939,PASS,PASS
ss_27c_3.30v,ok,0.0010501,0.0185971,75.0569,1.4495,2.83718,0.462819,1.79936,PASS,PASS
ss_27c_3.63v,ok,0.00121526,0.0183774,67.6552,1.4495,3.16703,0.462968,1.79928,PASS,PASS
tt_-40c_2.97v,ok,0.000885869,0.0178478,77.8356,1.44951,2.4862,0.483797,1.79947,PASS,PASS
tt_-40c_3.30v,ok,0.00105027,0.0177028,75.6427,1.44951,2.81606,0.483935,1.79944,PASS,PASS
tt_-40c_3.63v,ok,0.00121528,0.0175069,68.9306,1.44951,3.14592,0.484075,1.79937,PASS,PASS
tt_125c_2.97v,ok,0.00169691,0.0175611,77.3276,1.44946,2.31803,0.651966,1.7992,PASS,PASS
tt_125c_3.30v,ok,0.00187163,0.0174476,72.1922,1.44947,2.64787,0.65213,1.79915,PASS,PASS
tt_125c_3.63v,ok,0.00204768,0.0173836,63.4762,1.44947,2.97771,0.652292,1.79902,PASS,PASS
tt_27c_2.97v,ok,0.000885855,0.0183778,77.7059,1.44949,2.41829,0.551715,1.79938,PASS,PASS
tt_27c_3.30v,ok,0.00105018,0.0182745,74.3955,1.44949,2.74814,0.551862,1.79935,PASS,PASS
tt_27c_3.63v,ok,0.00121614,0.0180886,66.639,1.4495,3.07799,0.552011,1.79925,PASS,PASS
