corner_id,status,iinj_settled_na,t8_na_per_v,psrr_1k_db,ssr_settled_v,vin_minus_ssr_v,dc_vout_v,T8,T1_settled
ff_-40c_2.97v,ok,0.000885947,0.00948717,78.1214,2.15667,0.813326,1.79945,PASS,PASS
ff_-40c_3.30v,ok,0.00105152,0.00691634,75.1426,2.23599,1.06401,1.79942,PASS,PASS
ff_-40c_3.63v,ok,0.00123268,0.00615448,67.8545,2.31109,1.31891,1.79933,PASS,PASS
ff_125c_2.97v,ok,0.235283,1.51297,64.4079,1.98709,0.982908,1.79901,PASS,PASS
ff_125c_3.30v,ok,2.06047,13.7311,47.0896,2.06499,1.23501,1.7984,FAIL,PASS
ff_125c_3.63v,ok,17.5706,109.9,29.4286,2.13907,1.49093,1.79358,FAIL,PASS
ff_27c_2.97v,ok,0.000935911,0.00886111,77.6155,2.08824,0.881764,1.79934,PASS,PASS
ff_27c_3.30v,ok,0.00215909,0.0073684,73.4219,2.16691,1.13309,1.7993,PASS,PASS
ff_27c_3.63v,ok,0.046939,0.465249,63.4441,2.24155,1.38845,1.79918,PASS,PASS
fs_-40c_2.97v,ok,0.000886109,0.0180598,78.4149,2.32378,0.646219,1.79946,PASS,PASS
fs_-40c_3.30v,ok,0.00105032,0.015063,77.648,2.41159,0.88841,1.79944,PASS,PASS
fs_-40c_3.63v,ok,0.00121457,0.00744724,72.3814,2.4946,1.1354,1.7994,PASS,PASS
fs_125c_2.97v,ok,0.00132815,0.0130369,78.6245,2.155,0.814996,1.79921,PASS,PASS
fs_125c_3.30v,ok,0.0019927,0.00961072,75.8367,2.24078,1.05922,1.79918,PASS,PASS
fs_125c_3.63v,ok,0.0103306,0.0536249,67.4882,2.32228,1.30772,1.7991,PASS,PASS
fs_27c_2.97v,ok,0.000885891,0.0181057,78.4583,2.25566,0.714338,1.79937,PASS,PASS
fs_27c_3.30v,ok,0.00104959,0.0106841,77.0045,2.34259,0.957413,1.79935,PASS,PASS
fs_27c_3.63v,ok,0.00121679,0.00769233,70.4635,2.42493,1.20507,1.79929,PASS,PASS
sf_-40c_2.97v,ok,0.000884819,0.0114694,76.9921,2.18107,0.788927,1.79948,PASS,PASS
sf_-40c_3.30v,ok,0.00105171,0.00738837,73.046,2.26255,1.03745,1.79944,PASS,PASS
sf_-40c_3.63v,ok,0.00121534,0.00640488,65.7344,2.3397,1.2903,1.79933,PASS,PASS
sf_125c_2.97v,ok,0.0748955,0.462337,70.5357,2.00869,0.961314,1.79914,PASS,PASS
sf_125c_3.30v,ok,0.621552,4.12492,55.7608,2.08859,1.21141,1.7989,PASS,PASS
sf_125c_3.63v,ok,5.47119,35.794,38.5728,2.1646,1.4654,1.79722,FAIL,PASS
sf_27c_2.97v,ok,0.000896711,0.00964655,76.5829,2.11132,0.858678,1.79938,PASS,PASS
sf_27c_3.30v,ok,0.00124422,0.00789145,71.0799,2.19209,1.10791,1.79932,PASS,PASS
sf_27c_3.63v,ok,0.00872107,0.0710619,62.8486,2.26873,1.36127,1.79918,PASS,PASS
ss_-40c_2.97v,ok,0.000886158,0.0182083,77.698,2.34765,0.622354,1.79948,PASS,PASS
ss_-40c_3.30v,ok,0.00105187,0.0172423,76.0476,2.43766,0.862343,1.79946,PASS,PASS
ss_-40c_3.63v,ok,0.00121589,0.00845489,69.9772,2.52275,1.10725,1.7994,PASS,PASS
ss_125c_2.97v,ok,0.00125824,0.014768,78.2072,2.17711,0.792886,1.79923,PASS,PASS
ss_125c_3.30v,ok,0.00159102,0.010219,73.4579,2.26496,1.03504,1.7992,PASS,PASS
ss_125c_3.63v,ok,0.00359703,0.00858183,64.5944,2.34843,1.28157,1.79908,PASS,PASS
ss_27c_2.97v,ok,0.000886081,0.018629,77.8073,2.2787,0.691303,1.79939,PASS,PASS
ss_27c_3.30v,ok,0.00104951,0.0125253,75.1137,2.36777,0.932234,1.79936,PASS,PASS
ss_27c_3.63v,ok,0.00121583,0.00827222,67.6713,2.45215,1.17785,1.79928,PASS,PASS
tt_-40c_2.97v,ok,0.000885996,0.0174708,77.8425,2.25312,0.71688,1.79947,PASS,PASS
tt_-40c_3.30v,ok,0.00104889,0.00891241,75.7331,2.33774,0.962264,1.79944,PASS,PASS
tt_-40c_3.63v,ok,0.00121506,0.00663462,68.9539,2.41779,1.21221,1.79937,PASS,PASS
tt_125c_2.97v,ok,0.0040362,0.00941308,77.4262,2.08262,0.887382,1.7992,PASS,PASS
tt_125c_3.30v,ok,0.0263163,0.165524,70.8106,2.16543,1.13457,1.79915,PASS,PASS
tt_125c_3.63v,ok,0.236297,1.62004,58.7663,2.24416,1.38584,1.79895,PASS,PASS
tt_27c_2.97v,ok,0.000886074,0.0132731,77.7925,2.18417,0.785828,1.79938,PASS,PASS
tt_27c_3.30v,ok,0.00105241,0.0085652,74.4703,2.26799,1.03201,1.79935,PASS,PASS
tt_27c_3.63v,ok,0.00127297,0.0072583,66.6529,2.34746,1.28254,1.79925,PASS,PASS
